timestamp,elapsed_min,n_eval,id,cost,vel_scene1_f10,vel_scene1_f30,vel_scene1_f50,vel_scene2_f10,vel_scene2_f30,vel_scene2_f50,vel_scene4_f10,vel_scene4_f30,vel_scene4_f50,vel_scene_wheel_f10,vel_scene_wheel_f30,lateral_scene1_f10,lateral_scene1_f30,lateral_scene1_f50,lateral_scene2_f10,lateral_scene2_f30,lateral_scene2_f50,lateral_scene4_f10,lateral_scene4_f30,lateral_scene4_f50,lateral_scene_wheel_f10,lateral_scene_wheel_f30,tumble_scene1_f10,tumble_scene1_f30,tumble_scene1_f50,tumble_scene2_f10,tumble_scene2_f30,tumble_scene2_f50,tumble_scene4_f10,tumble_scene4_f30,tumble_scene4_f50,tumble_scene_wheel_f10,tumble_scene_wheel_f30,pitch_rms_scene1_f10,pitch_rms_scene1_f30,pitch_rms_scene1_f50,pitch_rms_scene2_f10,pitch_rms_scene2_f30,pitch_rms_scene2_f50,pitch_rms_scene4_f10,pitch_rms_scene4_f30,pitch_rms_scene4_f50,pitch_rms_scene_wheel_f10,pitch_rms_scene_wheel_f30,sliding_friction,torsional_friction,rolling_friction,solref_timeconst,solref_dampratio,solimp_dmin,solimp_dmax,solimp_width,solimp_midpoint,solimp_power,magnetic_moment_fudge,magnetic_field_fudge,dof_damping
2026-02-15T15:49:20,0.6,8,25849683,12.069484,-0.0190,0.0785,0.0859,0.0756,0.2116,0.3917,0.0930,0.2746,0.5204,0.1532,0.4385,0.003096,0.016218,0.058602,0.000764,0.002183,0.030144,0.016748,0.012787,0.075677,0.022914,0.101451,0.000000,0.000000,0.000000,0.000000,0.000000,0.000000,0.000000,0.000000,0.000000,0.000000,0.000000,4.24,4.77,4.16,3.40,2.25,3.52,1.35,1.81,1.79,0.13,0.17,0.0007543292,0.00030375446,0.0006781292,0.0049676062,1.1442757,0.83827408,0.95686212,0.0027523678,0.43979299,3.5202592,0.5725591,0.83667827,2.3898814e-10
2026-02-15T15:49:57,1.2,16,82cdc4df,5.433476,0.0725,0.0954,0.0879,0.1085,0.2180,0.3868,0.0924,0.2898,0.6090,0.1747,0.4734,0.000893,0.007914,0.040156,0.001219,0.005650,0.020555,0.007863,0.014358,0.012130,0.007259,0.023537,0.000000,0.000000,0.000000,0.000000,0.000000,0.000000,0.000000,0.000000,0.000000,0.000000,0.000000,2.19,9.29,5.72,2.77,4.05,3.66,1.22,1.93,1.12,0.12,0.17,0.0021707675,0.00028955843,0.001941032,0.0044068624,0.93739319,0.8229923,0.95922889,0.0026290675,0.5503141,3.679392,0.65454893,0.74712763,6.5979046e-10
2026-02-15T15:50:34,1.8,24,d4251631,4.573632,0.0440,0.0547,0.0405,0.1129,0.1779,0.1822,0.0868,0.2312,0.3617,0.1705,0.4716,0.003078,0.000724,0.011544,0.004210,0.033279,0.123039,0.011833,0.039693,0.097144,0.005344,0.004773,0.000000,0.000000,0.000000,0.000000,0.000000,0.000000,0.000000,0.000000,0.000000,0.000000,0.000000,2.29,7.48,7.61,2.61,5.07,4.96,1.10,1.92,2.19,0.09,0.13,0.0031400141,0.00039889469,0.0014369847,0.0038051654,0.6717598,0.80426986,0.95797119,0.0036364841,0.56717552,3.5629078,0.91643667,0.5556777,6.3989461e-10
2026-02-15T15:51:10,2.5,32,de8e71ae,3.786992,0.0580,0.0787,0.0541,0.1063,0.2116,0.3106,0.0972,0.2522,0.5208,0.1638,0.4095,0.002952,0.020382,0.023104,0.003464,0.012539,0.068819,0.024511,0.113142,0.079241,0.014047,0.063881,0.000000,0.000000,0.000000,0.000000,0.000000,0.000000,0.000000,0.000000,0.000000,0.000000,0.000000,1.93,5.58,4.04,2.93,3.76,3.43,1.58,1.97,1.56,0.40,0.47,0.0030421522,0.0010427037,0.0042598285,0.0066982666,1.0027169,0.82042057,0.95705638,0.0044925343,0.55187358,3.7451448,0.82900987,0.55421455,5.5114347e-10
2026-02-15T15:56:38,7.9,104,542099d9,2.756784,0.0659,0.0839,0.0630,0.1143,0.1474,0.1929,0.1297,0.2509,0.4072,0.1463,0.4773,0.001376,0.003827,0.019339,0.000409,0.001669,0.006365,0.002690,0.020473,0.068548,0.000390,0.003779,0.000000,0.000000,0.000000,0.000000,0.000000,0.000000,0.000000,0.000000,0.000000,0.000000,0.000000,1.38,7.38,7.41,1.62,2.92,5.83,0.68,1.82,2.88,0.02,0.09,0.0010979937,0.00084796226,0.0048023719,0.0013736101,0.88427176,0.81719165,0.95415641,0.0094907109,0.65442201,3.7667321,0.78715197,0.80856232,7.3100546e-10
2026-02-15T15:57:16,8.5,112,caa85b5d,2.366121,0.0648,0.1071,0.0737,0.1138,0.1341,0.1759,0.1171,0.2548,0.3901,0.1610,0.4661,0.000779,0.001584,0.014757,0.002091,0.005577,0.010920,0.006544,0.027754,0.045336,0.006289,0.002721,0.000000,0.000000,0.000000,0.000000,0.000000,0.000000,0.000000,0.000000,0.000000,0.000000,0.000000,1.56,5.33,5.10,1.98,3.57,4.76,0.48,1.41,2.63,0.02,0.11,0.0013287394,0.0017698908,0.0030272562,0.0010200926,1.0897119,0.87395335,0.95226607,0.0065613221,0.73547121,4.2294823,0.66540672,0.75034793,6.0978731e-10
2026-02-15T15:57:53,9.2,120,85fdcfc2,1.574588,0.0690,0.1092,0.0926,0.1019,0.1440,0.1950,0.1090,0.2669,0.4277,0.1630,0.4682,0.000819,0.002226,0.025296,0.000288,0.003232,0.015043,0.010762,0.047393,0.038742,0.004415,0.014097,0.000000,0.000000,0.000000,0.000000,0.000000,0.000000,0.000000,0.000000,0.000000,0.000000,0.000000,1.94,5.53,4.65,1.95,2.31,3.20,0.31,1.33,2.48,0.02,0.14,0.0017656357,0.0016247943,0.0042704074,0.0010594122,1.2560213,0.82903701,0.95254139,0.0099547153,0.75379257,4.0660857,0.50065029,0.91437059,7.6764654e-10
2026-02-15T16:02:10,13.4,176,eedc3a49,1.265769,0.0543,0.1182,0.1044,0.1173,0.1650,0.2180,0.1293,0.2836,0.3788,0.1620,0.4716,0.002607,0.006255,0.012017,0.003527,0.002467,0.024340,0.002617,0.004530,0.021241,0.000178,0.005621,0.000000,0.000000,0.046768,0.000000,0.000000,0.000000,0.000000,0.000000,0.000000,0.000000,0.000000,2.73,8.57,11.06,2.31,3.42,6.75,0.82,2.37,3.35,0.02,0.11,0.0014589129,0.0020447163,0.0021781897,0.0010337553,1.2484848,0.84096721,0.95140155,0.0099999053,0.85482651,4.2750142,0.72804881,1.1109827,7.4966361e-10
2026-02-15T16:04:14,15.5,200,40763740,1.245293,0.0554,0.1029,0.0982,0.1098,0.1346,0.1940,0.1052,0.2628,0.3852,0.1631,0.4642,0.002545,0.003020,0.022578,0.002606,0.002681,0.030984,0.001762,0.001190,0.074284,0.003108,0.007311,0.000000,0.000000,0.000000,0.000000,0.000000,0.000000,0.000000,0.000000,0.000000,0.000000,0.000000,1.65,5.75,5.75,2.14,1.79,4.57,0.73,1.39,2.77,0.02,0.13,0.0018869246,0.0027998746,0.0014798469,0.0010357977,1.2764414,0.85124235,0.95513897,0.0037135274,0.89740571,4.4820013,0.50012693,1.1117167,4.1203506e-10
2026-02-15T16:04:49,16.1,208,05b87991,1.240755,0.0601,0.1063,0.1003,0.1099,0.1343,0.1991,0.1051,0.2605,0.3935,0.1632,0.4635,0.001210,0.002089,0.024310,0.001338,0.001613,0.018805,0.002476,0.021781,0.022577,0.003319,0.019648,0.000000,0.000000,0.000000,0.000000,0.000000,0.000000,0.000000,0.000000,0.000000,0.000000,0.000000,1.40,5.37,5.99,2.51,1.68,5.07,0.71,1.20,2.71,0.02,0.13,0.0027403161,0.0017303941,0.0035693111,0.0010719804,1.1394016,0.80629532,0.95421806,0.0057553175,0.86469412,4.6369652,0.50712094,1.0733096,4.6043948e-10
2026-02-15T16:09:00,20.3,264,bb7a2bed,1.183708,0.0564,0.1069,0.1020,0.1156,0.1572,0.2336,0.1287,0.2832,0.4016,0.1620,0.4720,0.000307,0.002037,0.011879,0.000975,0.001381,0.012839,0.002464,0.025151,0.014507,0.001014,0.012248,0.000000,0.000000,0.000000,0.000000,0.000000,0.000000,0.000000,0.000000,0.000000,0.000000,0.000000,2.27,7.88,9.45,2.53,3.36,6.41,0.76,2.20,3.54,0.02,0.11,0.0043783432,0.0011051331,0.0013539226,0.0010390483,1.1158266,0.80399191,0.95655973,0.0030813471,0.89757029,4.7361112,0.70631243,1.1553988,7.7010864e-10
2026-02-15T16:10:48,22.1,288,87dd2703,1.166640,0.0535,0.1222,0.1100,0.1183,0.1740,0.2501,0.1270,0.2804,0.4168,0.1585,0.4740,0.000500,0.003777,0.009501,0.002408,0.003638,0.016153,0.000446,0.012573,0.020909,0.002229,0.010630,0.000000,0.000000,0.000000,0.000000,0.000000,0.000000,0.000000,0.000000,0.000000,0.000000,0.000000,2.74,8.50,9.37,2.61,3.77,7.99,0.85,2.36,3.52,0.02,0.11,0.0040634593,0.0011870724,0.0012032787,0.0011780412,1.1929551,0.80337098,0.95440637,0.0029233123,0.89935127,4.5324996,0.7357696,1.11004,7.7962936e-10
2026-02-15T16:11:59,23.3,304,337cd057,1.082778,0.0489,0.1036,0.1099,0.1158,0.1615,0.2331,0.1276,0.2633,0.4052,0.1618,0.4717,0.001111,0.005536,0.004220,0.000620,0.002647,0.011210,0.001560,0.012481,0.018188,0.001787,0.013900,0.000000,0.000000,0.000000,0.000000,0.000000,0.000000,0.000000,0.000000,0.000000,0.000000,0.000000,3.00,9.03,9.28,1.77,3.35,6.17,0.74,2.15,3.27,0.02,0.11,0.005473201,0.0017508521,0.0011193146,0.0010282891,1.2035787,0.80061212,0.95164028,0.0032863785,0.89996923,4.6665016,0.65721788,1.1959477,6.6833354e-10
2026-02-15T16:19:42,31.0,408,655a8ad7,1.059371,0.0479,0.1075,0.1076,0.1151,0.1586,0.2383,0.1303,0.2734,0.3962,0.1607,0.4730,0.000515,0.004591,0.011155,0.001198,0.003340,0.001440,0.002533,0.016144,0.027914,0.002296,0.005205,0.000000,0.000000,0.000000,0.000000,0.000000,0.000000,0.000000,0.000000,0.000000,0.000000,0.000000,2.91,8.26,9.92,1.78,3.63,6.45,0.71,2.18,2.96,0.02,0.11,0.005563434,0.001415375,0.0012454343,0.0010149898,1.1437703,0.80080408,0.9526688,0.0042900181,0.89215093,4.5741991,0.68932031,1.1118257,6.5441365e-10
2026-02-15T16:29:17,40.6,536,cc9d7b39,1.000640,0.0558,0.1142,0.1160,0.1169,0.1656,0.2464,0.1271,0.2847,0.3968,0.1588,0.4723,0.000772,0.000755,0.010618,0.001077,0.003947,0.005257,0.002307,0.003322,0.010478,0.001492,0.008765,0.000000,0.000000,0.000000,0.000000,0.000000,0.000000,0.000000,0.000000,0.000000,0.000000,0.000000,2.80,7.88,9.13,2.14,3.82,5.66,0.79,2.28,2.94,0.02,0.11,0.0043544079,0.0013923192,0.001332398,0.0011000807,1.2040627,0.80225629,0.95396696,0.0046315487,0.87308471,4.5161135,0.72856918,1.0607782,7.0399159e-10
2026-02-15T16:49:41,61.0,808,406a8f28,0.996214,0.0544,0.1162,0.1215,0.1169,0.1570,0.2293,0.1285,0.2717,0.3855,0.1621,0.4702,0.000572,0.004498,0.003842,0.000352,0.002684,0.008976,0.001193,0.021775,0.028136,0.002246,0.002422,0.000000,0.000000,0.000000,0.000000,0.000000,0.000000,0.000000,0.000000,0.000000,0.000000,0.000000,2.60,8.74,7.68,1.73,3.72,6.06,0.72,2.21,2.89,0.02,0.12,0.0052740679,0.0011880486,0.001133692,0.0010005497,1.2842602,0.82078483,0.95307168,0.0063440304,0.81233341,4.4739722,0.65622901,1.1483229,6.5377341e-10
2026-02-15T16:55:03,66.3,880,68db1568,0.980180,0.0556,0.1113,0.1151,0.1154,0.1592,0.2306,0.1283,0.2679,0.3850,0.1627,0.4686,0.000358,0.003169,0.005566,0.002524,0.001009,0.002432,0.000381,0.012167,0.013936,0.000453,0.007809,0.000000,0.000000,0.000000,0.000000,0.000000,0.000000,0.000000,0.000000,0.000000,0.000000,0.000000,2.37,8.14,7.89,1.86,3.48,6.94,0.68,2.24,3.12,0.02,0.12,0.0055323961,0.0012482495,0.00086987829,0.0010007722,1.3066578,0.83858814,0.95285798,0.0053435731,0.83981987,4.606382,0.64766198,1.2090245,6.6759897e-10
2026-02-15T17:09:42,81.0,1072,7491b604,0.974702,0.0515,0.1164,0.1217,0.1168,0.1659,0.2509,0.1284,0.2728,0.3983,0.1623,0.4690,0.001039,0.002422,0.008700,0.001082,0.004753,0.014244,0.002412,0.013600,0.021668,0.001715,0.004489,0.000000,0.000000,0.000000,0.000000,0.000000,0.000000,0.000000,0.000000,0.000000,0.000000,0.000000,3.09,8.57,8.60,1.84,3.69,6.82,0.78,2.22,2.83,0.02,0.13,0.0056891294,0.0014529646,0.00087881169,0.0010135469,1.3924016,0.83822653,0.95362814,0.0054707446,0.85228779,4.6033579,0.63669548,1.237259,6.723422e-10
2026-02-15T17:11:31,82.8,1096,225d590c,0.949085,0.0535,0.1150,0.1242,0.1162,0.1643,0.2421,0.1289,0.2699,0.4020,0.1618,0.4677,0.002405,0.001050,0.008184,0.001076,0.004799,0.011124,0.002312,0.020415,0.032218,0.001058,0.012601,0.000000,0.000000,0.000000,0.000000,0.000000,0.000000,0.000000,0.000000,0.000000,0.000000,0.000000,2.88,9.11,8.50,1.80,3.71,5.67,0.71,2.04,2.97,0.02,0.13,0.0056832612,0.0014699838,0.00091229281,0.0010082176,1.3961023,0.83778682,0.95303165,0.0054812371,0.84319462,4.5821358,0.64161814,1.2234664,6.6320777e-10
2026-02-15T17:12:47,84.1,1112,8a03173d,0.941114,0.0522,0.1156,0.1239,0.1166,0.1630,0.2407,0.1257,0.2652,0.3802,0.1626,0.4695,0.000641,0.001018,0.008439,0.000284,0.001018,0.013133,0.000970,0.021745,0.015858,0.002648,0.008361,0.000000,0.000000,0.000000,0.000000,0.000000,0.000000,0.000000,0.000000,0.000000,0.000000,0.000000,3.05,8.60,7.98,1.90,3.61,6.40,0.78,2.17,3.60,0.02,0.12,0.0057445179,0.0015312527,0.00086766835,0.0010061231,1.3938171,0.84222872,0.95340786,0.0054692591,0.84388944,4.6007001,0.63346397,1.2283801,6.4743826e-10
