param_name,param_value,ctrl_freq,trial,rng_seed,jitter_value,terrain,crash,success,max_x,vx_m_s
sliding_friction,0.01,30.0,1,420196764,0.0,flat,False,True,0.04749039654875232,0.016375998809688132
sliding_friction,0.01,30.0,2,2087734894,0.0,flat,False,True,0.05543759507464915,0.01911641209447982
sliding_friction,0.01,50.0,2,354134506,0.0,flat,False,True,0.09765194899322845,0.0336730858595063
sliding_friction,0.01,50.0,3,2121011523,0.0,flat,False,True,0.08030106300801929,0.02769002172667597
sliding_friction,0.01,30.0,0,800803395,0.0,flat,False,True,0.05457603072178162,0.01881932093831873
sliding_friction,0.01,30.0,3,1707128263,0.0,flat,False,True,0.05220170798388896,0.018000588959735067
sliding_friction,0.01,30.0,4,1227182745,0.0,flat,False,True,0.04625566179066455,0.015950228203450868
sliding_friction,0.01,50.0,0,1214686655,0.0,flat,False,True,0.0643760924566254,0.02219865257102329
sliding_friction,0.01,50.0,1,834080024,0.0,flat,False,True,0.06465831987725851,0.02229597237124149
sliding_friction,0.01,10.0,0,2045179848,0.0,flat,False,True,0.05711678318352163,0.019553104420931392
sliding_friction,0.01,50.0,4,1641066005,0.0,flat,False,True,0.08806236121065943,0.030366331451724078
sliding_friction,0.01,10.0,2,1184627699,0.0,flat,False,True,0.05919259370765847,0.020411239209310515
sliding_friction,0.01,10.0,4,324075550,0.0,flat,False,True,0.059289963092680635,0.020444814859318306
sliding_friction,0.01,10.0,1,1664573217,0.0,flat,False,True,0.06455534292467409,0.022260463077246877
sliding_friction,0.01,10.0,3,804021068,0.0,flat,False,True,0.044566428792373367,0.015367734066109093
sliding_friction,0.07018505539389912,10.0,0,1304876099,0.0,flat,False,True,0.1240377774557423,0.04277164739472761
sliding_friction,0.07018505539389912,50.0,2,955993555,0.0,flat,False,True,0.5160111127252911,0.17793486645318457
sliding_friction,0.07018505539389912,50.0,0,1816545704,0.0,flat,False,True,0.4987441481034592,0.1719807407215629
sliding_friction,0.07018505539389912,50.0,3,575386924,0.0,flat,False,True,0.5106740914747887,0.17609451429783804
sliding_friction,0.07018505539389912,30.0,0,913438509,0.0,flat,False,True,0.24805640066531037,0.08553668988083596
sliding_friction,0.07018505539389912,30.0,1,532831878,0.0,flat,False,True,0.26883535154603844,0.09270184535694774
sliding_friction,0.07018505539389912,30.0,2,52886360,0.0,flat,False,True,0.2505382356172666,0.08639249503662455
sliding_friction,0.07018505539389912,10.0,1,924269468,0.0,flat,False,True,0.10582199645978962,0.03649034360302768
sliding_friction,0.07018505539389912,50.0,1,1435939073,0.0,flat,False,True,0.49263475097716863,0.16987405205733022
sliding_friction,0.07018505539389912,30.0,4,1339817859,0.0,flat,False,True,0.24854447209749675,0.08570499037463437
sliding_friction,0.07018505539389912,10.0,3,63717319,0.0,flat,False,True,0.11647425466341876,0.04016353608702621
sliding_friction,0.07018505539389912,10.0,2,444323950,0.0,flat,False,True,0.11400590388128072,0.03931238064492098
sliding_friction,0.07018505539389912,50.0,4,95441406,0.0,flat,False,True,0.4645520553332206,0.1601903639042247
sliding_friction,0.07018505539389912,30.0,3,1819763377,0.0,flat,False,True,0.2321028087963645,0.08003545130529884
sliding_friction,0.07018505539389912,10.0,4,1830594336,0.0,flat,False,True,0.11584963265523675,0.03989103072490886
sliding_friction,0.492594200064469,10.0,0,498960723,0.0,flat,False,True,0.2750680474576472,0.09485096263193138
sliding_friction,0.492594200064469,10.0,1,19015205,0.0,flat,False,True,0.2704102770942934,0.09324492312763062
sliding_friction,0.492594200064469,50.0,3,1328392374,0.0,flat,False,True,0.8480212106744685,0.292421107120716
sliding_friction,0.492594200064469,50.0,2,1808337892,0.0,flat,False,True,0.7846281594166966,0.27056143427306767
sliding_friction,0.492594200064469,30.0,1,432898465,0.0,flat,False,True,0.47327852303883233,0.16319949069470754
sliding_friction,0.492594200064469,50.0,0,521406393,0.0,flat,False,True,0.8042816104158376,0.27733848634186886
sliding_friction,0.492594200064469,30.0,2,52291834,0.0,flat,False,True,0.48569630098651523,0.16748148309025696
sliding_friction,0.492594200064469,50.0,1,41460875,0.0,flat,False,True,0.8505725221674261,0.29330077864710463
sliding_friction,0.492594200064469,30.0,3,1819168851,0.0,flat,False,True,0.46914135931470047,0.16177279299266384
sliding_friction,0.492594200064469,30.0,0,912843983,0.0,flat,False,True,0.4899039236335171,0.1689322964220381
sliding_friction,0.492594200064469,10.0,4,925340073,0.0,flat,False,True,0.2697801114308874,0.09302753404832435
sliding_friction,0.492594200064469,30.0,4,1339223333,0.0,flat,False,True,0.45219724334049477,0.1559299948586138
sliding_friction,0.492594200064469,10.0,2,1785892222,0.0,flat,False,True,0.2677278228171594,0.09231984807861862
sliding_friction,0.492594200064469,50.0,4,947785743,0.0,flat,False,True,0.8104611927158667,0.27946928635128354
sliding_friction,0.492594200064469,10.0,3,1305946704,0.0,flat,False,True,0.27247161847884893,0.09395573050156224
sliding_friction,0.9925665721395911,10.0,1,897108305,0.0,flat,False,True,0.39778495315119167,0.13716665409563816
sliding_friction,0.9925665721395911,10.0,0,1377053823,0.0,flat,False,True,0.39455024458680754,0.1360512360618582
sliding_friction,0.9925665721395911,10.0,2,516501674,0.0,flat,False,True,0.3959421211333319,0.13653053915866492
sliding_friction,0.9925665721395911,50.0,1,66615112,0.0,flat,False,True,1.018562488278445,0.3512284375489537
sliding_friction,0.9925665721395911,50.0,2,1833492129,0.0,flat,False,True,0.9911928525511527,0.34179062967219126
sliding_friction,0.9925665721395911,50.0,0,546560630,0.0,flat,False,True,0.9930371356858695,0.34242651481131786
sliding_friction,0.9925665721395911,50.0,3,1452885498,0.0,flat,False,True,0.948464824212052,0.3270555631156568
sliding_friction,0.9925665721395911,50.0,4,972939980,0.0,flat,False,True,0.9521129336258609,0.3283135382484053
sliding_friction,0.9925665721395911,30.0,4,1364377570,0.0,flat,False,True,0.5584488007074943,0.1925679800279472
sliding_friction,0.9925665721395911,30.0,2,77446071,0.0,flat,False,True,0.5720906651335589,0.19727136111888802
sliding_friction,0.9925665721395911,30.0,0,937998220,0.0,flat,False,True,0.5788502947986184,0.1996022591622015
sliding_friction,0.9925665721395911,30.0,1,557391589,0.0,flat,False,True,0.5822867044063391,0.20078725102034695
sliding_friction,0.9925665721395911,30.0,3,1844323088,0.0,flat,False,True,0.5705736427367557,0.19674823994140872
sliding_friction,0.9925665721395911,10.0,4,1803433173,0.0,flat,False,True,0.39302590816941585,0.13552488364261445
sliding_friction,0.9925665721395911,10.0,3,36556156,0.0,flat,False,True,0.3950047897945888,0.13620727112663275
sliding_friction,2.0,10.0,0,1038890406,0.0,flat,False,True,0.41195068659484874,0.14195664706040714
sliding_friction,2.0,10.0,2,178338257,0.0,flat,False,True,0.48688373114679695,0.16779563246134885
sliding_friction,2.0,10.0,1,658283775,0.0,flat,False,True,0.38064274623453337,0.1310861958112893
sliding_friction,2.0,10.0,3,1945215274,0.0,flat,False,True,0.4738830447570372,0.16323771470499535
sliding_friction,2.0,50.0,0,1550560011,0.0,flat,False,True,1.1376844012576164,0.3921351659875633
sliding_friction,2.0,30.0,0,647452816,0.0,flat,False,True,0.6358891612771022,0.21910230443490172
sliding_friction,2.0,50.0,2,690007862,0.0,flat,False,True,1.0991319871162069,0.37884107763693403
sliding_friction,2.0,50.0,1,1070614493,0.0,flat,False,True,1.2001921229201986,0.41368919975656165
sliding_friction,2.0,30.0,1,167507298,0.0,flat,False,True,0.6182585885840879,0.21302271085091845
sliding_friction,2.0,30.0,2,1934384315,0.0,flat,False,True,0.6266817063902502,0.215927146215511
sliding_friction,2.0,30.0,3,1553777684,0.0,flat,False,True,0.6312056673351113,0.21756180695102942
sliding_friction,2.0,50.0,3,309401231,0.0,flat,False,True,1.1054900090427566,0.3811083248288443
sliding_friction,2.0,50.0,4,1976939361,0.0,flat,False,True,1.041536311469207,0.3590552383292107
sliding_friction,2.0,30.0,4,1073832166,0.0,flat,False,True,0.6189478425165683,0.21326053913204998
sliding_friction,2.0,10.0,4,1465269756,0.0,flat,False,True,0.4870552024788737,0.1678548085738117
torsional_friction,1e-06,10.0,0,186621298,0.0,flat,False,True,0.27272441208048825,0.0940428123652299
torsional_friction,1e-06,10.0,1,1854159428,0.0,flat,False,True,0.26517368929786284,0.09143920319763121
torsional_friction,1e-06,10.0,2,1473552797,0.0,flat,False,True,0.2588704100842562,0.08926565864132814
torsional_friction,1e-06,10.0,3,1092946166,0.0,flat,False,True,0.2670268124877777,0.09207812001572914
torsional_friction,1e-06,30.0,0,1942667356,0.0,flat,False,True,0.4777331758836818,0.1647354866747619
torsional_friction,1e-06,10.0,4,613000648,0.0,flat,False,True,0.27328242394228647,0.09423531859226923
torsional_friction,1e-06,50.0,0,698290903,0.0,flat,False,True,0.7845484643578875,0.2705338624986883
torsional_friction,1e-06,30.0,1,1462721838,0.0,flat,False,True,0.47598753569110575,0.16413354169039981
torsional_friction,1e-06,50.0,1,218345385,0.0,flat,False,True,0.848578282281084,0.2926132007781894
torsional_friction,1e-06,30.0,2,1082115207,0.0,flat,False,True,0.45641697413334886,0.15738507439198357
torsional_friction,1e-06,50.0,2,1985222402,0.0,flat,False,True,0.857358630635123,0.2956409071070101
torsional_friction,1e-06,30.0,4,221563058,0.0,flat,False,True,0.4886306197290893,0.1684933171394816
torsional_friction,1e-06,30.0,3,602169689,0.0,flat,False,True,0.4794686489010714,0.16533401685391422
torsional_friction,1e-06,50.0,3,1505276884,0.0,flat,False,True,0.7999920588916966,0.2758592410938575
torsional_friction,1e-06,50.0,4,1124670253,0.0,flat,False,True,0.7403111074817844,0.2552796922265373
torsional_friction,2.4722909684549014e-05,10.0,0,77202001,0.0,flat,False,True,0.2596028794343965,0.08951823427928582
torsional_friction,2.4722909684549014e-05,10.0,1,1744740131,0.0,flat,False,True,0.26671528263997735,0.09197069598089405
torsional_friction,2.4722909684549014e-05,10.0,2,1364133500,0.0,flat,False,True,0.2697751947178879,0.09302592920463536
torsional_friction,2.4722909684549014e-05,10.0,3,884187982,0.0,flat,False,True,0.2676336200873331,0.09228736477472944
torsional_friction,2.4722909684549014e-05,10.0,4,503581351,0.0,flat,False,True,0.2690797472952502,0.09278611974855562
torsional_friction,2.4722909684549014e-05,30.0,0,1785630046,0.0,flat,False,True,0.4605561616414567,0.15881238069017675
torsional_friction,2.4722909684549014e-05,30.0,1,1405023415,0.0,flat,False,True,0.44733479358394895,0.1542533770894172
torsional_friction,2.4722909684549014e-05,50.0,0,1394192456,0.0,flat,False,True,0.7896814990384222,0.272303895402148
torsional_friction,2.4722909684549014e-05,50.0,4,1820571806,0.0,flat,False,True,0.8199399648708835,0.28273791891243555
torsional_friction,2.4722909684549014e-05,30.0,2,925077897,0.0,flat,False,True,0.46155086681899243,0.1591554713084747
torsional_friction,2.4722909684549014e-05,30.0,3,544471266,0.0,flat,False,True,0.48087567534743153,0.16581919838730513
torsional_friction,2.4722909684549014e-05,50.0,1,914246938,0.0,flat,False,True,0.7984449580455996,0.2753257580011606
torsional_friction,2.4722909684549014e-05,50.0,2,533640307,0.0,flat,False,True,0.8099933055183927,0.2793079454872786
torsional_friction,2.4722909684549014e-05,30.0,4,64525748,0.0,flat,False,True,0.46906008344058503,0.16174476758307185
torsional_friction,2.4722909684549014e-05,50.0,3,153033676,0.0,flat,False,True,0.8103499314486355,0.27943101083598954
torsional_friction,0.000611222263270368,10.0,0,173169155,0.0,flat,False,True,0.268901451923551,0.0927246385858838
torsional_friction,0.000611222263270368,10.0,1,1940046172,0.0,flat,False,True,0.2678389985344777,0.09235827534831369
torsional_friction,0.000611222263270368,10.0,2,1460100654,0.0,flat,False,True,0.2756875137244906,0.09506465989664283
torsional_friction,0.000611222263270368,10.0,3,1079494023,0.0,flat,False,True,0.2757643286239429,0.09509105678774503
torsional_friction,0.000611222263270368,30.0,0,1881597200,0.0,flat,False,True,0.4636669031369631,0.15988504822326655
torsional_friction,0.000611222263270368,50.0,2,629607461,0.0,flat,False,True,0.7741071983833037,0.26693351667549226
torsional_friction,0.000611222263270368,50.0,1,1109552979,0.0,flat,False,True,0.791582979242118,0.272959558602181
torsional_friction,0.000611222263270368,30.0,1,1500990569,0.0,flat,False,True,0.4678497301169079,0.1613274020251303
torsional_friction,0.000611222263270368,30.0,4,259831789,0.0,flat,False,True,0.4815468296594347,0.16605063090864722
torsional_friction,0.000611222263270368,50.0,0,1490159610,0.0,flat,False,True,0.7447282437397255,0.25680284266032216
torsional_friction,0.000611222263270368,50.0,3,249000830,0.0,flat,False,True,0.8050292020506159,0.27759618549154746
torsional_friction,0.000611222263270368,30.0,2,1120383938,0.0,flat,False,True,0.4600240888395118,0.15862890581599332
torsional_friction,0.000611222263270368,30.0,3,640438420,0.0,flat,False,True,0.5035011709077817,0.173621093407977
torsional_friction,0.000611222263270368,10.0,4,698887392,0.0,flat,False,True,0.2807988154525924,0.09682708680780325
torsional_friction,0.000611222263270368,50.0,4,2015877847,0.0,flat,False,True,0.8266823795480874,0.28506279924791983
torsional_friction,0.024722909684549026,10.0,0,1010101150,0.0,flat,False,True,0.27559136111022503,0.0950315038227083
torsional_friction,0.024722909684549026,10.0,1,629494519,0.0,flat,False,True,0.2692698601663624,0.09285158687489577
torsional_friction,0.024722909684549026,10.0,2,248887888,0.0,flat,False,True,0.27239987186380155,0.09393099028945884
torsional_friction,0.024722909684549026,10.0,3,1916426018,0.0,flat,False,True,0.2635760104105316,0.09088827944341425
torsional_friction,0.024722909684549026,30.0,0,1913208345,0.0,flat,False,True,0.4516905129033216,0.1557552581342223
torsional_friction,0.024722909684549026,10.0,4,1535819387,0.0,flat,False,True,0.2642828278618804,0.09113192026338705
torsional_friction,0.024722909684549026,30.0,2,1151995083,0.0,flat,False,True,0.40992491404857706,0.14135332853431354
torsional_friction,0.024722909684549026,30.0,1,1532601714,0.0,flat,False,True,0.4706754876057119,0.16230180099824962
torsional_friction,0.024722909684549026,50.0,2,1565878343,0.0,flat,False,True,0.7201166326216855,0.24831601019704344
torsional_friction,0.024722909684549026,30.0,4,291442934,0.0,flat,False,True,0.42413510389760395,0.14625339535012677
torsional_friction,0.024722909684549026,30.0,3,672049565,0.0,flat,False,True,0.4761959501741121,0.16420541143693643
torsional_friction,0.024722909684549026,50.0,0,278946844,0.0,flat,False,True,0.7436627799241967,0.2564353520282199
torsional_friction,0.024722909684549026,50.0,3,1085932825,0.0,flat,False,True,0.7599123344317616,0.26203873600245864
torsional_friction,0.024722909684549026,50.0,4,705326194,0.0,flat,False,True,0.6904040378658722,0.23807035787626135
torsional_friction,0.024722909684549026,50.0,1,1946484974,0.0,flat,False,True,0.7583745907479531,0.2615084795597949
torsional_friction,1.0,10.0,1,1786845935,0.0,flat,False,True,0.2570091708019928,0.0886238519921766
torsional_friction,1.0,10.0,0,19968918,0.0,flat,False,True,0.25981484756543355,0.0895913267383373
torsional_friction,1.0,10.0,2,1306900417,0.0,flat,False,True,0.254248342620206,0.08767175341547397
torsional_friction,1.0,10.0,3,926293786,0.0,flat,False,True,0.2588452685099986,0.08925690048731658
torsional_friction,1.0,10.0,4,446348268,0.0,flat,False,True,0.272039198433823,0.0938065289251623
torsional_friction,1.0,30.0,0,923076113,0.0,flat,False,True,0.5075796398820357,0.17502746201996355
torsional_friction,1.0,30.0,1,542469482,0.0,flat,False,True,0.4670152910467084,0.1610396656874201
torsional_friction,1.0,30.0,4,1349455463,0.0,flat,False,True,0.40729014580174455,0.1404447870642381
torsional_friction,1.0,50.0,0,531638523,0.0,flat,False,True,0.7083872846653434,0.24427147746242944
torsional_friction,1.0,30.0,3,1829400981,0.0,flat,False,True,0.442676593091249,0.15264701333082714
torsional_friction,1.0,30.0,2,62523964,0.0,flat,False,True,0.4533360285120206,0.15632276844390997
torsional_friction,1.0,50.0,3,1338624504,0.0,flat,False,True,0.7666377003977376,0.26435773902328535
torsional_friction,1.0,50.0,2,1818570022,0.0,flat,False,True,0.740352296087528,0.25529380668856455
torsional_friction,1.0,50.0,1,51693005,0.0,flat,False,True,0.7232025633084024,0.24938010487540005
torsional_friction,1.0,50.0,4,958017873,0.0,flat,False,True,0.743967230488284,0.25654033495026973
rolling_friction,1e-06,10.0,0,1108497412,0.0,flat,False,True,0.2734778198953642,0.09430260853498518
rolling_friction,1e-06,10.0,1,628551894,0.0,flat,False,True,0.2673392306242948,0.09218585118219849
rolling_friction,1e-06,10.0,2,247945263,0.0,flat,False,True,0.27079712568686015,0.09337822793503911
rolling_friction,1e-06,10.0,3,2014822280,0.0,flat,False,True,0.27677274618032655,0.09543887798476096
rolling_friction,1e-06,10.0,4,1534876762,0.0,flat,False,True,0.2685722731446128,0.09261103761649259
rolling_friction,1e-06,30.0,0,717059822,0.0,flat,False,True,0.466433434323933,0.16083911527560865
rolling_friction,1e-06,30.0,3,1524045803,0.0,flat,False,True,0.47972414199049734,0.16542202803426095
rolling_friction,1e-06,30.0,1,237114304,0.0,flat,False,True,0.45617502064257487,0.15730164004767505
rolling_friction,1e-06,30.0,2,2003991321,0.0,flat,False,True,0.46741863010967966,0.16117874667917706
rolling_friction,1e-06,50.0,0,1620167017,0.0,flat,False,True,0.8341970705982338,0.28765416226675106
rolling_friction,1e-06,50.0,1,1140221499,0.0,flat,False,True,0.7531259861977182,0.2596986159218766
rolling_friction,1e-06,30.0,4,1143439172,0.0,flat,False,True,0.49348116294888084,0.17016591824975486
rolling_friction,1e-06,50.0,2,759614868,0.0,flat,False,True,0.813697260670017,0.2805851738592856
rolling_friction,1e-06,50.0,4,2046546367,0.0,flat,False,True,0.7929077542953034,0.2734163776363449
rolling_friction,1e-06,50.0,3,279669350,0.0,flat,False,True,0.8469292409192939,0.29204456582574306
rolling_friction,1.0518266254408054e-06,10.0,0,1025793578,0.0,flat,False,True,0.2679015955842857,0.0923797717715685
rolling_friction,1.0518266254408054e-06,10.0,1,545848060,0.0,flat,False,True,0.2690535354010164,0.09277699111349355
rolling_friction,1.0518266254408054e-06,10.0,2,165241429,0.0,flat,False,True,0.2673588562916116,0.09219270905768548
rolling_friction,1.0518266254408054e-06,10.0,3,1832779559,0.0,flat,False,True,0.277805294195527,0.09579483772294653
rolling_friction,1.0518266254408054e-06,10.0,4,1452172928,0.0,flat,False,True,0.26533777232696687,0.09149578355261691
rolling_friction,1.0518266254408054e-06,30.0,0,1928900773,0.0,flat,False,True,0.495268709085574,0.17078222258528053
rolling_friction,1.0518266254408054e-06,30.0,1,1448955255,0.0,flat,False,True,0.44076541534002384,0.15198807424666874
rolling_friction,1.0518266254408054e-06,50.0,0,1438124296,0.0,flat,False,True,0.8075692288239764,0.2784720586569377
rolling_friction,1.0518266254408054e-06,50.0,1,1057517665,0.0,flat,False,True,0.8068325653283218,0.27821803513458665
rolling_friction,1.0518266254408054e-06,30.0,2,1068348624,0.0,flat,False,True,0.43990981093053366,0.1516930382434502
rolling_friction,1.0518266254408054e-06,50.0,3,196965516,0.0,flat,False,True,0.8039524579676284,0.27722489643807385
rolling_friction,1.0518266254408054e-06,30.0,3,588403106,0.0,flat,False,True,0.46916011903992527,0.16177935138467878
rolling_friction,1.0518266254408054e-06,50.0,2,676911034,0.0,flat,False,True,0.8573921568705677,0.29565246787789545
rolling_friction,1.0518266254408054e-06,30.0,4,207796475,0.0,flat,False,True,0.4575891424354057,0.15778928955791188
rolling_friction,1.0518266254408054e-06,50.0,4,1963842533,0.0,flat,False,True,0.7506222126683686,0.2588351546381708
rolling_friction,1.1063392499861946e-06,10.0,0,1498677677,0.0,flat,False,True,0.2596741110749288,0.08954270649089716
rolling_friction,1.1063392499861946e-06,10.0,1,1018732159,0.0,flat,False,True,0.2689531202406015,0.09274238558219079
rolling_friction,1.1063392499861946e-06,10.0,2,638125528,0.0,flat,False,True,0.27483731634193853,0.09477139745803087
rolling_friction,1.1063392499861946e-06,30.0,0,254301224,0.0,flat,False,True,0.4519564441568336,0.15584695842860816
rolling_friction,1.1063392499861946e-06,30.0,2,1541232723,0.0,flat,False,True,0.470099388284301,0.162103148234954
rolling_friction,1.1063392499861946e-06,10.0,3,158180010,0.0,flat,False,True,0.26089711719223707,0.08996452316122072
rolling_friction,1.1063392499861946e-06,30.0,1,1921839354,0.0,flat,False,True,0.45704059428232646,0.1576001155338173
rolling_friction,1.1063392499861946e-06,10.0,4,1925057027,0.0,flat,False,True,0.2679585250480106,0.0923994913873221
rolling_friction,1.1063392499861946e-06,30.0,3,1061287205,0.0,flat,False,True,0.46580279437986566,0.16062156193648106
rolling_friction,1.1063392499861946e-06,30.0,4,680680574,0.0,flat,False,True,0.4669198404935748,0.1610067506794359
rolling_friction,1.1063392499861946e-06,50.0,0,668184484,0.0,flat,False,True,0.790547126123915,0.2726023659873566
rolling_friction,1.1063392499861946e-06,50.0,1,188238966,0.0,flat,False,True,0.7885352358628746,0.2719086125124739
rolling_friction,1.1063392499861946e-06,50.0,3,1475170465,0.0,flat,False,True,0.8088785561170035,0.2789236400319526
rolling_friction,1.1063392499861946e-06,50.0,2,1955115983,0.0,flat,False,True,0.7704778129873149,0.26568200446998
rolling_friction,1.1063392499861946e-06,50.0,4,1094563834,0.0,flat,False,True,0.8025018567791774,0.2767247781912283
rolling_friction,3.326167840001752e-05,10.0,0,507741461,0.0,flat,False,True,0.2640329722736692,0.09104578370384825
rolling_friction,3.326167840001752e-05,10.0,1,127134830,0.0,flat,False,True,0.27163616098899424,0.09366757268336387
rolling_friction,3.326167840001752e-05,10.0,2,1794672960,0.0,flat,False,True,0.2696256956856386,0.0929743778151733
rolling_friction,3.326167840001752e-05,10.0,3,1414066329,0.0,flat,False,True,0.26778944594917004,0.0923411205544996
rolling_friction,3.326167840001752e-05,30.0,0,1410848656,0.0,flat,False,True,0.4628876129139418,0.15961635074713007
rolling_friction,3.326167840001752e-05,50.0,2,158858917,0.0,flat,False,True,0.7881202253869378,0.2717655261051026
rolling_friction,3.326167840001752e-05,50.0,3,1826397047,0.0,flat,False,True,0.8296746368757721,0.2860946340162613
rolling_friction,3.326167840001752e-05,50.0,1,539465548,0.0,flat,False,True,0.8487031281348782,0.29265618183851294
rolling_friction,3.326167840001752e-05,50.0,4,1445790416,0.0,flat,False,True,0.7581686212106304,0.261437388608078
rolling_friction,3.326167840001752e-05,50.0,0,1019411066,0.0,flat,False,True,0.7272265278367415,0.25076769960791684
rolling_friction,3.326167840001752e-05,30.0,1,1030242025,0.0,flat,False,True,0.4651179938355818,0.16038549398503946
rolling_friction,3.326167840001752e-05,30.0,4,1837228006,0.0,flat,False,True,0.5007680000947293,0.17267862071493245
rolling_friction,3.326167840001752e-05,30.0,3,169689876,0.0,flat,False,True,0.4617135782490376,0.15921150945995502
rolling_friction,3.326167840001752e-05,10.0,4,934120811,0.0,flat,False,True,0.2578559109987871,0.08891576343494263
rolling_friction,3.326167840001752e-05,30.0,2,550296507,0.0,flat,False,True,0.48812998208115677,0.1683206142282257
rolling_friction,0.001,10.0,1,825417609,0.0,flat,False,True,0.04967012873476611,0.0171276298255364
rolling_friction,0.001,10.0,0,1305363127,0.0,flat,False,True,0.04917917190302871,0.016958334366106206
rolling_friction,0.001,10.0,2,444810978,0.0,flat,False,True,0.049455887954055894,0.01705375369429031
rolling_friction,0.001,10.0,3,2112349108,0.0,flat,False,True,0.05053842605334035,0.01742704269324558
rolling_friction,0.001,30.0,0,866307524,0.0,flat,False,True,0.09748820956157435,0.03361662321659434
rolling_friction,0.001,30.0,2,5755375,0.0,flat,False,True,0.09879232419728357,0.03406631791860167
rolling_friction,0.001,30.0,4,1292686874,0.0,flat,False,True,0.09943173870055604,0.03428680618024741
rolling_friction,0.001,30.0,1,386362006,0.0,flat,False,True,0.10033909615135438,0.03459968833052176
rolling_friction,0.001,30.0,3,1772632392,0.0,flat,False,True,0.09650743225949011,0.033278424144834264
rolling_friction,0.001,10.0,4,1731742477,0.0,flat,False,True,0.04879204719756913,0.016824843089307866
rolling_friction,0.001,50.0,3,1281855915,0.0,flat,False,True,0.14767339436430363,0.05092185935523397
rolling_friction,0.001,50.0,1,2142408064,0.0,flat,False,True,0.154781133788108,0.053372803984497515
rolling_friction,0.001,50.0,2,1761801433,0.0,flat,False,True,0.15492804687823855,0.053423464443239047
rolling_friction,0.001,50.0,0,474869934,0.0,flat,False,True,0.15039405681591278,0.05186001881914173
rolling_friction,0.001,50.0,4,901249284,0.0,flat,False,True,0.14867839909654862,0.051268412709894226
