id,cost,elapsed_min,velocity_scene1,velocity_scene2,velocity_scene4,velocity_scene_wheel,cost_scene1,cost_scene2,cost_scene4,cost_scene_wheel,velocity_scene1_f10,velocity_scene1_f30,velocity_scene2_f10,velocity_scene2_f30,velocity_scene2_f50,velocity_scene4_f10,velocity_scene4_f30,cost_scene1_f10,cost_scene1_f30,cost_scene2_f10,cost_scene2_f30,cost_scene2_f50,cost_scene4_f10,cost_scene4_f30,lateral_scene1_f10,lateral_scene1_f30,lateral_scene2_f10,lateral_scene2_f30,lateral_scene2_f50,lateral_scene4_f10,lateral_scene4_f30,tumble_scene1_f10,tumble_scene1_f30,tumble_scene2_f10,tumble_scene2_f30,tumble_scene2_f50,tumble_scene4_f10,tumble_scene4_f30,yaw_scene1_f10,yaw_scene1_f30,yaw_scene2_f10,yaw_scene2_f30,yaw_scene2_f50,yaw_scene4_f10,yaw_scene4_f30,best_trial_scene1_f10,best_trial_scene1_f30,best_trial_scene2_f10,best_trial_scene2_f30,best_trial_scene2_f50,best_trial_scene4_f10,best_trial_scene4_f30,sliding_friction,torsional_friction,rolling_friction,solref_timeconst,solref_dampratio,solimp_dmin,solimp_delta_d,solimp_width,solimp_midpoint,solimp_power,magnetic_moment_fudge,magnetic_field_fudge,dof_damping,noslip_iterations,noslip_tolerance,margin,solimp_dmax
ccb6a85f,27.636298836873717,0.8,0.006176632812293597,0.013703421290979331,0.011532910689015116,0.0,8.52616102670189,11.08214279421328,8.023892624130813,0,0.006369525872068537,0.005983739752518655,0.014519360522035564,0.014834829565090734,0.011756073785811692,0.01055666621362179,0.012509155164408443,4.232226975091406,4.293934051610485,3.031362368669302,3.95157424102849,4.099206184515488,3.843529523075417,4.180363101055397,0.004439649315600165,0.006040362390111071,0.0008525655040122598,0.007111283992389195,0.005468657605240906,0.004643273343324179,0.008278558241183996,0.05697776481770955,0.0,0.0,0.018066127746384317,0.0,0.0,0.0,123.13481421586191,4.925680809963134,45.417039631092436,27.984130068393046,94.19896456826768,17.465290139720032,1.7007396224248468,2,2,0,0,0,0,0,0.10922400563707867,0.00034820208005574717,1.1908765525488424e-06,0.0025756278266397467,2.7172545026989288,0.44329497378016897,0.01672379991994426,1.338976414835725e-05,0.2725688743777399,5.319761515564224,0.7376760417696216,1.3355166621010959,3.4367129135368073e-10,0.3566654638863602,1.0106441604867881e-06,0.00019017408411480368,0.45260352487310473
d16533d1,19.40254368807123,0.8,0.02438154631407457,0.040125010577111146,0.010288198053021867,0.0,3.383977140270899,7.548891264682705,8.144410043687714,0,0.027983084985159504,0.020780007642989633,0.08269138120980592,0.02859216660641638,0.00909148391511113,0.011534246405658422,0.00904214970038531,0.6055890377387945,2.7783881025321047,0.3399544213029141,3.028005481276535,4.180931362103257,3.7440556764037294,4.400354367283984,0.0012505016626066317,0.006953002066301957,0.0031547227129807504,0.00923837140478822,0.0036223579393844037,0.0032086114978022526,0.009186101055868423,0.0,0.0,0.0,0.0,0.0,0.0,0.0,9.508927768315178,7.866915872692751,0.24663434656972327,1.581225756074674,23.493006062328572,0.45104096461862375,17.028476492808615,0,2,1,1,0,2,0,0.9079586985210921,0.00023771772979522173,4.073117843715369e-06,0.0017583872541047955,2.452912280183607,0.44679728085635345,0.38767867553684526,3.1626208919811073e-06,0.3468409690810082,4.659856797446569,0.9264319257427721,0.5923042959297288,7.610692273697358e-10,0.007161280317053575,1.192848070228941e-06,0.0001311478234313829,0.66122341044979
7dc4cc59,32.42156460025842,0.8,-0.0003883362776870834,0.004320574243909382,0.015341087265932286,0.0,11.432983414064665,13.618993330228697,7.354061865866545,0,-0.005124610123532548,0.004347937568158381,0.006609646477182445,0.0005738304043195261,0.0057782458502261755,0.015929353068290762,0.01475282146357381,6.9513835309013015,4.481599883163364,4.043209521714494,4.9556682892353106,4.620115519278893,3.3132567693172126,4.040805096549333,0.001502848261241379,0.0048182541111976025,0.005586581956638073,0.004325812484856016,0.012094968319497343,0.005094123581229715,0.004374983710308552,0.0,0.0,0.0,0.0,0.07423978335848683,0.0,0.0,134.54805541040903,7.004662781120062,9.457948288610629,20.1022122024768,14.648710873695771,3.213045301111759,43.904329818576954,0,1,2,2,1,0,0,0.16998453778510667,0.0003854884909009398,3.4583108431817424e-06,0.0037451466200807753,1.3027329311390732,0.42865216452038185,0.5316950550214289,6.906773977870308e-06,0.3050242619681782,5.374549698103189,0.6091863106775455,1.1251197622019324,3.125224368754815e-10,0.3270123115063968,1.4599908665012513e-06,4.0216587571919405e-07,0.7323818138365896
d52b687a,28.248122377778557,0.8,0.004931982433909645,0.009168152787875678,0.012912314372055197,0.0,8.20576778874696,12.200818518332422,7.8390841980423,0,0.006386011423173282,0.003477953444646008,0.008860127013492392,0.009069512863571123,0.009574818486563517,0.010886456539342476,0.014938172204767917,3.622804300111698,4.582963488635261,3.740403415390333,4.321043464914154,4.139371638027934,3.809741871079309,4.029342326962991,0.00044654357641375054,0.00015435486293952257,0.0003710248133242176,0.00018614363974588295,0.000870825378730383,0.0009621749463523371,0.0026807206318832846,0.0,0.0,0.0,0.0,0.0,0.0,0.0,2.707621999011267,0.9612202018176118,1.7861158370888999,11.061977790149598,17.63127644996399,3.397839292747171,7.687465441571584,1,0,1,2,0,0,2,0.739231833374637,0.0003931060769367285,6.225377240134388e-06,0.0032341176701153303,2.792524299615045,0.6317764793258869,0.6520067601622622,1.231161821329291e-05,0.19683859392432962,5.204861513307721,0.582200877612878,1.4953187345946555,5.529052267405268e-10,0.35097799760421694,1.958585122587053e-06,3.664048430272669e-05,0.871795503380141
1d47144e,20.75471209903682,0.8,0.015636592553521365,0.01582589069760522,0.030336262242149768,0.0,5.117875439584494,10.348426730789484,5.136440987607326,0,0.0217459299658251,0.00952725514121763,0.046562920371286086,0.000819824380861074,9.492734066849268e-05,0.04804368039538325,0.012628844088916283,1.2169413505343354,3.9009340890501587,0.42076645645478084,4.936591230656459,4.991069043678244,0.9639112425550701,4.172529745052256,0.002411885467045826,0.00394576154527459,0.0006373779030759185,0.00026864486033875484,0.00021480708854472626,0.00022160185736088637,0.00031992670112504853,0.0,0.0,0.0,0.0,0.0,0.0,0.0,0.6289479216371751,6.803392253727171,0.07865893873153884,2.5227905415583067,0.003079470530252131,4.684852284502553,6.391472089978328,2,1,2,1,1,1,1,0.4625879112279735,0.00030723873194665074,4.55190313031257e-06,0.001962845668944716,2.460648897640837,0.3408213958951491,0.9249732960188966,3.000374205330752e-05,0.5762646305566383,5.076115297631926,0.6140250886183544,0.9922698659802618,1.9015791482706335e-09,0.5364405202922068,1.093289561564384e-06,2.9491356308144426e-05,0.9504515046695465
714a3100,25.629723450174463,0.8,0.008518583625141738,0.01403578966465705,0.01608293573762242,0.0,6.964544983711383,11.438119125179867,7.208331119793,0,0.012646369519054453,0.004390797731229023,0.019637717745022657,0.01188512348509759,0.0105845277638509,0.018961835918936906,0.013204035556307937,2.4878375518758693,4.476707431835513,2.454260280663044,4.120499529319051,4.863359315197772,3.031261043091454,4.177070076701546,0.006972024264271778,0.0062241231900140625,0.0036371446546978087,0.005718327773597149,0.004472372980104316,0.0038367468582405973,0.006606348816844229,0.0,0.0,0.0,0.0,0.0,0.0,0.0,25.17161339786136,35.63474565008774,57.06153224966944,1.9227304654174375,140.995738342256,25.33168985275058,78.05155991587345,0,2,2,2,2,0,1,0.5142411173312759,0.00017667599535734453,3.963352144976344e-06,0.001076296445754345,8.435111242874786,0.15275328364234414,0.45243822303013503,4.3670156062824034e-05,0.16276541690960522,5.159392926560562,0.5056919500651962,1.0870623775114483,2.493776690382151e-10,0.08992960330389511,1.0659247286576645e-06,9.682002719421689e-05,0.5360348386370157
1338c17e,28.459019081599827,0.8,0.008703013356911303,0.005898194814847314,0.010105708083661489,0.0,7.261367340027367,12.992399616166157,8.200476865523193,0,0.007545750487406884,0.009860276226415722,0.00875227579124222,0.003839155775419038,0.005103152877880682,0.01065157818460788,0.009559837982715097,3.3964620057258683,3.8649053343014987,3.754639185270704,4.706551285308044,4.53120914558741,3.8337363139464227,4.366740551576771,0.001637069056932643,0.0009628376742731254,0.00042618727676868844,0.00033397513843434464,0.0017132564172045385,0.00219119140764584,0.0007869378700606186,0.0,0.0,0.0,0.0,0.0,0.0,0.0,2.8349588557859646,0.6386123615713126,3.182294236192005,6.055909286378146,21.860258640302817,2.561468730918988,23.8506263594487,0,0,2,1,1,1,0,0.5688419392539755,0.0003603483807004159,1.9343522424998314e-06,0.006177871056333395,1.8440719822007707,0.5384105283365043,0.25534888358252134,9.628296437125786e-06,0.5154434947609585,4.814239551607999,0.583172342391833,0.6257874087063905,3.1777698949681026e-10,0.0003595770315896575,1.2874719221993062e-06,4.663217768976254e-05,0.6562513497108655
8c4a5323,20.545192199474112,0.8,0.020567201861115762,0.015569245879067467,0.023381049700480765,0.0,4.396006968486619,10.116765532778246,5.994219915796277,0,0.01546230813659911,0.025672095585632413,0.02639100658134032,0.010039634753837769,0.010277096302024306,0.03272332672442122,0.014038772676540306,2.0466742149453485,2.3493327535412702,1.7858737084459957,4.251375745880917,4.079516078451333,1.9093110267800226,4.084908889016255,0.008127308673291062,0.0002581323855694291,0.0022528236204518866,0.002249766432865197,0.003878617294055745,0.003277450620862889,0.004894123579108706,0.0,0.0,0.0,0.0,0.0,0.0,0.0,3.5900582693659864,4.339060569920652,4.703894929325601,2.0360939105513993,11.705740324456533,4.723145926371769,37.77899206710832,0,0,1,2,0,1,0,0.3359967016873329,0.0005723439583474335,2.9992394085725886e-06,0.001335628407452199,3.6479343910884423,0.5145071641543697,0.28550060009566186,2.244511560161798e-05,0.01521017447973937,5.766464054070173,0.5002947407226424,1.2785491718464599,1.3138714996614182e-09,0.021595758962689535,1.0363164613659564e-06,0.00011662319829727686,0.6530871100704323
28c05142,24.587640002095547,0.8,0.003693154285018739,0.030699746442037355,0.01225426776474809,0.0,8.560613240836895,7.951769819810983,8.031380957197088,0,0.008494550702958686,-0.0011082421329212087,0.017209530585124658,0.06254617345153637,0.012343535289451032,0.008260831100591387,0.016247704428904795,3.2168062872356535,5.343806953601241,2.720708543273906,1.3251408219792642,3.905920454557813,4.082073098566379,3.949307858630709,0.004729085653107139,0.0035425261344753825,0.007683599723297614,0.010850850199859367,0.007471078136288816,0.0031091532023729608,0.0046127397581191285,0.0,0.1035208394140263,0.0,0.0,0.0,0.0,0.0,51.93490649487869,51.53368702313195,19.019735315201412,32.093253687428565,4.494238863517071,7.324211389215556,2.440543141942664,2,2,1,0,1,2,2,0.5190989151775286,4.8294677105023846e-05,3.5233304244906003e-06,0.003997898253619279,1.6854771972986522,0.26916346247731054,0.3700624369973445,1.7523044706429918e-05,0.03823176564736598,5.6147873743042105,0.6023765192724204,1.3702357002670658,2.977858365766184e-10,0.1691356752174557,1.0454588302422456e-06,0.0007796680018428462,0.5395816063559584
72436012,14.163136864221013,0.8,0.03727257175973511,0.03891936196473255,0.017240867976344863,0.0,1.6902734256403043,5.272611066206368,7.127394356128961,0,0.024123860347358472,0.050421283172111746,0.04074497351976168,0.03903375396069553,0.03697935841374044,0.015825205303568398,0.018656530649121327,0.9589504383234279,0.7313229873168763,0.7175124689285655,2.430021657453198,2.1250769398246048,3.323101479920079,3.8042928762088817,0.001909664953250359,0.012429082273382856,0.004293103835875573,0.0035595615834600135,0.0027553524557938462,0.003711037765100517,0.008251607022121311,0.0,0.0,0.0,0.0,0.0,0.0,0.0,15.968106709894696,26.925494255601524,4.239209131316378,0.2227136963400396,13.05117869213408,0.2075099533778942,3.8710991238275225,0,2,0,1,0,0,2,0.44392931399541935,0.00016290215712200796,1.3673043788819155e-06,0.0014105909349583423,8.037995190962318,0.023175449949216213,0.5231372096045935,3.59288724533923e-05,0.9835118224869126,5.2938460140752825,0.7499800057863468,0.984967502274831,6.440516235544308e-10,0.012380020635217962,1.0026894551318673e-06,0.00040264900898343334,0.5341364056150854
2aa3dfd5,24.57575312173325,0.8,0.010001913853115591,0.011360011375752476,0.020225434181895353,0.0,6.496319967905907,11.559710852494888,6.4948128620647685,0,0.015747209138408255,0.004256618567822927,0.0124505220128554,0.013840818598131539,0.00778869351627049,0.02549511340633932,0.014955754957451384,2.004189776695367,4.49213019121054,3.281950980383391,3.983778142267929,4.2939817298435665,2.466481883087722,4.0283309789770465,0.004271851768000695,0.0030926408519849754,0.002049761128531127,0.0029143301221639393,0.0067942107122584494,0.004864706298152225,0.004592570037901939,0.0,0.0,0.0,0.0,0.0,0.0,0.0,6.818101733434334,42.49952520920341,9.512572627864104,18.77182236969791,21.086160118902093,7.095953368315318,33.463818250974526,2,1,1,1,1,2,0,0.779359931423659,0.0004892429588925105,7.859534040008549e-06,0.00217171687467488,5.800536716176031,0.3253756849214346,0.42914666154594144,2.870621114984907e-05,0.5710152589955236,5.58486517785965,0.5038341423579606,1.0997250433372572,3.747524030238024e-10,0.003375715613803963,1.002259847617271e-06,4.668573940903951e-06,0.6148455428689636
676dcda3,22.58754676932612,0.8,0.013792659939904072,0.016236937578745957,0.022426493702454812,0.0,6.049101301317257,10.384160676503715,6.143026787124748,0,0.00964837868799193,0.017936941191816214,0.012780932129717336,0.016745502908536828,0.019184377697983705,0.030173357357692925,0.014679630047216698,3.005012134618803,3.0440891666984538,3.2414802278757473,3.7851326419324636,3.357547806695505,2.0976888136773035,4.045337973447444,0.0081264445243177,0.006772077254016873,0.006871326919844217,0.002530731512375017,0.007322184614423574,0.0022948782714534853,0.004925823100588977,0.0,0.0,0.0,0.0,0.0,0.0,0.0,8.122303642724008,1.4552708484875545,1.1702580104337093,11.82354981685435,31.756725125852892,11.041271786467933,26.361116667722197,1,0,2,2,2,2,0,0.3325770563045933,0.0002854793633839031,1.8083437581616398e-06,0.003358499393579546,1.6327462739710878,0.0010155833037953216,0.5785614224582963,2.5137894240110617e-05,0.14364493294782107,5.293446347319821,1.038005333147606,1.056216005519245,5.08142926035691e-10,0.283818278320224,1.4004035148735699e-06,4.1126509950251174e-05,0.5789315722989772
c8c5856c,28.148630203840447,0.8,0.0040953034565739755,0.011032844591817961,0.013317612645710073,0.0,8.685986459044244,11.659855350860182,7.799139935942945,0,0.003234921454526723,0.004955685458621228,0.012448175364623225,0.014573151533140177,0.0060772068776904775,0.01065349807653038,0.015981727214889767,4.27470227609423,4.411284182950015,3.282261829165929,3.9332484574074815,4.444345064286772,3.833533828243115,3.96560610769983,0.0012598419596413803,0.0018579697948036913,0.0028978900326485984,0.0037897962111061237,0.001456883479641779,0.0018866655586472153,0.00632025644525447,0.0,0.0,0.0,0.0,0.0,0.0,0.0,33.35918304798006,7.8748169019331495,11.079962714456023,1.7868728011992976,7.007946303195999,0.9895945227571366,55.855894969250656,0,0,1,1,2,2,0,0.7707184107754214,0.00011563186692379976,4.4937777149466935e-06,0.0023641384441389552,3.3437056364860362,0.46108572375299006,0.7393885834552674,7.397208204751872e-06,0.011763041736289984,5.0157176738552955,0.7996413498257544,1.377657843905785,3.4733368440755035e-10,0.08143629518353006,1.085277382759749e-06,4.762183032035967e-06,0.8594788482127418
e299e813,17.42170155711229,0.8,0.022360807590128304,0.032797146320397576,0.02477938505776859,0.0,3.884199379051383,6.96593722508433,6.551162669293975,0,0.019311843036370242,0.025409772143886362,0.01724234024394833,0.03698419378049166,0.04416490493675273,0.010138386230999167,0.03942038388453801,1.5127840574947362,2.371415321556647,2.7167397625236602,2.542202260567885,1.7069952019927839,3.886364738554639,2.6647979307393355,0.0012361171556669734,0.00034101236213418144,0.0017264508762588322,0.00481047656872494,0.0016900509751493053,0.0011844517001500057,0.003070941813172294,0.0,0.0,0.0,0.0,0.0,0.0,0.0,5.379942311811734,4.731222240400006,3.5290504392557454,1.9020713337787154,7.4454234418832606,1.6114600098015994,8.187527311531715,2,0,0,0,2,2,1,0.41784559077266353,0.00034748852907244104,6.323430986080688e-06,0.0009856322410274874,4.104097672535517,0.7645217887733128,0.5511642834714765,2.8561039018578658e-05,0.6640695683200653,5.3961601223602464,1.095937198627576,1.0596996428039853,7.721141566805697e-10,0.3059998147239757,1.0153214921910272e-06,4.40195230558829e-05,0.8942538519088676
56084e63,20.95066207726023,0.8,0.01682579552084048,0.016524801261664022,0.022716913506501797,0.0,4.868537383592826,9.934749115805545,6.05225546665546,0,0.02141107580805362,0.012240515233627344,0.038117483974127855,0.006785666269151662,0.0046712535417125466,0.037070533050068535,0.008363293962935055,1.2557511959352785,3.6127861876575476,0.8773839599812367,4.487350698212507,4.570014457611802,1.6085011637676188,4.443754302887841,0.003007855651085239,0.0023416496872132896,0.006294731214504063,0.00030177608139843,0.0027174001887552254,0.000677433403457137,0.0045183078212049,0.0,0.0,0.0,0.0,0.0,0.0,0.0,1.2251117181506777,45.203241125472935,0.5437521722958125,1.9597760336490724,34.16175569458686,0.42955749433671464,2.136293191125325,1,2,0,1,1,0,1,0.34557994625070504,0.0002969504150423601,3.2260925284514727e-06,0.0016321760045098091,7.421051719698493,0.6316978358246859,0.6845676332324057,4.46190523375005e-05,0.28422551139365176,5.497281585754784,0.8032910709614495,0.797853218930954,1.4481429612537284e-09,0.051499587101498046,1.2443897395236866e-06,7.006668068521994e-05,0.8837571199052303
39332618,23.64349694535769,0.8,0.010972452853517702,0.016229585524361257,0.018974134876960168,0.0,6.700597411475193,10.15139789564924,6.781853624717249,0,0.008543542472536464,0.013401363234498937,0.02058896857161071,0.01809584801962166,0.010003939981851404,0.020086999661995394,0.01786127009192494,3.2075662293526097,3.493031182122583,2.3536978108168247,3.694962163872044,4.1027379209603705,2.9300605294280406,3.8517930952892088,0.002038381056281487,0.00561010780374229,0.0034568740451411026,0.009741308967106944,0.00282587758921097,0.007677241264573497,0.0061386623962731745,0.0,0.0,0.0,0.0,0.0,0.0,0.0,6.587945919674967,9.620405149857314,42.14768060386427,3.139724017913076,2.1671866285069057,11.999203438857904,4.373435524904245,1,2,0,0,1,0,2,0.2931948028196225,0.0002980331539304349,6.162877688167361e-06,0.007615878169553308,2.8188689687476955,0.36894732609042086,0.4408906396218617,6.8955021371308224e-06,0.4519288340621367,5.371274537440925,1.2008109746834141,0.7575168972391728,1.0435089827690802e-09,0.06266588642552892,1.109308562331553e-06,0.000971676417161653,0.6471284540615392
f9c1dc94,1000000.0,1.4,0.0,0.0,0.0,0.0,2000000.0,3000000.0,2000000.0,0,0.0,0.0,0.0,0.0,0.0,0.0,0.0,1000000.0,1000000.0,1000000.0,1000000.0,1000000.0,1000000.0,1000000.0,0.0,0.0,0.0,0.0,0.0,0.0,0.0,0.0,0.0,0.0,0.0,0.0,0.0,0.0,0.0,0.0,0.0,0.0,0.0,0.0,0.0,2,0,0,2,1,1,2,0.229907788219436,0.0005329883497484615,2.3354780025470295e-06,0.0007902382009811119,9.990680736217284,0.29318669760280996,0.01010455477045638,1.8859521444473453e-05,0.933798019659037,5.3079548085900585,0.6401368084193206,0.5000183187657834,6.185550887038196e-10,0.4731003781950971,1.000566237220105e-06,0.00012618233774202764,0.3003277208738925
ababf0fd,20.627203451670788,1.4,0.01824730937011903,0.03120663461666789,0.011958703818121624,0.0,4.576319372356863,7.865050300170118,7.956379636058346,0,0.026153488170656596,0.010341130569581459,0.06757682097437957,0.010272930349624681,0.01577015252599942,0.010906416946128436,0.013010990690114813,0.7630375412377244,3.8132818311191388,0.004588888187867822,4.234680172901388,3.6257812390808617,3.8077222974590557,4.14865733859929,0.0018640577643104731,0.0009137359670280471,0.0004486531394247425,0.0010008002584574434,3.924335259575685e-05,0.0019511377282718744,0.0005019436781459456,0.0,0.0,0.0,0.0,0.0,0.0,0.0,5.299669977395935,7.038192451529239,5.7812352437236365,1.1040326505062148,4.606999475802534,2.3316423735319916,8.690305426753596,2,0,0,1,1,0,1,0.6613256271580467,0.00017535208088154477,2.977279616919008e-06,0.004166126369155059,2.0270757276181466,0.3933734392411036,0.648956077617113,7.990148683998253e-06,0.6746109581116626,5.295100168352542,0.93828229112848,0.8425601612928899,1.625671225721232e-09,0.0022568019671657664,2.2474704233815177e-06,0.0001287296553632567,0.7869825370817947
b9d6e117,18.287642057795715,1.4,0.02114869916715663,0.043093026407397324,0.02620628854175354,0.0,4.083732151829939,7.6377347004186165,6.207934934868552,0,0.03065755704002926,0.011639841294283998,0.08814554763110445,0.033507437067396,0.0076260945236915414,0.01413851645643113,0.038274060627075945,0.4081451341554751,3.675587017674464,0.5914390837081798,2.7380979647859305,4.308197651924506,3.4855208164880285,2.722414118380524,0.0013740551359874098,0.00025794719966595794,0.005436478752401228,0.001985331167011077,0.0071017800534780295,0.001158033459152187,0.002972665860945164,0.0,0.0,0.0,0.0,0.0,0.0,0.0,2.2181170576684988,6.315352737969936,4.064020724195152,0.044121255163703875,57.37966827873487,13.922061426812235,7.1432805186773844,0,2,2,2,0,0,0,1.006229504628996,7.268015703978192e-05,3.524894655427111e-06,0.00141577204710934,2.6455475870783003,0.5353344161940465,0.989943942485764,1.1640905980311277e-05,0.7116681979794285,5.0122728037004975,0.9294739595294012,0.9700440997358137,8.364856393994901e-10,0.22738341312433663,1.1089981329538767e-06,3.824282866198257e-06,0.9952283017701127
95cd982d,18.40903914986911,1.4,0.011027847893344614,0.06595546500363032,0.02283955237249053,0.0,6.798998219782192,4.647378439903774,6.747477898581775,0,0.007306881570019353,0.014748814216669875,0.02928019864353339,0.14508795473787012,0.023498241629487472,0.01016063063957558,0.035518474105405484,3.442483081102783,3.356515138679409,1.5325456853930983,0.08157576715415531,3.03325698735652,3.884073827290476,2.863404071291299,0.0013957622541949353,0.007221368410069972,0.007075567530480482,0.02235093381904515,0.009589315217631931,0.0010462261794654728,0.00100875273980588,0.0,0.0,0.0,0.0,0.0,0.0,0.0,0.7488057707252883,9.892816446642303,7.232767094527937,10.773232757277977,9.150166052395116,2.03304235954152,10.730782019962001,1,1,0,1,0,2,2,1.2129670059774755,0.00011747603411542558,2.7644056163002022e-06,0.002377799054962277,1.0098660593028221,0.4992647194492267,0.6228775798257711,3.945699163438917e-05,0.010196767346820323,5.480409119477156,1.4037583598035348,0.9505350768542962,7.45647316638597e-10,0.003979830237374348,1.4798083465321415e-06,5.0144859333331835e-05,0.8110992113740882
ab8a6a21,1000000.0,1.4,0.0,0.0,0.0,0.0,2000000.0,3000000.0,2000000.0,0,0.0,0.0,0.0,0.0,0.0,0.0,0.0,1000000.0,1000000.0,1000000.0,1000000.0,1000000.0,1000000.0,1000000.0,0.0,0.0,0.0,0.0,0.0,0.0,0.0,0.0,0.0,0.0,0.0,0.0,0.0,0.0,0.0,0.0,0.0,0.0,0.0,0.0,0.0,2,0,1,2,1,1,1,0.6337296664281651,0.0004401503844793081,1.0649466226253347e-06,0.0009233701346641287,3.3634590744539694,0.14528615257301764,0.2509417705762918,1.1712759172467548e-05,0.5213117506160192,5.169262859136906,0.7935284430248619,0.926310426802928,2.0172624561122762e-10,0.25777094960371283,1.1094337334300276e-06,1.549833373867648e-05,0.35974446460536147
8d36d65d,22.698529655925782,1.4,0.014336502283104619,0.01713789682688176,0.019965748081993716,0.0,5.821796007723211,9.839343817522618,7.0255326700551315,0,0.011169764663284964,0.017503239902924274,0.022481937510524373,0.015051809110500834,0.01387994385962007,0.010743609673525212,0.02918788649046222,2.7361809002690394,3.0856151074541724,2.159886101605245,3.9003883822065837,3.7790693337107903,3.824317085155238,3.201215584899893,0.0006466831033299536,0.005564534475941592,0.004358616701137115,0.0040733775167376895,0.006271827015430147,0.0012487072700419996,0.008157363744601083,0.0,0.0,0.0,0.0,0.0,0.0,0.0,18.69808223906555,45.357026441431856,13.712138374825104,22.02650814602257,26.612503176843727,9.197282689902416,2.21036010759465,2,0,1,1,1,0,1,0.3910906600240838,0.00029273828606367336,1.3159201978055576e-06,0.0012388557198069138,6.274888220752563,0.36282688858732226,0.8221441293940833,7.596205524236934e-05,0.8242165360992817,4.918712996956785,0.795989707041596,1.0919945770660031,4.6353355227982934e-10,0.3727938829566241,1.0680141783037218e-06,0.00045625592071809424,0.886592807130078
6f84e2d7,19.128087434642737,1.4,0.015146850282046643,0.01982877463010994,0.04266782997671594,0.0,5.764858143083225,9.486724811313184,3.863355184109271,0,0.009996795538497494,0.02029690502559579,0.01668548086998363,0.024228650749578282,0.018572192270767906,0.0364141707586825,0.04892148919474938,2.9421055088930195,2.822752634190205,2.779912732715573,3.3020582924794275,3.404753786118183,1.6522654368805996,2.2110897472286712,0.0021674343945266962,0.007887953799834032,0.007014368666733885,0.004309915553424533,0.004253366390340706,0.0012442844661870514,0.006047312663644317,0.0,0.0,0.0,0.002597844612782983,0.0,0.0,0.0,0.7589126877170981,10.476808373289336,5.090020182683318,4.544112870282082,4.4883659476606095,2.5342696701328586,20.06462455613511,1,1,1,1,0,0,1,0.08227122646225565,0.00010692555129847222,2.3633517995564586e-06,0.0022340477087913623,2.9193272652905398,0.4950686375479073,0.6327079889108125,2.5033192940260532e-05,0.2922858546908531,4.843364070382978,0.6771175326922856,1.1808818622792916,1.0412966623100633e-09,0.18324256609218484,2.0107821224985573e-06,4.2085434820318824e-05,0.8144794736240764
ba89d5e2,16.317171353438827,1.4,0.008320917595914926,0.03689470220215562,0.05378956532598782,0.0,7.450383577665574,5.694664065031451,3.1081282982773697,0,0.006333253931174252,0.010308581260655598,0.04331947829288743,0.038902416881562096,0.028462211432017336,0.03244063844312729,0.07513849220884834,3.633418844945025,3.8169647327205487,0.5768305676171351,2.437858422810836,2.6799750746034796,1.9298493723840382,1.1782789258933317,0.005382429064605636,0.0063817630930213,0.008816912471578935,0.012575436524781982,0.005417116889777429,0.005336692877436319,0.004474533535274938,0.0,0.0,0.0,0.0,0.0,0.0,0.0,32.163443881025934,1.1552955774621223,4.035051939130719,15.18735225686372,60.30938456446573,32.64650198510828,6.346522312032311,2,1,0,1,1,0,2,0.7119082633109448,0.00021500032329878124,6.267058636933079e-06,0.003420970621396459,2.084893000795739,0.20079456431301515,0.01000928750005468,7.388962744012219e-06,0.3206963504977169,5.183242110695893,0.9619547753865823,1.082989095059728,3.0167624174286364e-10,0.08520305911077514,1.2249271960062118e-06,4.483265307226979e-05,0.20879304036166263
373eb2f1,22.367927625305725,1.4,0.01943347083300414,0.016625062871415363,0.012096859616264232,0.0,4.426430743871039,9.929119181461065,7.972630761977801,0,0.01871380233381107,0.020153139332197208,0.026667293254923535,0.01534443608163084,0.007863459277691715,0.01008002391456937,0.014113695317959094,1.590670473893245,2.835760269977795,1.7608263467844736,3.8805472661834823,4.28774556849311,3.8923853660880336,4.080245395889768,0.0074851353018406,0.003724888886625935,0.0035699474797370656,0.007344459465931061,0.01013585913993609,0.001889529323606235,0.004304192252065547,0.0,0.0,0.0,0.0,0.0,0.0,0.0,16.230792514539523,0.9095068885358051,12.617520360392634,53.330634270743964,31.222695759315943,2.8516449091368297,0.6358347364958642,2,2,1,0,0,0,1,0.1943886615167492,8.667027005478962e-05,4.6970755917423706e-06,0.0011040909869436258,2.9320143497786013,0.7605094219185745,0.7726583771072392,1.824431299613571e-05,0.47901406514692696,5.0468203232732645,0.6317709356899756,0.6541873888656283,6.747089798431249e-10,0.5168117791101572,1.002122736831182e-06,1.1283907979139664e-06,0.9454765574737325
c61237cc,27.444063843732565,1.4,0.008302219400223503,0.013504564412651856,0.0192024064709672,0.0,9.751486481900175,10.923778153705431,6.762809308418364,0,0.0032075965194705664,0.013396842280976439,0.014266866737199681,0.012095359504868727,0.014151466995887157,0.01980733968895904,0.018597473252975366,4.2805830261224935,5.470903455777681,3.061407557016549,4.105559000958437,3.756811595730446,2.954854413501002,3.807954894917362,7.279658929547534e-05,0.0004995619308483603,0.00034257785157786134,0.0018912946459039225,0.004995806702664779,0.0028760056125136236,0.00973573649427504,0.0,0.11652139784583423,0.0,0.0,0.0,0.0,0.0,0.3931395300194457,178.8723401967664,1.3290561685921443,0.0587141843567139,31.287859914477778,9.17641714774942,5.2463931386907445,0,0,2,1,2,0,1,0.7255697519544532,8.570017835797122e-05,4.086268924839245e-06,0.002203770565833449,2.844633896864251,0.7866508948781983,0.4836365459428213,1.7573047699282142e-05,0.4222009140414944,4.876370190350081,1.2639588775708617,0.892652589446179,8.81832179317203e-10,0.517668221460257,1.0055830242088821e-06,6.777767280488904e-05,0.8897859555047041
99947980,14.131282022168316,1.4,0.02142749771789598,0.04355253019903526,0.04479553744347453,0.0,4.137931991223453,6.067002587586465,3.7080836443741076,0,0.01736521249669854,0.025489782939093417,0.07497215356536292,0.03818041192321185,0.017505025108530987,0.06352476439097234,0.02606631049597673,1.7728782864969193,2.365053704726533,0.10242067363972064,2.47639605718345,3.488185856763295,0.3337059744867522,3.3743776698873553,0.008270866513776221,0.0087772538657308,0.0047953530205263354,0.0034645117538716044,0.0050815369936835775,0.0033470522355787966,0.005733035235853156,0.0,0.0,0.0,0.0,0.0,0.0,0.0,25.118223780905925,16.845942502391587,0.6790785665192133,39.62081366418264,3.3574323873610177,1.5037134714620775,54.01729297179506,2,2,0,1,0,0,1,0.44701911553694196,0.00014037860914552181,1.9054579273365903e-06,0.007839336231711918,3.9348891335080216,0.15376140279669592,0.11707602465971301,3.2620157315247244e-05,0.83805276471276,4.89906985030168,1.002496735041987,1.0950897814892282,7.781783163319696e-10,0.41702388068594975,1.0000476249025961e-06,0.0005041333946225698,0.2528239460684049
355a749f,19.578291644487983,1.4,0.023571812580771786,0.02118168367990476,0.01753596550650542,0.0,3.906296876622368,8.783857587070223,6.82481442212452,0,0.015624136263404443,0.03151948889813913,0.038563845749129626,0.008996413972771455,0.0159847913178132,0.025904264761379928,0.009167666251630912,2.0223281280213965,1.8839687486009715,0.8489382592817816,4.326319040706143,3.608600287082298,2.4329328851231082,4.391881537001412,0.0026184039990257194,0.00330081226471548,0.0022423607805245617,0.0005333441343321626,0.0007622772725311858,0.0010789120589847262,0.0013382428622764628,0.0,0.0,0.0,0.0,0.0,0.0,0.0,11.720490841855751,16.81304914345295,4.362232476765458,9.646584305431539,17.627258570598315,1.3525675914657456,12.688630735350433,1,0,0,2,1,2,0,1.9477129947956882,0.0003714650580590239,1.1522326033487269e-05,0.0023536335804130314,2.5419596698319107,0.5299049176741017,0.08717226116373328,1.1787492939050353e-05,0.8523046704953436,5.706265817228184,0.5207989550192034,1.4198143729500612,8.139018032326552e-10,0.0006787903243004733,1.2109226514750648e-06,0.0005368155075433553,0.5708754517362853
4f1e5c39,17.396632075859433,1.4,0.025198119641944326,0.022236289535463014,0.052509904787904016,0.0,4.2217598163889205,8.636550048229305,4.189208845922708,0,0.04375678156071138,0.006639457723177268,0.0383662327807852,0.018001924683846204,0.01034071114175764,0.09218410698384727,0.012835702591960766,0.001950775564475225,4.219809040824445,0.8616998630938035,3.700756720679242,4.074093464456259,0.029529956047914887,4.159678889874793,0.0031700264772635293,0.006047602084774431,0.008086972133855735,0.0006257803598411116,0.003447375547568337,0.009276928093091686,0.004021373460512494,0.0,0.0,0.0,0.0,0.0,0.0,0.0,3.555507401789816,2.077219105393955,3.526864739524244,0.4115776730446349,1.0996922783225187,7.3594247062694595,10.751540592117774,1,0,2,0,0,1,2,1.1241029946092653,0.00020526755805044166,5.099916451327578e-06,0.0015449305038788374,5.2888753196995255,0.6901468815324674,0.361313585646329,2.4226359201246497e-05,0.8827533101526933,5.413778539737197,0.5000283810735107,1.355596150719211,7.896717219096787e-10,0.26542549981944596,1.2282929146549478e-06,1.6301909773915615e-05,0.8020648914311037
93390b07,24.605816162722032,1.4,0.005402201699633017,0.021865565553068785,0.013819054772621055,0.0,8.306242361817194,8.683490216883,7.582422645707835,0,0.0041633761948798595,0.006641027204386175,0.03153367495033376,0.01734789225387492,0.016715129454997674,0.014765837571553884,0.012872271973688227,4.0867807490441015,4.219461612773092,1.3880055147101824,3.7450299852681317,3.5504547169046847,3.42465770145117,4.157764944256665,0.0022977835772209944,0.0015547791012003923,0.0030055569048521988,0.009873655161296995,0.002098876857843036,0.002341328268486411,0.0094958959975769,0.004869002090945721,0.0,0.019979529970267456,0.0,0.0,0.0,0.0,11.26307982661131,6.264010118424466,29.2526233263188,25.14559750895691,7.405984171225222,54.82779030150619,1.5700956248568074,0,1,1,0,0,2,0,0.6513732771877074,0.00011737223073342605,2.2283572093546923e-06,0.0015451309619129233,7.458426423432293,0.5817596878265172,0.5574643305632822,2.747794531885941e-05,0.6059175687760978,5.549063153049899,1.3866494580860473,1.1973240000277923,7.427926810048404e-10,0.0005021434232503375,1.1560690964522944e-06,0.00013382140193963707,0.8148579970338297
09d90122,40.78016477255769,1.4,-0.008175256069438454,0.0015527853328008746,0.0039434036397676155,0.0,13.821608346997055,15.225777101286216,11.672022185033025,0,-0.007593643124014216,-0.00875686901486269,0.025227709497131042,-0.007376571394422901,-0.01319278210430552,0.004397064333205864,0.0034897429463293674,7.549958089655993,6.2716502573410615,3.0744872442149926,5.764705508672309,6.386584348398913,5.722007685287545,5.95001449974548,0.006828788984967415,0.007619956403405763,0.001246198014836619,0.0035738305821151114,0.001847312216719456,0.0029846554468657307,2.7130007819497213e-05,0.05882577019730782,0.07046165881527727,0.13717746502284275,0.08795110021206837,0.03383731051843424,0.10195007217171252,0.0,124.03960372558196,17.428918777718142,145.69905710089617,0.7038007384816494,22.04117083569869,150.81803326614389,158.01943831113937,1,1,2,2,1,0,0,0.16600377639264477,0.0004443676834476898,8.855855145261164e-06,0.000873909117583461,7.612510919937056,0.2885976451363885,0.9893757377803913,1.0055519592089241e-05,0.4811275751280963,5.349866600986553,1.1934499781935453,1.4598447927023872,5.042702411863132e-10,0.04129061772556744,1.2540438096382158e-06,0.0005473604821295102,0.9923429372645038
0ff82fbe,23.508223788708413,1.4,0.036208104820368577,0.03140263811520607,0.014035519282692758,0.0,3.1328844915653713,10.661681733519337,9.60734129198977,0,0.02378349676113029,0.04863271287960687,0.02816577637708751,0.06790126376935691,-0.0018591258008262262,0.014463788417825078,0.013607250147560439,1.6151830282693358,1.5177014632960353,1.6883762096066433,2.187674625000219,6.7856308989124745,4.561708578006929,5.045632713982839,0.010670547950943274,0.003676530094338937,0.008450230125505468,0.005658094086339035,0.008178023273185975,0.002331759802834112,0.0040221785112310665,0.13611966526423255,0.035918347922753786,0.030110905446441464,0.09383792098290897,0.13162271744986104,0.09034126188304029,0.0,113.12278092887286,131.38328524505172,12.644867830648272,144.4521743051902,164.39716496220143,146.6583898772379,146.97967952021548,2,2,0,2,2,0,2,0.2518437651225937,0.0002048083299695262,1.3584593680175488e-06,0.0008520935305198266,4.265897486544733,0.597012426595146,0.9516799874201124,2.87464226084343e-05,0.9769169141515168,5.244635027060897,1.3067709695772698,0.8500502287037859,9.810637469465003e-10,0.21630968231437436,1.008724558402129e-06,0.00045719124849727004,0.9804324673847971
0863667b,23.840131362665353,2.1,0.0067925943694932805,0.011493647370863438,0.03845271869401419,0.0,8.12379890629682,11.402826310573305,4.284276518494513,0,0.002899582643978349,0.010685606095008212,0.01512616129790268,0.011948898220207716,0.007405882594479913,0.03533108404483739,0.041574353343190984,4.347265131615504,3.7765337746813143,2.9597523389054503,4.115865380597261,4.327208591070594,1.7257620867226044,2.5585144317719086,0.002156651657250768,0.0022165730876679162,0.0002927356711393342,0.002008580387509714,0.0005883163709764902,0.001569961317698714,0.008537620532064008,0.0,0.0,0.0,0.0,0.0,0.0,0.0,0.35442610249585904,3.520269964570895,4.026959131408973,15.16939013237225,1.4553026275958894,14.605692353540958,0.7621367761128512,1,0,0,1,1,1,0,1.0066322322473,0.00018379765143037734,4.459747604176587e-06,0.007179934216162,2.8093551807419486,0.6485800372610708,0.39771517297982023,1.9154103953150717e-05,0.21286940248739633,5.170063483536798,1.030773167828206,1.3819034710602582,1.438841120791174e-09,0.18785960040820515,1.3225186827477391e-06,0.00027319401173695086,0.7883053170130481
1fdc8cb9,15.823400426636955,2.1,0.10574243690499129,0.10786917928526724,0.1451699980399272,0.0,7.199167630894057,5.868381890822884,2.465130477571125,0,0.08674418736943408,0.12474068644054849,0.11116227805180513,0.11093666073651139,0.10150859906748518,0.11635202984670694,0.17398796623314744,5.5710017590608745,1.6281658718331826,2.5804876287021936,1.3943397951539607,1.8935544669667301,1.5322877091163067,0.9328427684548182,0.030490211102807634,0.11640217468761013,0.049330424183334665,0.04763511682264721,0.03455242230303029,0.02172389494767296,0.030622999718963,0.1683617568655942,0.08242984546515213,0.07727415863704931,0.07519638898867576,0.09218938110582443,0.1483424784022752,0.05927811824260024,71.64547681527462,15.151790336051828,17.30170856734097,155.91159693623558,177.11381242188884,129.17588466018168,131.21776120088697,2,2,1,2,0,1,1,0.6594775577811026,0.00038586038643445596,5.610949259866664e-06,0.003970012349954932,2.720245578991864,0.053640351668633734,0.04285528132104572,3.1843579834634205e-05,0.9643834094754672,5.107854039948306,0.8323271446506592,1.3136945109546643,9.171735485360464e-10,0.7038354219379305,1.0018580830392136e-06,0.00018097566899214426,0.09419257510062823
b94f8b5a,14.213121263888446,2.1,0.027942352712608146,0.042393324667020775,0.0944534591476621,0.0,4.69470452845329,5.1773497872878895,4.116838024323423,0,0.018678025120669205,0.03720668030454709,0.04105576346166032,0.0660547672000583,0.020069443339343674,0.010341228948365836,0.17856568934695835,1.5950957236611845,3.099608804792105,0.6996379313002801,1.1881922592152256,3.289519596772384,3.8655073457140876,0.2513306786093352,0.00036287392267279157,0.004838108799132653,0.003285697602565083,0.0032711654692024546,0.005613360609609312,0.0004468745019707344,0.024255853169684722,0.0,0.04869666276555489,0.0,0.0,0.0,0.0,0.0,9.966715809657435,171.01841587237863,2.0649538768243487,1.6770475638459306,4.914850918945494,4.720343888911525,6.78190531502703,1,0,1,0,2,2,2,0.46040530948553365,0.00012527831870134072,2.0382279961193937e-06,0.0032660582150112276,2.684445246809662,0.33557255583769474,0.6718845918286765,3.904860939357971e-06,0.41590471913523563,4.812109808358723,1.323550705390514,0.9972844302762438,1.4356682103511706e-09,0.023509740650033684,1.0085615658667457e-06,0.00045056432591331525,0.7819239294992731
a7f0a45d,1000000.0,2.1,0.0,0.0,0.0,0.0,2000000.0,3000000.0,2000000.0,0,0.0,0.0,0.0,0.0,0.0,0.0,0.0,1000000.0,1000000.0,1000000.0,1000000.0,1000000.0,1000000.0,1000000.0,0.0,0.0,0.0,0.0,0.0,0.0,0.0,0.0,0.0,0.0,0.0,0.0,0.0,0.0,0.0,0.0,0.0,0.0,0.0,0.0,0.0,2,1,1,1,2,1,0,0.28913517596617927,0.0002208791647189835,3.4361664835146956e-06,0.00041790873660884536,6.164160574022926,0.00359298573836658,0.3116095327261788,2.628517491457501e-05,0.8244640397818849,4.930206234027382,0.744118749153135,0.9758884402942243,4.424491667798304e-09,0.5447724561124928,2.1053361789513935e-06,1.6614784736265003e-06,0.31405174890424853
28df7f20,12.699827762919936,2.1,0.031743435550573046,0.08385024616852599,0.04188176685838516,0.0,2.4415037875932595,5.389060110760088,4.370086019196711,0,0.03818450543820516,0.02530236566294093,0.09489351477148737,0.14862920143251,0.008028022301580616,0.07234210915471881,0.011421424562051521,0.060884449974066994,2.3806193376191924,0.9981213647206469,0.11761884722779088,4.27331989881165,0.12158710188796759,4.248498917308743,0.0018729083402385055,0.0051641539370084165,0.004754431809353353,0.00649239201357198,0.009157135780580389,0.013264599044175115,0.004258462417752516,0.0,0.0,0.0,0.0,0.0,0.0,0.0,18.090529921070708,55.0261971162469,3.184717882774268,3.756883253388031,16.492598256784373,12.850215826302144,10.902455847972904,2,0,2,2,0,0,2,1.1222573267396818,0.00015640084969342606,4.895221679019424e-06,0.002974575555996176,1.1989612616788432,0.43580403738817997,0.09483573826699054,8.073673851895277e-06,0.5056337408783059,5.316376268919026,0.7466872719487856,0.8394180629269048,1.3224771620770914e-09,0.007574588321791686,1.5418143504902404e-06,8.929243860089264e-06,0.4893004944559006
033ae3ca,11.085485552334385,2.1,0.010793702039277254,0.06164081036273129,0.10053913223478408,0.0,6.648387349416536,3.6997737911983064,0.45529734152248613,0,0.009659769312238648,0.011927634766315857,0.07074458555334812,0.03473854431525205,0.0794393012195937,0.09566261094363802,0.10541565352593014,3.002735381266377,3.645651968150159,0.031008937668511097,3.34666297126817,0.3221018822616254,0.06852979430701404,0.3867675472154721,0.004699170271199504,0.006853130159443777,0.005071199529262036,0.00851761164585746,0.0279720697751517,0.006324956057927678,0.005332199843894766,0.0,0.0,0.0,0.0,0.0,0.0,0.0,6.000947845688133,8.48690811707334,1.2578022204155652,134.1314954538515,15.068351378094803,2.8251594698834928,13.637736699012581,0,1,0,1,2,2,2,0.5842065012309527,0.00019200581971590686,4.769818236245772e-06,0.0036149030399496066,1.227490734946761,0.08296703407315309,0.24226037594384187,4.922824680340791e-05,0.3754035390379701,4.676641043009599,0.7317436027650583,1.4086598879867152,3.329708030086439e-10,0.0613408276589085,1.735727999991422e-06,7.083329969801364e-09,0.305103559113893
563f8fc4,20.00012592192641,2.1,0.013518335128901854,0.020703622074457025,0.03176184918343779,0.0,6.023939671509828,8.99431511580578,4.941335133450944,0,0.01061024965747189,0.016426420600331816,0.03157618843210869,0.021168920806022274,0.009365756985240115,0.03966025711554133,0.023863441251334248,2.83356146278146,3.1903782087283674,1.3446380993431775,3.4923784790132775,4.157298537449324,1.441575034958048,3.499760098492896,0.004402747871859969,0.009045555459265824,0.00020381950837555682,0.0016037863216682104,0.0011480219714029346,0.00011457320088590446,0.009782412896630541,0.0,0.0,0.0,0.0,0.0,0.0,0.0,6.24317251921953,50.66904239936042,3.4813414721806,21.858096412583617,11.285849036232431,4.386493590148051,8.370373219885824,1,0,2,2,1,1,2,0.7276777291039213,0.0001338565437982735,5.887010250678674e-06,0.005636993801062038,2.23291400185569,0.41542125575567607,0.4639314073514703,9.919706506726054e-06,0.6190445251969208,5.295747765566805,0.5166269674009057,1.493075866367218,6.088291570814604e-10,0.14640990597059497,1.270423723350056e-06,0.00041144008054342865,0.6865793021399653
ae7eff29,28.37336595966715,2.1,0.017083560728722455,0.011095832747973438,0.00675454414664177,0.0,7.50968004537982,11.938666807090835,8.909394350655049,0,0.007862499238945992,0.02630462221849892,0.00724495534093763,0.01845718862954412,0.00758535427343856,0.004095445319730152,0.009413642973553389,3.3359381429454675,4.173741902434353,3.9564330945642405,3.6706185609975788,4.311615151529015,4.53328448183403,4.37610986882102,0.002908643068728141,0.0014907526951182886,0.0014350240108693374,0.006195310614421545,0.004679050022105341,0.0016235447546527556,0.0014761252935553558,0.0,0.10327744106666284,0.0,0.0,0.0,0.0,0.0,4.2626033076703855,176.32877214779077,2.620255804801929,14.242671514662206,0.6260501512647375,26.27806219080041,0.2835146815939244,0,0,0,2,0,2,0,0.3839723169576258,5.517178031221932e-05,1.3837991619387328e-06,0.0034097764870469624,4.189426265389819,0.0023801691472014074,0.5976983381907135,1.7512472427781924e-05,0.9133715267094182,5.440233684993418,0.5142966218270603,1.3454144256241225,1.4919311892545938e-09,0.12190979304044128,2.3522563847408198e-06,0.0011083275976228857,0.5985961143602008
1d2bbb3f,16.009465429688753,2.1,0.022683944609294633,0.031705282238441136,0.026909504454707522,0.0,3.8472328589901004,6.586103588684337,5.535408796289808,0,0.018945857474649608,0.026422031743939655,0.038200924004411406,0.02821309466613412,0.028701828044777875,0.03593825709202022,0.017880751817394822,1.5604450248260142,2.286787834164086,0.8719445707472722,3.0506208278420317,2.6635381900950335,1.6844447308301695,3.8509640654596384,0.008959894444048036,0.0017369483375530383,0.003976106144853466,0.004718124055381591,0.006451334908711532,0.004270990970071462,0.010298358637164842,0.0,0.0,0.0,0.0,0.0,0.0,0.0,8.53501880585857,9.358175369179708,18.599097114443957,6.340522523145089,14.635507795313817,0.6482810716818481,4.214570230095732,0,1,2,2,1,2,2,0.44407693011855226,0.00014829644666031823,4.006344121830386e-06,0.005754631858171903,1.97750312767443,0.5709908693489548,0.6150331312963531,4.597544664990107e-06,0.5177395832482645,4.454567037532668,1.0704094437784746,1.0516530542901452,1.026627875295259e-09,0.06858953244576577,1.2776355907274196e-06,0.00035678531339787913,0.8347841950148638
14e58d5c,27.528050046635475,2.1,0.008720970886529537,0.006718124518927008,0.011135929013226853,0.0,6.836164112995574,12.60200621742414,8.06582676071699,0,0.014563942261528106,0.0028779995115309686,0.014010615009051913,0.004862108232156237,0.0012816503155728713,0.010749778051978963,0.011522079974474742,2.1825565754249623,4.653607537570611,3.0920559161733285,4.6298578376550985,4.880092463595712,3.8236807884480064,4.242145972268983,0.004831807291267382,0.0003019630350672635,0.0006285827114333189,0.00019490821766392306,0.0006422220901912213,0.0005139700974211188,0.00422930194745251,0.0,0.0,0.0,0.0,0.0,0.0,0.0,4.88398276405838,0.33653039529068196,0.5934476267355983,7.42104970051043,0.820266758476584,1.3390902020902424,0.00202002952968883,2,0,1,0,2,0,0,0.2017704726092966,0.0001234306425363757,5.120860522571343e-06,0.0035642999274808898,4.105699374175853,0.19753383789752094,0.8073410613825117,1.2820263780703192e-05,0.9136440778388076,5.122669442602917,0.804214135060338,0.683729226119236,1.5430421419242776e-09,0.09328019169179999,1.0708253960846717e-06,4.651370490118311e-05,0.8453169868267489
4f9fd349,29.595896198524475,2.1,0.034691050945804054,0.0009339616159439237,0.017284053024235947,0.0,6.390612512394524,15.45066015517325,7.299883631275707,0,0.060659037235477664,0.008723064656130444,-0.0002619538733213125,-0.01300369070347073,0.016067529424623812,0.011340097817188527,0.023228008231283365,2.1031346486141023,4.287477863780421,5.207345830066761,6.249362574632949,3.9939517504735393,3.763810681851261,3.536072949424445,0.002651532296808307,0.0032962227251673356,0.0013794375118684782,0.0041459427712088855,0.001852988816533696,0.005756953693677151,0.0076363903223710256,0.12659532030649548,0.1003738685687851,0.08365924115267026,0.09469915865621152,0.11860832724440827,0.0,0.0,149.81102781062074,88.21848095781088,14.422957169948827,45.3150632030758,95.4025737977336,19.75510936594054,39.11209487268117,1,2,1,0,1,2,1,0.5014165932221808,0.00020159897866729316,1.0326685216176247e-05,0.006535448642669466,1.0021413732431899,0.24673554418999724,0.1813644732143776,2.7792296977220248e-05,0.7001251006671717,4.940639260387622,0.8056967127260831,0.8868579345833558,5.192822551855313e-10,0.753846671442803,1.1451642457018965e-06,0.001472403386326337,0.38333281896177174
eefb7a0b,31.052933915594707,2.1,0.0035265959500930836,0.006490374493025179,0.011469395469102323,0.0,9.872857191015084,13.188619608881059,7.989505760523011,0,0.004167122089443466,0.002886069810742701,0.006309482589543397,0.00682154088334191,0.006340100006190232,0.011646775535226509,0.011292015402978138,4.9742257801219685,4.898631410893116,4.268035176871795,4.4994094294656035,4.42117500254366,3.7327167566327004,4.256789003890311,0.003436515121463952,0.0036484336614250276,0.009001391846930343,0.006227078136913217,0.005284980814903736,0.003818006894044146,0.006443729200929327,0.11307064867799087,0.12295581255984199,0.09165995060744854,0.0,0.0,0.0,0.0,133.76690946017848,55.59546041202157,49.73795465789933,70.83815491560402,41.86565385812877,5.3527776891054355,9.936896268645414,0,0,1,0,0,1,1,0.1825696656554298,0.000280848785576368,2.858720223110577e-06,0.0019196637346692042,6.606176491350494,0.47744386738377265,0.3705812596102601,1.3496321352000622e-05,0.8208376652355167,5.4956201450863364,1.1878234075056042,0.9185670426353768,2.4736343599364333e-10,0.23858740189851702,1.1730459156543696e-06,0.0010491791891907882,0.6710563190997993
0da6fabc,18.53689339124992,2.1,0.03604725444339257,0.029077687064966096,0.022107108445735234,0.0,4.263746488664266,7.34477605302542,6.857407270289048,0,0.011589080964692635,0.060505427922092514,0.02645054829871937,0.037581726535578334,0.0232007863606006,0.009504582002831807,0.03470963488863866,2.6644603616823193,1.599286126981946,1.780457718081156,2.509436921079133,3.054881413865131,3.9519161414027906,2.9054911288862577,0.0039033713298849606,0.01186619123142014,0.002471072513999209,0.007766976638349486,0.006917990125144688,0.00298639896016107,0.002011203107209209,0.0,0.008706950379983999,0.0,0.0,0.0,0.0,0.0,9.09231159635885,160.48435658509825,0.788216321042454,4.067535204523559,15.023100846878815,15.728149880696435,0.13232800798507224,1,2,1,1,0,1,1,0.45865770657202776,0.00013655926843870114,1.3521426111316823e-06,0.0028157980664774004,2.45047858206588,0.296171735616862,0.22060361047450863,2.3072553846359737e-05,0.4757333713432539,5.377686308705341,1.2665243172001392,1.0721189026289535,1.00456007214016e-09,0.38371725839962945,1.329642083959146e-06,0.0004892290906609614,0.45141673153274176
ea8938ad,16.43534031800593,2.1,0.02483246138244091,0.03653818458332506,0.049152757262490424,0.0,3.485574318580093,8.77797467806245,3.7682709401918255,0,0.034084502277641295,0.015580420487240525,0.08734179338778866,0.014197409167952564,0.008075351194233962,0.0710641782218382,0.027241336303142648,0.21224258933404264,3.2733317292460504,0.5499030101320107,3.9592456563404452,4.268826011589993,0.14500926027189687,3.6232616799199286,0.008384959993513064,0.0026327165930351212,0.0005548452494127122,0.00580904839854916,0.0029207813553404714,0.0011163367316106118,0.0001386168021381474,0.0,0.0,0.0,0.0,0.0,0.0,0.0,1.8992475552716868,7.9994489863853655,9.040842175020302,22.26652795492995,1.289681514145148,13.892079635209866,110.49872547072185,1,2,2,0,2,2,2,0.6818060848512743,0.00013352349892173558,7.263669863569111e-06,0.0032925590438578557,9.548980539383923,0.4824645747284705,0.12891089722252325,4.673105740721038e-06,0.5768453550919469,4.886065478448136,1.150998573880245,0.7810914571446039,1.1664351127535059e-09,0.009110314458563975,1.0000084960142622e-06,3.108618628451448e-06,0.5491676396549412
0169ae57,27.268306378384732,2.1,0.0070724793330400985,0.011764911605167417,0.01073307965435507,0.0,7.771207207341826,11.296119219991027,8.195322696516238,0,0.0057895440176305565,0.00835541464844964,0.015893934612410694,0.011122938936885129,0.00827786126620643,0.008818611824338183,0.012647547484371954,3.7424838800313664,4.028723327310459,2.870580256010208,4.174349954805207,4.251189009175613,4.023422503308204,4.1719001932080335,0.009170223611912418,0.0021222966635438484,0.0063952831296846795,0.005544059722272364,0.00018568828430820105,0.0023619241469068604,0.010401705792019498,0.0,0.0,0.0,0.0,0.0,0.0,0.0,57.61446600155746,15.16976418388441,16.0204499613294,7.00941941745918,13.286352073729136,6.200577408730955,4.370052224001333,1,1,1,1,2,2,2,0.5852532031912935,0.0003573911946555149,3.846010398929893e-06,0.006343084443219971,1.7016433786473788,0.013238591993648869,0.3609951044479373,3.953575315264115e-06,0.46343783436513625,4.994892529535218,1.0445683243822643,0.9904982463132485,2.660971154841458e-10,0.42973633718784854,1.6179580360611745e-06,0.00034339868188054077,0.3694185300316505
8e729409,1000000.0,2.1,0.05536716709600698,-0.03837707731724627,-0.07617069546725004,0.0,13.687770252285869,31.774650431523604,26.29861627692166,0,0.09767214976111128,0.013062184430902676,-0.0039993109153867844,-0.01992069473637676,-0.09121122629997527,-0.013243116429358512,-0.13909827450514156,9.177285204490865,4.510485047795004,5.940591957948959,8.129243086358802,17.70481538721584,6.831636716982531,19.46697955993913,0.0906594964892542,0.06354282637004702,0.08343207607692622,0.2691803389909794,0.2124982832386183,0.005463558927668743,0.2278413440919594,0.1053486070698665,0.08163531248411939,0.08698414770097397,0.05907279900133527,0.10409710044458559,0.08288120645267474,0.0721189243307744,139.92818922377475,140.46488782672535,88.95227617801032,149.2622834831984,56.95158708342902,39.391148299896656,21.275512990826385,0,0,1,0,0,2,1,0.8573693094378725,0.00012568300577763,8.274547325004921e-06,0.0009668777479734477,4.798588227083139,0.10201472841526144,0.32415888419458416,2.475339426240291e-05,0.981156696816977,4.712637931558547,1.081351256660871,0.7832291845252835,2.2029631527981633e-10,0.6253146834614424,1.380115416862221e-06,1.4119397244014592e-05,0.39307221618692145
f215c68f,15.019311845032774,2.9,0.01586256488295555,0.02687730244225218,0.06425661574381905,0.0,5.436067380321413,7.541556506032302,1.985310873905786,0,0.012467295516794423,0.019257834249116677,0.036932894180809146,0.020013506445030117,0.02368550670091728,0.047395442690570375,0.08111778879706773,2.5171280104479834,2.9189393698734296,0.9546225092700384,3.5678468936515113,3.0190871031107527,0.9975147934437133,0.9877960804620727,0.0018612666875904367,0.0028095645004268628,0.005636497424485003,0.005556227019109028,0.0006777426672982755,0.004162227317945032,0.0011673628810335635,0.0,0.0,0.0,0.0,0.0,0.0,0.0,4.25303362443628,0.6406465416097392,3.5075404875502088,38.87220329424073,5.993906458184931,7.125160998783524,4.5265202747152085,0,2,2,0,0,1,2,0.4794931862512138,0.0001398883940793094,4.765455973631874e-06,0.0068442264975610515,1.215864851196971,0.3715261710268826,0.5163288099962002,6.389404710094791e-06,0.017832964059526103,4.263076179397797,1.2349936029310724,0.8364495457022598,1.2134376545480208e-09,0.008990230025276868,1.0071467517995692e-06,3.206737147409245e-05,0.6959736823733281
34ff1666,31.279513463650375,2.9,0.004841090521735148,0.006229317906644817,0.003336753722922874,0.0,8.517709419987504,13.239836470055845,9.520923428055188,0,0.0032234322044130026,0.0064587488390572935,0.0035171893982417933,0.008940885277534635,0.0062298790441580225,0.0006397243832541036,0.006033783062591645,4.277170108785924,4.240539311201581,4.478149359121293,4.3304603613389485,4.431226749595605,4.925591484600209,4.595331943454978,0.00023320988136921246,0.010482173974075991,0.0014441631934538589,0.005177138591346331,0.00927835877818397,0.0007848717896171381,0.0014676029686260504,0.0,0.0,0.0,0.0,0.0,0.0,0.0,2.298429405028064,9.697495360017022,19.64586522407053,30.37549797245135,28.479286569032162,0.5879804007437921,16.473043732352465,0,1,2,0,0,2,2,0.3257549177012676,0.00018999786740974648,1.8129550809144593e-06,0.0041473008185259385,2.6600580025784133,0.3781393172049498,0.25665537953789935,1.1117166657705886e-05,0.4748507823767285,5.5098539241967455,0.5252510736333198,0.6807405466533235,4.800072056865156e-10,0.06096273980854337,1.64783750284317e-06,0.0013948102054501697,0.5377175412294568
4244ec8b,45.92105489306381,2.9,-0.014827502611869426,-0.0034166790310373577,0.0009504820100838043,0.0,17.37680413419333,17.347664756569998,11.152810860828964,0,-0.01631175137501246,-0.013343253848726392,-0.008688603110118312,-0.013118381365444175,0.011556947382450413,-0.006933675457893208,0.008834639478060817,9.522713263128866,7.854090871064463,6.412441661601866,6.830400235961113,4.104822859007019,6.607588027094356,4.545222833734608,0.002074721517614046,0.00998862230412647,0.0019050671368952051,0.008832497324948115,0.00337631333756899,0.01465039854191887,0.005352879710571185,0.0,0.1416507705080029,0.0,0.13220132836806398,0.06670692841506616,0.0023013115178662637,0.06590297495955312,36.276710352302125,140.59195215044613,30.829869961410754,123.3799606994125,58.227188160471606,138.43998803231207,24.604282365529063,2,1,1,1,0,2,0,0.4036684704810092,0.00016267820055141356,4.652410411457052e-06,0.0017640150579663078,1.4809103656094174,0.09247631503663861,0.49400705524732325,2.1418401800667618e-05,0.5352308844723046,4.68863706991791,0.7549395941476615,1.2257267759965542,1.4750786782946875e-09,0.30043933776046583,1.0949309049520108e-06,0.0005689309923734643,0.5407500175070636
d4059333,16.93849619373029,2.9,0.015594708202473514,0.04973462348796862,0.03692299342686056,0.0,5.261062852356101,6.990753011937114,4.3813028285207025,0,0.01640969870787417,0.014779717697072859,0.08702723874580867,0.050887881008652415,0.011288750709444795,0.050254645539699716,0.023591341314021408,1.907820308206832,3.3532425441492695,0.5341326050305858,2.46272061639018,3.993899790516349,0.853926634660473,3.527376193860229,0.007111270490298239,0.0042311044441690785,0.002024172960266977,0.005164373152833309,0.0018778510435319173,0.002239890944137481,0.00607654703844647,0.0,0.0,0.0,0.006409340973366016,0.0,0.0,0.006151753547518475,0.24974826963808625,0.14328339761175238,11.656949467189511,130.7927549747899,17.945843407570035,3.031412696179931,42.55257826376251,2,1,2,1,1,1,0,1.6474003220748783,8.605726385533769e-05,2.3631802881147325e-06,0.002087751451996272,8.510841264630836,0.535804343474104,0.1661713429369009,1.0949085839466657e-05,0.8064167114095886,5.004751562255741,0.9780385917796495,1.4333622871322795,7.022260253156897e-10,0.5330418092229874,1.0051572231361394e-06,1.5236734538048844e-06,0.6129237419701948
beec0200,11.240632667004055,2.9,0.035454566758359236,0.048367860239394066,0.06954549704623869,0.0,3.7965196354169715,5.918011132710648,1.5031460702402502,0,0.019657943427372256,0.05125119008934622,0.038768553876426436,0.07040989000407265,0.03592513683768313,0.05909653500231648,0.0799944590901609,1.4688818541811852,2.3276377812357865,0.8361033796923073,1.0291389274724856,4.052768825545854,0.480585508764534,1.0225605614757163,0.0052063291114067154,8.447428922333058e-06,0.0005743280084116755,0.001851679237921108,0.003227868012362022,0.0016961943301193293,0.007510037021581288,0.0,0.003983008012533618,0.0,0.0,0.17918406161707082,0.0,0.0,2.0638700081105985,174.81511787182632,3.020341498488466,4.153304776374434,170.37855269107382,0.5724964677732094,28.076814790828745,1,0,2,1,0,1,2,0.2925825330557919,0.0002704060259719354,7.409872397520569e-06,0.0033033316571143266,1.533922051708046,0.3148974736578951,0.21767333115734988,3.204058354525924e-05,0.592338431281293,4.796887454778335,0.809872188912279,1.1130755707186037,1.6722871361665689e-09,0.4860906298327744,1.3598955963363852e-06,2.1705890512664778e-05,0.4640042554179814
3303095c,15.420880990884017,2.9,0.02154467758652625,0.03487527135007059,0.03176443609726896,0.0,3.9016074679732093,6.445073957498911,4.950065490734511,0,0.024886274636269808,0.01820308053678269,0.05471264500506918,0.03321979605981142,0.016693372985331165,0.04696980325080105,0.016559068943736866,0.8827224969929351,3.0188849709802743,0.13769056502416466,2.7552187466217015,3.5521646458530447,1.0197545457241979,3.930310945010313,0.0010504337050834573,0.009091519103937405,0.005972066714145038,0.010951231871703904,0.0011029614353801368,0.0011931079723591837,0.0027382241733703316,0.0,0.0,0.0,0.0,0.0,0.0,0.0,0.3378121703867053,0.3176281415061569,14.267930766769716,1.3575273923052809,0.1769548285464652,5.104775931360765,6.582323645434773,0,1,2,2,1,2,2,0.2746636052832375,0.0002969039059797121,9.765091179717972e-06,0.0026055427340422157,2.559591165151475,0.35797972320898086,0.3443454700298837,1.2943807406243704e-05,0.989999902930089,4.531944518676057,0.9969448695611578,1.0472116418674733,1.139839681950133e-09,0.14923165825604445,4.720870301321017e-06,2.681537353037141e-05,0.5790220626422974
d580d129,12.545867559669539,2.9,0.029345160719708878,0.07874322975847661,0.05769917939484903,0.0,2.6793413679340277,5.373930296845907,3.961367605121165,0,0.034769190407814565,0.023921131031603187,0.10860151201795464,0.10422642177670174,0.023401755480773462,0.09770835542338856,0.01769000336630951,0.18033423139467425,2.4990071365393534,2.15043403883592,0.18324746530091449,3.0402487927090722,0.09918863300251311,3.862178972118652,0.0014722207187431338,0.008032830908931955,0.007833180031562349,0.0075672825292925705,0.008652101723225362,0.004112822590094533,0.00739082964666071,0.0,0.0,0.0,0.0,0.0,0.0,0.0,2.9008684312528565,20.65869418692099,0.39364748233870855,1.5587540490221383,13.765992497846263,1.9136207744875096,1.2507876806371994,1,0,1,0,0,2,1,1.2997553928979704,8.787508913440314e-05,4.8562073557554965e-06,0.0035670871335139356,1.7390009250142386,0.13454105857175735,0.4574373849170574,2.506154835686372e-05,0.982185988238492,4.648329525441086,0.8401390499039023,1.2112523993433393,8.759652647320513e-10,0.1988927078420188,3.0410041464878586e-06,0.00010439139780620834,0.5303885897532856
f59de68a,24.650587146788958,2.9,0.007122848156786237,0.013104006764484399,0.02461958365937493,0.0,7.999254534407216,10.795460357085801,5.824511382464918,0,0.003395206287040767,0.010850490026531706,0.02121164895588004,0.008958349639833984,0.009142021697739169,0.03457638491648091,0.01466278240226895,4.240255795661446,3.7589987387457695,2.289359456802681,4.329083427956436,4.177017472326684,1.7779587610552572,4.046552621409661,0.0020983137431637195,0.00227111956969421,0.009005073410730743,0.0019009613919636782,0.010004556025892208,0.003289448917577928,0.0077214281059484885,0.0,0.0,0.0,0.0,0.0,0.0,0.0,31.58891531682235,7.198503824627929,18.76976926416939,1.6677385641056826,12.411864356326028,12.339034871672423,36.815487917758986,0,0,0,0,0,2,0,0.43354370961722316,0.0001289591310020796,1.799180326926132e-05,0.016922004540009153,3.3966613145282674,0.06873235311177159,0.30072629172044246,9.846820453400779e-06,0.5697018389459751,5.046249418294797,0.7204824869268913,0.9457949469831334,3.713468884909614e-10,0.2598267903548429,1.419701739663783e-06,0.00018283912865429367,0.34875894653051887
bb58fd93,32.3876508042563,2.9,0.0009615326587399224,0.001023547617008505,0.010659953177967679,0.0,9.712098511978262,14.646251293777722,8.024144857613322,0,0.0004931923720627635,0.0014298729454170812,0.0012899684303523942,0.000469883838934982,0.0013107905817381384,0.013582443664395956,0.007737462691539399,4.885750572464702,4.82634793951356,4.805262494751649,4.963607661878693,4.877381137147379,3.539948206243499,4.484196651369823,9.655099071716492e-05,4.937086613352338e-05,6.332571244062769e-05,0.00020882282352237952,0.00016841503335086015,0.0018261055358975591,0.0031002813307313866,0.0,0.0,0.0,0.0,0.0,0.0,0.0,2.1477975698651655,0.8062152152418042,1.5520401433415216,2.8270312057357105,10.202241595595904,8.91128220753816,0.22815163029333502,1,1,1,1,1,0,0,1.1104340637225283,0.0002458195772522931,2.103079901540671e-06,0.005922019049272451,5.911981803405585,0.696274128364335,0.1604510524813526,2.0411244907574514e-05,0.5720721750637769,4.537849778369769,0.5093815375661093,1.1351549473331504,1.846412854107575e-10,0.21106834096026106,1.1213059803199077e-06,9.677532770317352e-05,0.7449912190288455
5ebb3852,9.686441301517064,2.9,0.07792689858857553,0.09958879713440827,0.036105839623162383,0.0,1.336966526871155,3.311610780558791,4.557890979822634,0,0.03629534987175476,0.11955844730539629,0.0915068643468963,0.16898444339530916,0.03827508366101935,0.03331519615668616,0.038896483089638605,0.1191185540234351,1.2178479728477198,0.7806562625056942,0.48466977462593125,2.0462847434271656,1.8667959135936065,2.691095066229028,0.0004017316075756233,0.007771749110339189,0.0002643353282221713,0.010152002084093167,0.001569098009617778,0.0005642708907804702,0.004177091305333769,0.0,0.06863349231415193,0.0,0.0,0.0,0.0,0.0,2.5273797531642943,14.515620253494765,6.30669400288016,11.888535078592856,22.535868959058217,0.21965837283240666,4.089575563972851,2,2,1,2,0,1,0,0.7385003333827199,0.00037900616865649983,8.793714692489779e-06,0.001820070755207896,3.0505753301484777,0.14508300429984877,0.5137051460772621,1.885189621474769e-05,0.37183854303490427,4.806969255068573,1.102638203559118,0.956981280216721,1.218658609584395e-09,0.36187929328125235,1.0072142437550189e-06,2.2134430123386786e-05,0.5842068939453213
f0f37c85,23.043941313484122,2.9,0.009010976276354617,0.012846577840739275,0.03742605460243037,0.0,7.196330370326961,11.373406697804148,4.4048011409341346,0,0.007534856028180999,0.010487096524528235,0.01051620338786784,0.02029105156893238,0.007732478565417602,0.05664840504544779,0.01820370415941295,3.3985581695470777,3.797772200779883,3.525222784103023,3.5495263934088612,4.298657520292264,0.5732755372329041,3.8315256037012304,0.0018539026066937347,0.004389288080483798,0.0017061345621640412,0.0005794165550486344,0.00059974741723599,0.0010746812878248216,0.00975743450102013,0.0,0.0,0.0,0.0,0.0,0.0,0.0,14.15067226575665,31.930997476673685,0.9686540676875701,2.682674115895279,21.34121166740727,2.2761371646674644,2.838986488240414,2,2,0,0,0,2,0,1.331323803621121,0.00017058851905914232,4.599686330333253e-06,0.0049747364261956235,2.6237407840092897,0.6207590185512379,0.46322339446181915,1.1238492716024574e-05,0.5313420627097079,5.210650420546891,0.9734775089716569,1.147808540445222,4.3787223683425335e-10,0.004137648187815478,1.0018205981474717e-06,0.0006725930319693528,0.796385990957519
827e4fc1,18.574149169470065,2.9,0.010597461599119014,0.015983502043148315,0.07541606355213806,0.0,6.94272712537331,10.379374586685007,1.1413353897235812,0,0.006698663186983266,0.014496260011254763,0.015063822988393108,0.018946513050735504,0.013940170090316329,0.06539303941461952,0.08543908768965662,3.5610726274443145,3.3816544979289946,2.9671599701535394,3.638254211891074,3.7739604046403925,0.27968670424369957,0.8616486854798817,0.0014623531604740863,0.00042781027107502987,0.004269460437013362,0.007556809438799519,0.0016973348420820005,0.0010141612139538529,0.014267347418267299,0.0,0.0,0.0,0.0,0.0,0.0,0.0,0.5879226401138464,20.070661866298487,6.364774249151147,7.750669846226184,35.186513515468086,5.726091044811096,22.78150135969728,2,0,0,0,2,1,1,0.6527847847375592,3.895331964611993e-05,7.184859151291454e-06,0.012367188204357154,1.6178026735244537,0.2837677958563973,0.35364247180995206,1.3972700889104866e-05,0.15899281615161692,5.027610375639993,0.9823021641239784,1.019388704561795,8.73807233796019e-10,0.10089146928177198,1.0409144171605802e-06,1.0808170929784303e-05,0.5370225586724502
487c4200,20.611571692228356,2.9,0.030921455387543366,0.03824887694713322,0.024127592927497728,0.0,4.685172543488377,9.465424234915375,6.414477114484184,0,0.0260096743192773,0.035833236455809436,0.03412640968021284,0.03257531706412988,0.048044904097056945,0.014309784223770928,0.03394540163122453,2.7948631591712587,1.8903093843171177,3.178500539006305,2.7922903771831957,3.4946333187258745,3.4688940529937953,2.945583061490388,0.0025767239725089097,0.0016858021753563652,0.0063332028133565345,0.009269050446732034,0.007518219316856711,0.003326977269383342,0.003962511882413408,0.1760783256008101,0.1584157590956417,0.15472705577166884,0.0,0.15923254743736634,0.0,0.0,176.18395139225277,3.4325193988485405,177.97487912234817,3.6693395979971783,176.50134706133443,18.205683613642343,32.12020243731831,2,0,0,0,0,1,0,0.349324213052439,0.00024036896797099795,2.4559334138562275e-06,0.003773525243677529,1.2391902088885811,0.4253636310981059,0.6919032047219131,7.584256741674842e-06,0.48917046383831364,4.91979371620977,1.029871956416719,1.1230594852361115,1.1794535593324514e-09,0.3626868372649579,1.3288918972456347e-06,0.00010706428701390515,0.8228871859706177
92141fc7,28.28061923472735,2.9,0.0006331334126213326,0.002882974831851327,0.05347388388806394,0.0,11.3027181613968,13.899258465296342,2.9567544742748466,0,-0.0036857483109204595,0.004952015136163125,0.026102557266750207,-0.0025337268613973467,-0.014919905909798881,0.03765183623319335,0.06929593154293454,6.138672738580179,5.164045422816621,1.9241391737471023,5.348574738343704,6.626544553205535,1.576049187430357,1.3807052868444896,0.0021399684416782403,0.0021938581179771354,0.0006341695130822696,0.0002581217221653996,0.004792071794794277,0.004351927972873501,0.007665510708903197,0.12151447773298323,0.029192146196850507,0.0559547390580741,0.0750230473347858,0.0617299820911083,0.0,0.0,15.701552697379412,134.97317379029883,49.898132917803395,31.459173704086872,18.29171347486342,66.8067538993248,31.859451363298312,2,2,1,0,0,2,1,0.7163299796017897,6.077942411039517e-05,1.909232245586482e-06,0.002221721256974708,1.0810171896382033,0.4764643963759818,0.3374091751114149,3.664193686353203e-05,0.7218863572288572,4.806835572635449,0.8930590810741598,1.487417159481741,6.166621029401196e-10,0.16597992309337822,1.1445163668061658e-06,0.0004139349272140373,0.6530763716187074
187e232f,22.32769243812475,2.9,0.006849806794187988,0.015534998934687969,0.0378000839443894,0.0,7.697356636927042,10.272368564838413,4.2969449398058845,0,0.007215237052258838,0.006484376536117137,0.020336766092985945,0.014390576180522285,0.011877654530555675,0.05263548419164004,0.02296468369713875,3.460214711775305,4.237141925151737,2.3804335065423072,3.9473958516809273,3.944539206615179,0.7428914205352415,3.5540535192706435,0.0005088035097074789,0.002929698872149088,0.008248613758713615,0.009684538138990778,0.0029963391218226698,0.0002670922035604935,0.007051021082007154,0.0,0.0,0.0,0.0,0.0,0.0,0.001421248798656011,2.791667776241652,19.730777648264585,12.171912524073804,63.08606238624191,27.2097018743506,4.51523940283319,48.14797134748293,0,1,0,1,2,1,0,0.9261584941456356,0.00037258725883881037,7.25968354967094e-06,0.004181907552088026,3.8237612431979873,0.5403884534155523,0.010046399306551396,1.656397798497767e-05,0.618403892980159,4.389138664605941,0.7317350663447786,1.2687217201966505,2.974948721936272e-10,0.18988568820371443,2.313390666864167e-06,0.00014873672877094738,0.5450048898985107
02951548,19.039452538691222,2.9,0.0073825368037251735,0.021155663338780398,0.05675138185128384,0.0,7.512761214701316,9.00732629783581,2.465850626260823,0,0.00803321290015981,0.006731860707290538,0.021799225270877468,0.02343583862060361,0.01823192612486012,0.04985865677972646,0.06364410692284121,3.3034881359378767,4.209273078763439,2.228921400071592,3.347232016942083,3.4311728808221345,0.8733158998347911,1.5925347264260317,0.0005835544657321571,0.0028527133363328494,0.0059726198626467875,0.008026167533911225,0.0024139901498185234,0.006344626624292992,0.01586473988214582,0.0,0.0,0.0,0.0,0.0,0.0,0.0,5.034912003208027,1.2825688339594552,1.5301132784864526,8.953023078677967,10.747121698427385,5.212717678642819,20.120217242297002,2,2,1,1,2,0,2,0.41037930348089036,0.00023387044432770192,2.5705093699104645e-06,0.005505212829599732,2.663646353807761,0.5247899336938058,0.06078293038649443,2.2676941083582343e-05,0.6176037180193023,4.954968782680931,1.2094913285099773,1.2487381491729614,8.613995318252513e-10,0.008903299208769555,1.1125156910099808e-06,1.924148703467173e-06,0.553668515780018
