id,cost,elapsed_min,velocity_flat,velocity_step,cost_flat,cost_step,velocity_scene1_flat,velocity_scene2_flat,velocity_scene4_flat,velocity_scene_wheel_flat,velocity_scene1_step,velocity_scene2_step,velocity_scene4_step,velocity_scene_wheel_step,cost_scene1_flat,cost_scene2_flat,cost_scene4_flat,cost_scene_wheel_flat,cost_scene1_step,cost_scene2_step,cost_scene4_step,cost_scene_wheel_step,velocity_scene1_f10_flat,velocity_scene1_f30_flat,velocity_scene1_f50_flat,velocity_scene2_f10_flat,velocity_scene2_f30_flat,velocity_scene2_f50_flat,velocity_scene4_f10_flat,velocity_scene4_f30_flat,velocity_scene4_f50_flat,velocity_scene_wheel_f10_flat,velocity_scene_wheel_f30_flat,velocity_scene1_f10_step,velocity_scene1_f30_step,velocity_scene2_f10_step,velocity_scene2_f30_step,velocity_scene4_f10_step,velocity_scene4_f30_step,velocity_scene_wheel_f20_step,velocity_scene_wheel_f30_step,cost_scene1_f10_flat,cost_scene1_f30_flat,cost_scene1_f50_flat,cost_scene2_f10_flat,cost_scene2_f30_flat,cost_scene2_f50_flat,cost_scene4_f10_flat,cost_scene4_f30_flat,cost_scene4_f50_flat,cost_scene_wheel_f10_flat,cost_scene_wheel_f30_flat,cost_scene1_f10_step,cost_scene1_f30_step,cost_scene2_f10_step,cost_scene2_f30_step,cost_scene4_f10_step,cost_scene4_f30_step,cost_scene_wheel_f20_step,cost_scene_wheel_f30_step,lateral_scene1_f10_flat,lateral_scene1_f30_flat,lateral_scene1_f50_flat,lateral_scene2_f10_flat,lateral_scene2_f30_flat,lateral_scene2_f50_flat,lateral_scene4_f10_flat,lateral_scene4_f30_flat,lateral_scene4_f50_flat,lateral_scene_wheel_f10_flat,lateral_scene_wheel_f30_flat,lateral_scene1_f10_step,lateral_scene1_f30_step,lateral_scene2_f10_step,lateral_scene2_f30_step,lateral_scene4_f10_step,lateral_scene4_f30_step,lateral_scene_wheel_f20_step,lateral_scene_wheel_f30_step,tumble_scene1_f10_flat,tumble_scene1_f30_flat,tumble_scene1_f50_flat,tumble_scene2_f10_flat,tumble_scene2_f30_flat,tumble_scene2_f50_flat,tumble_scene4_f10_flat,tumble_scene4_f30_flat,tumble_scene4_f50_flat,tumble_scene_wheel_f10_flat,tumble_scene_wheel_f30_flat,tumble_scene1_f10_step,tumble_scene1_f30_step,tumble_scene2_f10_step,tumble_scene2_f30_step,tumble_scene4_f10_step,tumble_scene4_f30_step,tumble_scene_wheel_f20_step,tumble_scene_wheel_f30_step,yaw_scene1_f10_flat,yaw_scene1_f30_flat,yaw_scene1_f50_flat,yaw_scene2_f10_flat,yaw_scene2_f30_flat,yaw_scene2_f50_flat,yaw_scene4_f10_flat,yaw_scene4_f30_flat,yaw_scene4_f50_flat,yaw_scene_wheel_f10_flat,yaw_scene_wheel_f30_flat,yaw_scene1_f10_step,yaw_scene1_f30_step,yaw_scene2_f10_step,yaw_scene2_f30_step,yaw_scene4_f10_step,yaw_scene4_f30_step,yaw_scene_wheel_f20_step,yaw_scene_wheel_f30_step,best_trial_scene1_f10_flat,best_trial_scene1_f30_flat,best_trial_scene1_f50_flat,best_trial_scene2_f10_flat,best_trial_scene2_f30_flat,best_trial_scene2_f50_flat,best_trial_scene4_f10_flat,best_trial_scene4_f30_flat,best_trial_scene4_f50_flat,best_trial_scene_wheel_f10_flat,best_trial_scene_wheel_f30_flat,best_trial_scene1_f10_step,best_trial_scene1_f30_step,best_trial_scene2_f10_step,best_trial_scene2_f30_step,best_trial_scene4_f10_step,best_trial_scene4_f30_step,best_trial_scene_wheel_f20_step,best_trial_scene_wheel_f30_step,sliding_friction,torsional_friction,rolling_friction,solref_timeconst,solref_dampratio,solimp_dmin,solimp_delta_d,solimp_width,solimp_midpoint,solimp_power,magnetic_moment_fudge,magnetic_field_fudge,dof_damping,noslip_iterations,noslip_tolerance,margin,solimp_dmax
36265863,2.809389,0.1,0.0232,0.0000,2.809389,0.000000,,0.0232,,,,,,,,2.809389,,,,,,,0.0000,0.0000,0.0000,0.0232,0.0000,0.0000,0.0000,0.0000,0.0000,0.0000,0.0000,0.0000,0.0000,0.0000,0.0000,0.0000,0.0000,0.0000,0.0000,0.000000,0.000000,0.000000,2.809389,0.000000,0.000000,0.000000,0.000000,0.000000,0.000000,0.000000,0.000000,0.000000,0.000000,0.000000,0.000000,0.000000,0.000000,0.000000,0.000000,0.000000,0.000000,0.000273,0.000000,0.000000,0.000000,0.000000,0.000000,0.000000,0.000000,0.000000,0.000000,0.000000,0.000000,0.000000,0.000000,0.000000,0.000000,0.000000,0.000000,0.000000,0.209233,0.000000,0.000000,0.000000,0.000000,0.000000,0.000000,0.000000,0.000000,0.000000,0.000000,0.000000,0.000000,0.000000,0.000000,0.000000,0.0,0.0,0.0,0.5,0.0,0.0,0.0,0.0,0.0,0.0,0.0,0.0,0.0,0.0,0.0,0.0,0.0,0.0,0.0,,,,1,,,,,,,,,,,,,,,,0.01176375572725996,0.005432326542538478,3.011486547979945e-06,0.0037728842054036192,2.4867862186253467,0.4908369567187846,0.10992052932513735,0.00016129468147122272,0.48480943809223176,4.647126778106082,0.5001055339059599,1.3242035837925887,5.372194690086089e-10,29.322224226856065,4.205373401219449e-05,0.003688862115971342,0.5467934358961211
99f3bb9d,7.089309,0.1,-0.0110,0.0000,7.089309,0.000000,,-0.0110,,,,,,,,7.089309,,,,,,,0.0000,0.0000,0.0000,-0.0110,0.0000,0.0000,0.0000,0.0000,0.0000,0.0000,0.0000,0.0000,0.0000,0.0000,0.0000,0.0000,0.0000,0.0000,0.0000,0.000000,0.000000,0.000000,7.089309,0.000000,0.000000,0.000000,0.000000,0.000000,0.000000,0.000000,0.000000,0.000000,0.000000,0.000000,0.000000,0.000000,0.000000,0.000000,0.000000,0.000000,0.000000,0.002022,0.000000,0.000000,0.000000,0.000000,0.000000,0.000000,0.000000,0.000000,0.000000,0.000000,0.000000,0.000000,0.000000,0.000000,0.000000,0.000000,0.000000,0.000000,0.019844,0.000000,0.000000,0.000000,0.000000,0.000000,0.000000,0.000000,0.000000,0.000000,0.000000,0.000000,0.000000,0.000000,0.000000,0.000000,0.0,0.0,0.0,178.1,0.0,0.0,0.0,0.0,0.0,0.0,0.0,0.0,0.0,0.0,0.0,0.0,0.0,0.0,0.0,,,,1,,,,,,,,,,,,,,,,0.3989299599124329,0.0028754305959368637,3.107742575856264e-05,0.0019970664111687566,2.219484260993437,0.4947205654391822,0.23583543454729194,1.4557173592413084e-05,0.5656814749429299,3.5472855812433237,1.303576533384627,0.5117323869110422,2.0212494857985175e-09,29.936924734919067,9.87970217109578e-06,0.001485949921619722,0.6138597769131879
dfdaf64d,3.689798,0.1,0.0122,0.0000,3.689798,0.000000,,0.0122,,,,,,,,3.689798,,,,,,,0.0000,0.0000,0.0000,0.0122,0.0000,0.0000,0.0000,0.0000,0.0000,0.0000,0.0000,0.0000,0.0000,0.0000,0.0000,0.0000,0.0000,0.0000,0.0000,0.000000,0.000000,0.000000,3.689798,0.000000,0.000000,0.000000,0.000000,0.000000,0.000000,0.000000,0.000000,0.000000,0.000000,0.000000,0.000000,0.000000,0.000000,0.000000,0.000000,0.000000,0.000000,0.002662,0.000000,0.000000,0.000000,0.000000,0.000000,0.000000,0.000000,0.000000,0.000000,0.000000,0.000000,0.000000,0.000000,0.000000,0.000000,0.000000,0.000000,0.000000,0.033713,0.000000,0.000000,0.000000,0.000000,0.000000,0.000000,0.000000,0.000000,0.000000,0.000000,0.000000,0.000000,0.000000,0.000000,0.000000,0.0,0.0,0.0,24.4,0.0,0.0,0.0,0.0,0.0,0.0,0.0,0.0,0.0,0.0,0.0,0.0,0.0,0.0,0.0,,,,2,,,,,,,,,,,,,,,,0.024441931822848015,0.006436048279481231,2.3659566845784983e-05,0.007041248473218816,1.680535791347125,0.4745999619335129,0.39265032967921176,5.351274656248518e-05,0.5201488655273128,4.738440415671024,0.9510924208350054,1.0904372864258833,4.5852150348333655e-10,30.62835385251066,5.752306868910793e-06,0.002563014383677154,0.6808591950608216
a188a6cd,0.775289,0.1,0.0782,0.0000,0.775289,0.000000,,0.0782,,,,,,,,0.775289,,,,,,,0.0000,0.0000,0.0000,0.0782,0.0000,0.0000,0.0000,0.0000,0.0000,0.0000,0.0000,0.0000,0.0000,0.0000,0.0000,0.0000,0.0000,0.0000,0.0000,0.000000,0.000000,0.000000,0.775289,0.000000,0.000000,0.000000,0.000000,0.000000,0.000000,0.000000,0.000000,0.000000,0.000000,0.000000,0.000000,0.000000,0.000000,0.000000,0.000000,0.000000,0.000000,0.016296,0.000000,0.000000,0.000000,0.000000,0.000000,0.000000,0.000000,0.000000,0.000000,0.000000,0.000000,0.000000,0.000000,0.000000,0.000000,0.000000,0.000000,0.000000,0.024078,0.000000,0.000000,0.000000,0.000000,0.000000,0.000000,0.000000,0.000000,0.000000,0.000000,0.000000,0.000000,0.000000,0.000000,0.000000,0.0,0.0,0.0,177.3,0.0,0.0,0.0,0.0,0.0,0.0,0.0,0.0,0.0,0.0,0.0,0.0,0.0,0.0,0.0,,,,2,,,,,,,,,,,,,,,,0.2831963151345367,0.006649411271590921,6.302451826025337e-05,0.005513930963246465,2.563441712340729,0.6998387383011304,0.5236539522693897,0.00014023520944824616,0.4023496386748282,4.455626774345244,0.6273389957427091,1.4976855069698178,1.1866723166684713e-09,29.331703337326307,3.262275630286203e-06,0.0019313266458459578,0.8569670039126831
654b3fdf,1.574629,0.1,0.0411,0.0000,1.574629,0.000000,,0.0411,,,,,,,,1.574629,,,,,,,0.0000,0.0000,0.0000,0.0411,0.0000,0.0000,0.0000,0.0000,0.0000,0.0000,0.0000,0.0000,0.0000,0.0000,0.0000,0.0000,0.0000,0.0000,0.0000,0.000000,0.000000,0.000000,1.574629,0.000000,0.000000,0.000000,0.000000,0.000000,0.000000,0.000000,0.000000,0.000000,0.000000,0.000000,0.000000,0.000000,0.000000,0.000000,0.000000,0.000000,0.000000,0.003922,0.000000,0.000000,0.000000,0.000000,0.000000,0.000000,0.000000,0.000000,0.000000,0.000000,0.000000,0.000000,0.000000,0.000000,0.000000,0.000000,0.000000,0.000000,0.275579,0.000000,0.000000,0.000000,0.000000,0.000000,0.000000,0.000000,0.000000,0.000000,0.000000,0.000000,0.000000,0.000000,0.000000,0.000000,0.0,0.0,0.0,6.1,0.0,0.0,0.0,0.0,0.0,0.0,0.0,0.0,0.0,0.0,0.0,0.0,0.0,0.0,0.0,,,,0,,,,,,,,,,,,,,,,0.12965132592047887,0.00440954256696339,3.740144925115205e-05,0.002398898570165392,2.2272637173664775,0.37720692028058617,0.8208786071876428,0.0006189053073219674,0.8154921054281207,4.241049748218919,0.9564686727587399,0.9428313646647972,7.648844970030432e-09,29.022599132846324,7.233175651755312e-05,0.0030135680907889886,0.8883623482660425
5f434f22,1000000.000000,0.1,0.0000,0.0000,1000000.000000,0.000000,,0.0000,,,,,,,,1000000.000000,,,,,,,0.0000,0.0000,0.0000,0.0000,0.0000,0.0000,0.0000,0.0000,0.0000,0.0000,0.0000,0.0000,0.0000,0.0000,0.0000,0.0000,0.0000,0.0000,0.0000,0.000000,0.000000,0.000000,1000000.000000,0.000000,0.000000,0.000000,0.000000,0.000000,0.000000,0.000000,0.000000,0.000000,0.000000,0.000000,0.000000,0.000000,0.000000,0.000000,0.000000,0.000000,0.000000,0.000000,0.000000,0.000000,0.000000,0.000000,0.000000,0.000000,0.000000,0.000000,0.000000,0.000000,0.000000,0.000000,0.000000,0.000000,0.000000,0.000000,0.000000,0.000000,0.000000,0.000000,0.000000,0.000000,0.000000,0.000000,0.000000,0.000000,0.000000,0.000000,0.000000,0.000000,0.000000,0.000000,0.000000,0.000000,0.0,0.0,0.0,0.0,0.0,0.0,0.0,0.0,0.0,0.0,0.0,0.0,0.0,0.0,0.0,0.0,0.0,0.0,0.0,,,,1,,,,,,,,,,,,,,,,0.15466705933639646,0.0017534612679889865,2.9694169337149663e-05,0.0008812276979862146,8.754964593019197,0.16866353876493567,0.30635006410050813,0.0011569282033163251,0.3652486623503528,4.379845796433312,0.8117120266312268,1.0481527569921387,3.0772450297082195e-10,30.233216005506492,6.368094893186273e-05,0.0016128483447042333,0.4233128819469772
58cec2d7,4.714772,0.1,0.0084,0.0000,4.714772,0.000000,,0.0084,,,,,,,,4.714772,,,,,,,0.0000,0.0000,0.0000,0.0084,0.0000,0.0000,0.0000,0.0000,0.0000,0.0000,0.0000,0.0000,0.0000,0.0000,0.0000,0.0000,0.0000,0.0000,0.0000,0.000000,0.000000,0.000000,4.714772,0.000000,0.000000,0.000000,0.000000,0.000000,0.000000,0.000000,0.000000,0.000000,0.000000,0.000000,0.000000,0.000000,0.000000,0.000000,0.000000,0.000000,0.000000,0.000586,0.000000,0.000000,0.000000,0.000000,0.000000,0.000000,0.000000,0.000000,0.000000,0.000000,0.000000,0.000000,0.000000,0.000000,0.000000,0.000000,0.000000,0.000000,0.016747,0.000000,0.000000,0.000000,0.000000,0.000000,0.000000,0.000000,0.000000,0.000000,0.000000,0.000000,0.000000,0.000000,0.000000,0.000000,0.0,0.0,0.0,177.4,0.0,0.0,0.0,0.0,0.0,0.0,0.0,0.0,0.0,0.0,0.0,0.0,0.0,0.0,0.0,,,,1,,,,,,,,,,,,,,,,0.18299498069111522,0.005751810342450193,8.978457687923273e-06,0.016215600196930885,1.6165253331603107,0.5963078903305972,0.09174569612717409,9.309240636320319e-05,0.7492663021163812,3.804590171512374,0.626259624163648,0.5366733018343014,4.714660185296589e-10,30.014133825297836,7.855831031316124e-06,0.0031362453932536867,0.6333357293836513
29e4e4cf,2.330407,0.1,0.0363,0.0000,2.330407,0.000000,,0.0363,,,,,,,,2.330407,,,,,,,0.0000,0.0000,0.0000,0.0363,0.0000,0.0000,0.0000,0.0000,0.0000,0.0000,0.0000,0.0000,0.0000,0.0000,0.0000,0.0000,0.0000,0.0000,0.0000,0.000000,0.000000,0.000000,2.330407,0.000000,0.000000,0.000000,0.000000,0.000000,0.000000,0.000000,0.000000,0.000000,0.000000,0.000000,0.000000,0.000000,0.000000,0.000000,0.000000,0.000000,0.000000,0.011303,0.000000,0.000000,0.000000,0.000000,0.000000,0.000000,0.000000,0.000000,0.000000,0.000000,0.000000,0.000000,0.000000,0.000000,0.000000,0.000000,0.000000,0.000000,0.022474,0.000000,0.000000,0.000000,0.000000,0.000000,0.000000,0.000000,0.000000,0.000000,0.000000,0.000000,0.000000,0.000000,0.000000,0.000000,0.0,0.0,0.0,179.0,0.0,0.0,0.0,0.0,0.0,0.0,0.0,0.0,0.0,0.0,0.0,0.0,0.0,0.0,0.0,,,,2,,,,,,,,,,,,,,,,0.07609302584082255,0.012436421626900373,1.8660300587226067e-05,0.0012628285000650817,3.4495809745950683,0.5698021295377115,0.12457694962748622,0.0003815354644282756,0.17961424262493098,5.3916310089493305,0.7656936811031314,1.2609085482027935,4.9485701127802635e-09,30.10953375675179,1.873927256982795e-05,0.0015367009867594415,0.6233824102811811
bed81b63,1.560600,0.1,0.0488,0.0000,1.560600,0.000000,,0.0488,,,,,,,,1.560600,,,,,,,0.0000,0.0000,0.0000,0.0488,0.0000,0.0000,0.0000,0.0000,0.0000,0.0000,0.0000,0.0000,0.0000,0.0000,0.0000,0.0000,0.0000,0.0000,0.0000,0.000000,0.000000,0.000000,1.560600,0.000000,0.000000,0.000000,0.000000,0.000000,0.000000,0.000000,0.000000,0.000000,0.000000,0.000000,0.000000,0.000000,0.000000,0.000000,0.000000,0.000000,0.000000,0.008514,0.000000,0.000000,0.000000,0.000000,0.000000,0.000000,0.000000,0.000000,0.000000,0.000000,0.000000,0.000000,0.000000,0.000000,0.000000,0.000000,0.000000,0.000000,0.016456,0.000000,0.000000,0.000000,0.000000,0.000000,0.000000,0.000000,0.000000,0.000000,0.000000,0.000000,0.000000,0.000000,0.000000,0.000000,0.0,0.0,0.0,176.1,0.0,0.0,0.0,0.0,0.0,0.0,0.0,0.0,0.0,0.0,0.0,0.0,0.0,0.0,0.0,,,,2,,,,,,,,,,,,,,,,0.1571098326605085,0.00020188267190119564,2.4405574513723664e-05,0.007850931548062979,1.4628123766543868,0.2977474756763268,0.21665366779911166,0.0002525502387241734,0.06264569025419797,5.138836542672727,0.6049223166531627,1.3627789668143058,4.2250991474217887e-10,30.365226125362426,1.7632515255867954e-05,0.0004874144283956811,0.4498713954254556
8f41d6d6,3.885364,0.1,0.1541,0.0000,3.885364,0.000000,,0.1541,,,,,,,,3.885364,,,,,,,0.0000,0.0000,0.0000,0.1541,0.0000,0.0000,0.0000,0.0000,0.0000,0.0000,0.0000,0.0000,0.0000,0.0000,0.0000,0.0000,0.0000,0.0000,0.0000,0.000000,0.000000,0.000000,3.885364,0.000000,0.000000,0.000000,0.000000,0.000000,0.000000,0.000000,0.000000,0.000000,0.000000,0.000000,0.000000,0.000000,0.000000,0.000000,0.000000,0.000000,0.000000,0.001408,0.000000,0.000000,0.000000,0.000000,0.000000,0.000000,0.000000,0.000000,0.000000,0.000000,0.000000,0.000000,0.000000,0.000000,0.000000,0.000000,0.000000,0.000000,0.161240,0.000000,0.000000,0.000000,0.000000,0.000000,0.000000,0.000000,0.000000,0.000000,0.000000,0.000000,0.000000,0.000000,0.000000,0.000000,0.0,0.0,0.0,74.8,0.0,0.0,0.0,0.0,0.0,0.0,0.0,0.0,0.0,0.0,0.0,0.0,0.0,0.0,0.0,,,,1,,,,,,,,,,,,,,,,0.12105318024858247,0.0015315987081660307,4.455194380676011e-06,0.0013831526393737212,8.29821350126983,0.03292154681039448,0.38333196161303035,0.0008357399225481027,0.7987879731983928,4.603934275624513,1.1075249712512005,0.9347179061192497,1.5303148204041857e-09,29.91706756218591,2.7393334249826968e-05,0.004103962585180802,0.40359529410909983
8b525c5d,2.122368,0.1,0.0387,0.0000,2.122368,0.000000,,0.0387,,,,,,,,2.122368,,,,,,,0.0000,0.0000,0.0000,0.0387,0.0000,0.0000,0.0000,0.0000,0.0000,0.0000,0.0000,0.0000,0.0000,0.0000,0.0000,0.0000,0.0000,0.0000,0.0000,0.000000,0.000000,0.000000,2.122368,0.000000,0.000000,0.000000,0.000000,0.000000,0.000000,0.000000,0.000000,0.000000,0.000000,0.000000,0.000000,0.000000,0.000000,0.000000,0.000000,0.000000,0.000000,0.003699,0.000000,0.000000,0.000000,0.000000,0.000000,0.000000,0.000000,0.000000,0.000000,0.000000,0.000000,0.000000,0.000000,0.000000,0.000000,0.000000,0.000000,0.000000,0.024269,0.000000,0.000000,0.000000,0.000000,0.000000,0.000000,0.000000,0.000000,0.000000,0.000000,0.000000,0.000000,0.000000,0.000000,0.000000,0.0,0.0,0.0,176.4,0.0,0.0,0.0,0.0,0.0,0.0,0.0,0.0,0.0,0.0,0.0,0.0,0.0,0.0,0.0,,,,2,,,,,,,,,,,,,,,,0.3092786592142174,0.00957505416713978,9.294543782410579e-05,0.0028392718201234626,5.775170850245867,0.3600796106171492,0.2809886171270862,0.0005749432241615818,0.8097762659593466,5.088966215265126,0.7434567111226285,1.062221902052308,6.206122769499828e-10,30.043305860610598,3.607151998921754e-05,0.002711400256317048,0.5398618570395504
c7921874,1.630020,0.1,0.0465,0.0000,1.630020,0.000000,,0.0465,,,,,,,,1.630020,,,,,,,0.0000,0.0000,0.0000,0.0465,0.0000,0.0000,0.0000,0.0000,0.0000,0.0000,0.0000,0.0000,0.0000,0.0000,0.0000,0.0000,0.0000,0.0000,0.0000,0.000000,0.000000,0.000000,1.630020,0.000000,0.000000,0.000000,0.000000,0.000000,0.000000,0.000000,0.000000,0.000000,0.000000,0.000000,0.000000,0.000000,0.000000,0.000000,0.000000,0.000000,0.000000,0.000783,0.000000,0.000000,0.000000,0.000000,0.000000,0.000000,0.000000,0.000000,0.000000,0.000000,0.000000,0.000000,0.000000,0.000000,0.000000,0.000000,0.000000,0.000000,0.025543,0.000000,0.000000,0.000000,0.000000,0.000000,0.000000,0.000000,0.000000,0.000000,0.000000,0.000000,0.000000,0.000000,0.000000,0.000000,0.0,0.0,0.0,172.9,0.0,0.0,0.0,0.0,0.0,0.0,0.0,0.0,0.0,0.0,0.0,0.0,0.0,0.0,0.0,,,,1,,,,,,,,,,,,,,,,0.07480666705091497,0.0039014387999195457,7.979373890741458e-06,0.005871878841515228,1.4120524872251121,0.0013210047396354071,0.4436816395977694,0.00046083627727124536,0.34442910030974494,4.603268164365411,1.4275215539777144,1.013880188473927,1.0309148416869643e-09,30.556363797200373,6.335492455467998e-06,0.0018998269703414095,0.44437217062464723
2cde26a6,1.146585,0.1,0.0581,0.0000,1.146585,0.000000,,0.0581,,,,,,,,1.146585,,,,,,,0.0000,0.0000,0.0000,0.0581,0.0000,0.0000,0.0000,0.0000,0.0000,0.0000,0.0000,0.0000,0.0000,0.0000,0.0000,0.0000,0.0000,0.0000,0.0000,0.000000,0.000000,0.000000,1.146585,0.000000,0.000000,0.000000,0.000000,0.000000,0.000000,0.000000,0.000000,0.000000,0.000000,0.000000,0.000000,0.000000,0.000000,0.000000,0.000000,0.000000,0.000000,0.059099,0.000000,0.000000,0.000000,0.000000,0.000000,0.000000,0.000000,0.000000,0.000000,0.000000,0.000000,0.000000,0.000000,0.000000,0.000000,0.000000,0.000000,0.000000,0.177501,0.000000,0.000000,0.000000,0.000000,0.000000,0.000000,0.000000,0.000000,0.000000,0.000000,0.000000,0.000000,0.000000,0.000000,0.000000,0.0,0.0,0.0,99.1,0.0,0.0,0.0,0.0,0.0,0.0,0.0,0.0,0.0,0.0,0.0,0.0,0.0,0.0,0.0,,,,0,,,,,,,,,,,,,,,,0.30358435471067113,0.0008650930612572187,3.660884740974831e-05,0.0032708186921290992,3.1314521405404894,0.5105646134416018,0.6188012647151618,5.999451860468049e-05,0.12401867123128152,4.1403870419245346,1.1627025180808168,1.3710255095997685,5.467949446099947e-10,30.21906049197255,6.985435924153505e-05,0.0027134620830805115,0.8133659695138211
0a639a9a,1.727218,0.1,0.1172,0.0000,1.727218,0.000000,,0.1172,,,,,,,,1.727218,,,,,,,0.0000,0.0000,0.0000,0.1172,0.0000,0.0000,0.0000,0.0000,0.0000,0.0000,0.0000,0.0000,0.0000,0.0000,0.0000,0.0000,0.0000,0.0000,0.0000,0.000000,0.000000,0.000000,1.727218,0.000000,0.000000,0.000000,0.000000,0.000000,0.000000,0.000000,0.000000,0.000000,0.000000,0.000000,0.000000,0.000000,0.000000,0.000000,0.000000,0.000000,0.000000,0.009916,0.000000,0.000000,0.000000,0.000000,0.000000,0.000000,0.000000,0.000000,0.000000,0.000000,0.000000,0.000000,0.000000,0.000000,0.000000,0.000000,0.000000,0.000000,0.192993,0.000000,0.000000,0.000000,0.000000,0.000000,0.000000,0.000000,0.000000,0.000000,0.000000,0.000000,0.000000,0.000000,0.000000,0.000000,0.0,0.0,0.0,176.6,0.0,0.0,0.0,0.0,0.0,0.0,0.0,0.0,0.0,0.0,0.0,0.0,0.0,0.0,0.0,,,,2,,,,,,,,,,,,,,,,0.10943247041894745,0.0054137856157975995,6.468765143711126e-05,0.0007610148492326899,3.93207626079664,0.8470362370206123,0.4138497587206871,0.0005701054236414092,0.9110995363326464,4.774457789432787,1.4769867510212185,1.017750763514779,2.0703741860005755e-09,30.59333302453996,2.247169416279317e-05,0.0031194525792655557,0.9102988684467682
f93085e5,7.512295,0.1,-0.0141,0.0000,7.512295,0.000000,,-0.0141,,,,,,,,7.512295,,,,,,,0.0000,0.0000,0.0000,-0.0141,0.0000,0.0000,0.0000,0.0000,0.0000,0.0000,0.0000,0.0000,0.0000,0.0000,0.0000,0.0000,0.0000,0.0000,0.0000,0.000000,0.000000,0.000000,7.512295,0.000000,0.000000,0.000000,0.000000,0.000000,0.000000,0.000000,0.000000,0.000000,0.000000,0.000000,0.000000,0.000000,0.000000,0.000000,0.000000,0.000000,0.000000,0.001613,0.000000,0.000000,0.000000,0.000000,0.000000,0.000000,0.000000,0.000000,0.000000,0.000000,0.000000,0.000000,0.000000,0.000000,0.000000,0.000000,0.000000,0.000000,0.004123,0.000000,0.000000,0.000000,0.000000,0.000000,0.000000,0.000000,0.000000,0.000000,0.000000,0.000000,0.000000,0.000000,0.000000,0.000000,0.0,0.0,0.0,179.9,0.0,0.0,0.0,0.0,0.0,0.0,0.0,0.0,0.0,0.0,0.0,0.0,0.0,0.0,0.0,,,,1,,,,,,,,,,,,,,,,0.07974449616985532,0.004166200439555413,2.1071467260916275e-05,0.001763924301388206,7.593626206686311,0.6997515327590625,0.5591084603897308,0.001199128537144305,0.4975019033050723,4.942993561757016,0.5233306643627019,0.7268202934515422,5.661519234836167e-09,30.169165978502498,0.00011550541657773192,0.0017330082556919581,0.8675670801664807
362e8d0a,3.937700,0.1,0.1479,0.0000,3.937700,0.000000,,0.1479,,,,,,,,3.937700,,,,,,,0.0000,0.0000,0.0000,0.1479,0.0000,0.0000,0.0000,0.0000,0.0000,0.0000,0.0000,0.0000,0.0000,0.0000,0.0000,0.0000,0.0000,0.0000,0.0000,0.000000,0.000000,0.000000,3.937700,0.000000,0.000000,0.000000,0.000000,0.000000,0.000000,0.000000,0.000000,0.000000,0.000000,0.000000,0.000000,0.000000,0.000000,0.000000,0.000000,0.000000,0.000000,0.014751,0.000000,0.000000,0.000000,0.000000,0.000000,0.000000,0.000000,0.000000,0.000000,0.000000,0.000000,0.000000,0.000000,0.000000,0.000000,0.000000,0.000000,0.000000,0.177533,0.000000,0.000000,0.000000,0.000000,0.000000,0.000000,0.000000,0.000000,0.000000,0.000000,0.000000,0.000000,0.000000,0.000000,0.000000,0.0,0.0,0.0,179.1,0.0,0.0,0.0,0.0,0.0,0.0,0.0,0.0,0.0,0.0,0.0,0.0,0.0,0.0,0.0,,,,1,,,,,,,,,,,,,,,,0.060633635704079945,0.004191549158466823,6.19734955946082e-05,0.022982729680838074,2.5903259789646778,0.40839496444679024,0.29377626459467265,5.3367271273590484e-05,0.6801076227884818,4.7329818145672515,1.496274200531663,0.6820036988353707,3.4203717056690376e-09,29.81222352262412,1.2956162521582884e-05,0.00464549604704634,0.5821651042805512
9e6141cb,1.013127,0.1,0.0910,0.0000,1.013127,0.000000,,0.0910,,,,,,,,1.013127,,,,,,,0.0000,0.0000,0.0000,0.0910,0.0000,0.0000,0.0000,0.0000,0.0000,0.0000,0.0000,0.0000,0.0000,0.0000,0.0000,0.0000,0.0000,0.0000,0.0000,0.000000,0.000000,0.000000,1.013127,0.000000,0.000000,0.000000,0.000000,0.000000,0.000000,0.000000,0.000000,0.000000,0.000000,0.000000,0.000000,0.000000,0.000000,0.000000,0.000000,0.000000,0.000000,0.053158,0.000000,0.000000,0.000000,0.000000,0.000000,0.000000,0.000000,0.000000,0.000000,0.000000,0.000000,0.000000,0.000000,0.000000,0.000000,0.000000,0.000000,0.000000,0.180756,0.000000,0.000000,0.000000,0.000000,0.000000,0.000000,0.000000,0.000000,0.000000,0.000000,0.000000,0.000000,0.000000,0.000000,0.000000,0.0,0.0,0.0,154.1,0.0,0.0,0.0,0.0,0.0,0.0,0.0,0.0,0.0,0.0,0.0,0.0,0.0,0.0,0.0,,,,1,,,,,,,,,,,,,,,,0.0970348057610132,0.012385950493492094,8.488341550990218e-06,0.057420594272943604,1.5578384162338,0.6376163999092943,0.9812166007515349,0.00011877201073950672,0.1919380222639451,4.517126525691948,0.9880563295720466,1.4878591258136689,3.936793872135611e-09,30.188567389490412,3.146620711795315e-05,0.003957268261523094,0.993095082498325
162f4674,1.292661,0.1,0.0569,0.0000,1.292661,0.000000,,0.0569,,,,,,,,1.292661,,,,,,,0.0000,0.0000,0.0000,0.0569,0.0000,0.0000,0.0000,0.0000,0.0000,0.0000,0.0000,0.0000,0.0000,0.0000,0.0000,0.0000,0.0000,0.0000,0.0000,0.000000,0.000000,0.000000,1.292661,0.000000,0.000000,0.000000,0.000000,0.000000,0.000000,0.000000,0.000000,0.000000,0.000000,0.000000,0.000000,0.000000,0.000000,0.000000,0.000000,0.000000,0.000000,0.000361,0.000000,0.000000,0.000000,0.000000,0.000000,0.000000,0.000000,0.000000,0.000000,0.000000,0.000000,0.000000,0.000000,0.000000,0.000000,0.000000,0.000000,0.000000,0.207867,0.000000,0.000000,0.000000,0.000000,0.000000,0.000000,0.000000,0.000000,0.000000,0.000000,0.000000,0.000000,0.000000,0.000000,0.000000,0.0,0.0,0.0,164.7,0.0,0.0,0.0,0.0,0.0,0.0,0.0,0.0,0.0,0.0,0.0,0.0,0.0,0.0,0.0,,,,0,,,,,,,,,,,,,,,,0.1716741758911648,0.0012194679194857834,0.0003012190827069077,0.002482934253425533,4.986727060318291,0.19834418245616636,0.5834515076079394,0.00020165959907030942,0.26538324885353026,4.446275998834425,1.1801821032732394,1.3840032830848408,1.220254304580667e-09,29.975236664908106,5.982165584337447e-05,0.001167407766294202,0.6660131326340305
53e461f2,2.477089,0.1,0.0296,0.0000,2.477089,0.000000,,0.0296,,,,,,,,2.477089,,,,,,,0.0000,0.0000,0.0000,0.0296,0.0000,0.0000,0.0000,0.0000,0.0000,0.0000,0.0000,0.0000,0.0000,0.0000,0.0000,0.0000,0.0000,0.0000,0.0000,0.000000,0.000000,0.000000,2.477089,0.000000,0.000000,0.000000,0.000000,0.000000,0.000000,0.000000,0.000000,0.000000,0.000000,0.000000,0.000000,0.000000,0.000000,0.000000,0.000000,0.000000,0.000000,0.075904,0.000000,0.000000,0.000000,0.000000,0.000000,0.000000,0.000000,0.000000,0.000000,0.000000,0.000000,0.000000,0.000000,0.000000,0.000000,0.000000,0.000000,0.000000,0.024659,0.000000,0.000000,0.000000,0.000000,0.000000,0.000000,0.000000,0.000000,0.000000,0.000000,0.000000,0.000000,0.000000,0.000000,0.000000,0.0,0.0,0.0,7.3,0.0,0.0,0.0,0.0,0.0,0.0,0.0,0.0,0.0,0.0,0.0,0.0,0.0,0.0,0.0,,,,2,,,,,,,,,,,,,,,,0.6788927218244213,0.0020814951073751743,0.00036383212046399487,0.006708385991304201,7.410920952714369,0.4063555246327936,0.3520035612185527,5.994629253267695e-05,0.11439029847941051,4.117065577959815,1.2731171369146865,1.3751557405072536,7.657603239747266e-10,30.024038500144623,6.663652386631727e-06,0.0016580410551157185,0.6152852937036478
69674cb6,1.998839,0.1,0.0377,0.0000,1.998839,0.000000,,0.0377,,,,,,,,1.998839,,,,,,,0.0000,0.0000,0.0000,0.0377,0.0000,0.0000,0.0000,0.0000,0.0000,0.0000,0.0000,0.0000,0.0000,0.0000,0.0000,0.0000,0.0000,0.0000,0.0000,0.000000,0.000000,0.000000,1.998839,0.000000,0.000000,0.000000,0.000000,0.000000,0.000000,0.000000,0.000000,0.000000,0.000000,0.000000,0.000000,0.000000,0.000000,0.000000,0.000000,0.000000,0.000000,0.032787,0.000000,0.000000,0.000000,0.000000,0.000000,0.000000,0.000000,0.000000,0.000000,0.000000,0.000000,0.000000,0.000000,0.000000,0.000000,0.000000,0.000000,0.000000,0.139975,0.000000,0.000000,0.000000,0.000000,0.000000,0.000000,0.000000,0.000000,0.000000,0.000000,0.000000,0.000000,0.000000,0.000000,0.000000,0.0,0.0,0.0,95.9,0.0,0.0,0.0,0.0,0.0,0.0,0.0,0.0,0.0,0.0,0.0,0.0,0.0,0.0,0.0,,,,2,,,,,,,,,,,,,,,,0.049299397931589384,0.00017248771841414114,0.00023461693361002777,0.0029187975367704413,3.725295519661241,0.21905205111469916,0.02850892829990384,0.0002101523865596245,0.28738878087896524,4.108426409922174,0.9776742908329931,1.4773583468489755,5.110459838714325e-09,29.956428747964416,3.2428830241144042e-06,0.0005946957949191378,0.24131318930259718
72c3d19c,0.701190,0.1,0.0579,0.0000,0.701190,0.000000,,0.0579,,,,,,,,0.701190,,,,,,,0.0000,0.0000,0.0000,0.0579,0.0000,0.0000,0.0000,0.0000,0.0000,0.0000,0.0000,0.0000,0.0000,0.0000,0.0000,0.0000,0.0000,0.0000,0.0000,0.000000,0.000000,0.000000,0.701190,0.000000,0.000000,0.000000,0.000000,0.000000,0.000000,0.000000,0.000000,0.000000,0.000000,0.000000,0.000000,0.000000,0.000000,0.000000,0.000000,0.000000,0.000000,0.003982,0.000000,0.000000,0.000000,0.000000,0.000000,0.000000,0.000000,0.000000,0.000000,0.000000,0.000000,0.000000,0.000000,0.000000,0.000000,0.000000,0.000000,0.000000,0.217489,0.000000,0.000000,0.000000,0.000000,0.000000,0.000000,0.000000,0.000000,0.000000,0.000000,0.000000,0.000000,0.000000,0.000000,0.000000,0.0,0.0,0.0,48.8,0.0,0.0,0.0,0.0,0.0,0.0,0.0,0.0,0.0,0.0,0.0,0.0,0.0,0.0,0.0,,,,1,,,,,,,,,,,,,,,,0.08087580263084666,0.0017152540498372702,1.6259457794238103e-05,0.005278546284231921,6.393740242775116,0.8831470677018755,0.41047194648424395,0.0009597437600886182,0.08479714770682661,3.9849965289699036,0.5964060890442222,1.4901885343998262,1.595882417261261e-09,29.31778960512594,2.541845901174933e-05,0.0035885131493566497,0.9310708710800298
9fd9a4b0,4.958006,0.1,0.1645,0.0000,4.958006,0.000000,,0.1645,,,,,,,,4.958006,,,,,,,0.0000,0.0000,0.0000,0.1645,0.0000,0.0000,0.0000,0.0000,0.0000,0.0000,0.0000,0.0000,0.0000,0.0000,0.0000,0.0000,0.0000,0.0000,0.0000,0.000000,0.000000,0.000000,4.958006,0.000000,0.000000,0.000000,0.000000,0.000000,0.000000,0.000000,0.000000,0.000000,0.000000,0.000000,0.000000,0.000000,0.000000,0.000000,0.000000,0.000000,0.000000,0.000925,0.000000,0.000000,0.000000,0.000000,0.000000,0.000000,0.000000,0.000000,0.000000,0.000000,0.000000,0.000000,0.000000,0.000000,0.000000,0.000000,0.000000,0.000000,0.177361,0.000000,0.000000,0.000000,0.000000,0.000000,0.000000,0.000000,0.000000,0.000000,0.000000,0.000000,0.000000,0.000000,0.000000,0.000000,0.0,0.0,0.0,0.3,0.0,0.0,0.0,0.0,0.0,0.0,0.0,0.0,0.0,0.0,0.0,0.0,0.0,0.0,0.0,,,,2,,,,,,,,,,,,,,,,0.4702839346864043,0.0044044823026565755,4.017441579361756e-05,0.0025203787392450447,2.331349094041277,0.7783459660385648,0.39161346155524057,0.00040200117815468255,0.7006062139273265,4.884826318788668,0.8165944671797544,0.8318343474945409,1.399083308645941e-09,29.5529957885797,3.47104482972078e-06,0.00403398331386747,0.8651095081997298
5cb4d329,1.617431,0.1,0.1192,0.0000,1.617431,0.000000,,0.1192,,,,,,,,1.617431,,,,,,,0.0000,0.0000,0.0000,0.1192,0.0000,0.0000,0.0000,0.0000,0.0000,0.0000,0.0000,0.0000,0.0000,0.0000,0.0000,0.0000,0.0000,0.0000,0.0000,0.000000,0.000000,0.000000,1.617431,0.000000,0.000000,0.000000,0.000000,0.000000,0.000000,0.000000,0.000000,0.000000,0.000000,0.000000,0.000000,0.000000,0.000000,0.000000,0.000000,0.000000,0.000000,0.001996,0.000000,0.000000,0.000000,0.000000,0.000000,0.000000,0.000000,0.000000,0.000000,0.000000,0.000000,0.000000,0.000000,0.000000,0.000000,0.000000,0.000000,0.000000,0.013432,0.000000,0.000000,0.000000,0.000000,0.000000,0.000000,0.000000,0.000000,0.000000,0.000000,0.000000,0.000000,0.000000,0.000000,0.000000,0.0,0.0,0.0,178.7,0.0,0.0,0.0,0.0,0.0,0.0,0.0,0.0,0.0,0.0,0.0,0.0,0.0,0.0,0.0,,,,1,,,,,,,,,,,,,,,,1.241702729235979,0.0013780178530742027,0.0001138520878496845,0.014789174286939367,6.98787154564247,0.3589475493368179,0.5176452204072288,0.0005272006438288991,0.8371175370388342,4.805586273212073,0.5467015238078041,1.3950211329457638,1.5969357248929218e-09,29.94368982171044,2.1228400165196346e-05,0.000399978187027648,0.6907335219309143
883692d0,1.618534,0.1,0.0488,0.0000,1.618534,0.000000,,0.0488,,,,,,,,1.618534,,,,,,,0.0000,0.0000,0.0000,0.0488,0.0000,0.0000,0.0000,0.0000,0.0000,0.0000,0.0000,0.0000,0.0000,0.0000,0.0000,0.0000,0.0000,0.0000,0.0000,0.000000,0.000000,0.000000,1.618534,0.000000,0.000000,0.000000,0.000000,0.000000,0.000000,0.000000,0.000000,0.000000,0.000000,0.000000,0.000000,0.000000,0.000000,0.000000,0.000000,0.000000,0.000000,0.015730,0.000000,0.000000,0.000000,0.000000,0.000000,0.000000,0.000000,0.000000,0.000000,0.000000,0.000000,0.000000,0.000000,0.000000,0.000000,0.000000,0.000000,0.000000,0.017835,0.000000,0.000000,0.000000,0.000000,0.000000,0.000000,0.000000,0.000000,0.000000,0.000000,0.000000,0.000000,0.000000,0.000000,0.000000,0.0,0.0,0.0,180.0,0.0,0.0,0.0,0.0,0.0,0.0,0.0,0.0,0.0,0.0,0.0,0.0,0.0,0.0,0.0,,,,2,,,,,,,,,,,,,,,,0.09562939772119566,0.0008636048936172879,1.6384095547968728e-05,0.002683294150216715,7.971113199560705,0.5303904051191575,0.5258215677771938,0.00012396320175480619,0.05847530517039613,4.299451829581051,0.7672876482546844,0.9273796514177924,1.7847846455191214e-09,30.263815835426968,1.0952056052213838e-05,0.0012884031469862103,0.7772686763858372
e641521a,0.681964,0.1,0.0777,0.0000,0.681964,0.000000,,0.0777,,,,,,,,0.681964,,,,,,,0.0000,0.0000,0.0000,0.0777,0.0000,0.0000,0.0000,0.0000,0.0000,0.0000,0.0000,0.0000,0.0000,0.0000,0.0000,0.0000,0.0000,0.0000,0.0000,0.000000,0.000000,0.000000,0.681964,0.000000,0.000000,0.000000,0.000000,0.000000,0.000000,0.000000,0.000000,0.000000,0.000000,0.000000,0.000000,0.000000,0.000000,0.000000,0.000000,0.000000,0.000000,0.000751,0.000000,0.000000,0.000000,0.000000,0.000000,0.000000,0.000000,0.000000,0.000000,0.000000,0.000000,0.000000,0.000000,0.000000,0.000000,0.000000,0.000000,0.000000,0.013374,0.000000,0.000000,0.000000,0.000000,0.000000,0.000000,0.000000,0.000000,0.000000,0.000000,0.000000,0.000000,0.000000,0.000000,0.000000,0.0,0.0,0.0,175.7,0.0,0.0,0.0,0.0,0.0,0.0,0.0,0.0,0.0,0.0,0.0,0.0,0.0,0.0,0.0,,,,2,,,,,,,,,,,,,,,,0.5123253708419936,0.003506482753409001,8.764009508715569e-05,0.015636357239470055,4.494402281639586,0.5131923247619996,0.23217078141160935,6.329526310975215e-05,0.2144573981120473,5.5238592525837324,0.5173808816195176,1.0225990812377634,3.29137113742192e-10,29.756972718085947,1.6884461966643643e-05,0.0008609463846416742,0.626191626041034
80f00f7d,0.826436,0.1,0.0525,0.0000,0.826436,0.000000,,0.0525,,,,,,,,0.826436,,,,,,,0.0000,0.0000,0.0000,0.0525,0.0000,0.0000,0.0000,0.0000,0.0000,0.0000,0.0000,0.0000,0.0000,0.0000,0.0000,0.0000,0.0000,0.0000,0.0000,0.000000,0.000000,0.000000,0.826436,0.000000,0.000000,0.000000,0.000000,0.000000,0.000000,0.000000,0.000000,0.000000,0.000000,0.000000,0.000000,0.000000,0.000000,0.000000,0.000000,0.000000,0.000000,0.016117,0.000000,0.000000,0.000000,0.000000,0.000000,0.000000,0.000000,0.000000,0.000000,0.000000,0.000000,0.000000,0.000000,0.000000,0.000000,0.000000,0.000000,0.000000,0.065790,0.000000,0.000000,0.000000,0.000000,0.000000,0.000000,0.000000,0.000000,0.000000,0.000000,0.000000,0.000000,0.000000,0.000000,0.000000,0.0,0.0,0.0,14.0,0.0,0.0,0.0,0.0,0.0,0.0,0.0,0.0,0.0,0.0,0.0,0.0,0.0,0.0,0.0,,,,1,,,,,,,,,,,,,,,,0.4978890090022913,0.00044444344636302406,3.998136525806456e-05,0.003815578991803037,6.417726570546986,0.5994135625178054,0.04361959486927976,0.00010884860828598324,0.37821213782199214,5.151076493422359,1.216887476529199,1.3136308038504887,1.172764421244768e-09,30.06296640717634,1.1669787719858957e-05,0.0005816768438766884,0.6168826186714199
1e1740be,0.549411,0.1,0.0926,0.0000,0.549411,0.000000,,0.0926,,,,,,,,0.549411,,,,,,,0.0000,0.0000,0.0000,0.0926,0.0000,0.0000,0.0000,0.0000,0.0000,0.0000,0.0000,0.0000,0.0000,0.0000,0.0000,0.0000,0.0000,0.0000,0.0000,0.000000,0.000000,0.000000,0.549411,0.000000,0.000000,0.000000,0.000000,0.000000,0.000000,0.000000,0.000000,0.000000,0.000000,0.000000,0.000000,0.000000,0.000000,0.000000,0.000000,0.000000,0.000000,0.060285,0.000000,0.000000,0.000000,0.000000,0.000000,0.000000,0.000000,0.000000,0.000000,0.000000,0.000000,0.000000,0.000000,0.000000,0.000000,0.000000,0.000000,0.000000,0.184196,0.000000,0.000000,0.000000,0.000000,0.000000,0.000000,0.000000,0.000000,0.000000,0.000000,0.000000,0.000000,0.000000,0.000000,0.000000,0.0,0.0,0.0,0.8,0.0,0.0,0.0,0.0,0.0,0.0,0.0,0.0,0.0,0.0,0.0,0.0,0.0,0.0,0.0,,,,1,,,,,,,,,,,,,,,,0.23827228172257206,0.0022517023221377813,2.324737723407204e-05,0.0027788418278589097,8.236528736678805,0.9979121939102003,0.3155545165818927,0.00022001547558882738,0.9838478461640721,5.17482821578562,1.1932347642781052,1.350315918602881,2.678210062613246e-09,29.353046202335115,1.5019554159046006e-05,0.0009663837313063481,0.9985394550999256
de6a3321,4.041021,0.1,0.0106,0.0000,4.041021,0.000000,,0.0106,,,,,,,,4.041021,,,,,,,0.0000,0.0000,0.0000,0.0106,0.0000,0.0000,0.0000,0.0000,0.0000,0.0000,0.0000,0.0000,0.0000,0.0000,0.0000,0.0000,0.0000,0.0000,0.0000,0.000000,0.000000,0.000000,4.041021,0.000000,0.000000,0.000000,0.000000,0.000000,0.000000,0.000000,0.000000,0.000000,0.000000,0.000000,0.000000,0.000000,0.000000,0.000000,0.000000,0.000000,0.000000,0.001441,0.000000,0.000000,0.000000,0.000000,0.000000,0.000000,0.000000,0.000000,0.000000,0.000000,0.000000,0.000000,0.000000,0.000000,0.000000,0.000000,0.000000,0.000000,0.224305,0.000000,0.000000,0.000000,0.000000,0.000000,0.000000,0.000000,0.000000,0.000000,0.000000,0.000000,0.000000,0.000000,0.000000,0.000000,0.0,0.0,0.0,5.9,0.0,0.0,0.0,0.0,0.0,0.0,0.0,0.0,0.0,0.0,0.0,0.0,0.0,0.0,0.0,,,,0,,,,,,,,,,,,,,,,0.03381697914040119,0.002602775456311582,1.3171887908224613e-05,0.0008932301144806835,3.193172572691157,0.0070102317374686855,0.9518079715509095,0.00010159800143683325,0.02086256956935845,4.403935792666748,1.2216884842809703,1.2905021053898396,1.8512493816328623e-10,29.838290592467587,5.6380565709475276e-06,0.0009908368084363046,0.9520506280410812
0aa8f0a9,7.107080,0.1,-0.0093,0.0000,7.107080,0.000000,,-0.0093,,,,,,,,7.107080,,,,,,,0.0000,0.0000,0.0000,-0.0093,0.0000,0.0000,0.0000,0.0000,0.0000,0.0000,0.0000,0.0000,0.0000,0.0000,0.0000,0.0000,0.0000,0.0000,0.0000,0.000000,0.000000,0.000000,7.107080,0.000000,0.000000,0.000000,0.000000,0.000000,0.000000,0.000000,0.000000,0.000000,0.000000,0.000000,0.000000,0.000000,0.000000,0.000000,0.000000,0.000000,0.000000,0.053020,0.000000,0.000000,0.000000,0.000000,0.000000,0.000000,0.000000,0.000000,0.000000,0.000000,0.000000,0.000000,0.000000,0.000000,0.000000,0.000000,0.000000,0.000000,0.026492,0.000000,0.000000,0.000000,0.000000,0.000000,0.000000,0.000000,0.000000,0.000000,0.000000,0.000000,0.000000,0.000000,0.000000,0.000000,0.0,0.0,0.0,173.6,0.0,0.0,0.0,0.0,0.0,0.0,0.0,0.0,0.0,0.0,0.0,0.0,0.0,0.0,0.0,,,,0,,,,,,,,,,,,,,,,0.12033791502221411,0.008586233971237959,1.7391566859950544e-05,0.0030792075753601025,4.855754550178262,0.1956781229957939,0.6689208137554175,0.00026772637456474,0.37100198946549406,4.789598627183575,1.3465087436498497,1.3641348546716843,1.5075423058108533e-10,29.534073960406594,6.146633679914368e-06,0.0011624919674827086,0.7336388754013567
57328aab,0.630617,0.1,0.0732,0.0000,0.630617,0.000000,,0.0732,,,,,,,,0.630617,,,,,,,0.0000,0.0000,0.0000,0.0732,0.0000,0.0000,0.0000,0.0000,0.0000,0.0000,0.0000,0.0000,0.0000,0.0000,0.0000,0.0000,0.0000,0.0000,0.0000,0.000000,0.000000,0.000000,0.630617,0.000000,0.000000,0.000000,0.000000,0.000000,0.000000,0.000000,0.000000,0.000000,0.000000,0.000000,0.000000,0.000000,0.000000,0.000000,0.000000,0.000000,0.000000,0.024262,0.000000,0.000000,0.000000,0.000000,0.000000,0.000000,0.000000,0.000000,0.000000,0.000000,0.000000,0.000000,0.000000,0.000000,0.000000,0.000000,0.000000,0.000000,0.033162,0.000000,0.000000,0.000000,0.000000,0.000000,0.000000,0.000000,0.000000,0.000000,0.000000,0.000000,0.000000,0.000000,0.000000,0.000000,0.0,0.0,0.0,132.6,0.0,0.0,0.0,0.0,0.0,0.0,0.0,0.0,0.0,0.0,0.0,0.0,0.0,0.0,0.0,,,,1,,,,,,,,,,,,,,,,0.2341347229676356,0.0036118991520103206,3.235600619356178e-05,0.0027346639655418184,2.863809909886532,0.23240837184556112,0.15820676651558147,0.00031266540134328885,0.3952409591847872,4.002433236032445,1.313071377551197,1.2154339069379587,4.0381928346322405e-09,30.077329168404823,7.2053360543575944e-06,0.0009467044129864321,0.3538307406636539
0525b290,4.281470,0.1,0.1539,0.0000,4.281470,0.000000,,0.1539,,,,,,,,4.281470,,,,,,,0.0000,0.0000,0.0000,0.1539,0.0000,0.0000,0.0000,0.0000,0.0000,0.0000,0.0000,0.0000,0.0000,0.0000,0.0000,0.0000,0.0000,0.0000,0.0000,0.000000,0.000000,0.000000,4.281470,0.000000,0.000000,0.000000,0.000000,0.000000,0.000000,0.000000,0.000000,0.000000,0.000000,0.000000,0.000000,0.000000,0.000000,0.000000,0.000000,0.000000,0.000000,0.004493,0.000000,0.000000,0.000000,0.000000,0.000000,0.000000,0.000000,0.000000,0.000000,0.000000,0.000000,0.000000,0.000000,0.000000,0.000000,0.000000,0.000000,0.000000,0.004296,0.000000,0.000000,0.000000,0.000000,0.000000,0.000000,0.000000,0.000000,0.000000,0.000000,0.000000,0.000000,0.000000,0.000000,0.000000,0.0,0.0,0.0,175.2,0.0,0.0,0.0,0.0,0.0,0.0,0.0,0.0,0.0,0.0,0.0,0.0,0.0,0.0,0.0,,,,0,,,,,,,,,,,,,,,,1.971964656038424,0.005150525337981614,2.427152999335459e-05,0.0009355404448536694,1.1947850222268932,0.8131554261884107,0.5467454628287745,0.00013363544509450732,0.1293622318232852,3.9717486780355173,0.5934750651471443,1.2552004834261659,7.540526869333775e-10,30.717389164634625,5.766058782116209e-06,0.0011194993237547072,0.9152571746277903
7a3627a8,8.143906,0.1,-0.0184,0.0000,8.143906,0.000000,,-0.0184,,,,,,,,8.143906,,,,,,,0.0000,0.0000,0.0000,-0.0184,0.0000,0.0000,0.0000,0.0000,0.0000,0.0000,0.0000,0.0000,0.0000,0.0000,0.0000,0.0000,0.0000,0.0000,0.0000,0.000000,0.000000,0.000000,8.143906,0.000000,0.000000,0.000000,0.000000,0.000000,0.000000,0.000000,0.000000,0.000000,0.000000,0.000000,0.000000,0.000000,0.000000,0.000000,0.000000,0.000000,0.000000,0.005004,0.000000,0.000000,0.000000,0.000000,0.000000,0.000000,0.000000,0.000000,0.000000,0.000000,0.000000,0.000000,0.000000,0.000000,0.000000,0.000000,0.000000,0.000000,0.016504,0.000000,0.000000,0.000000,0.000000,0.000000,0.000000,0.000000,0.000000,0.000000,0.000000,0.000000,0.000000,0.000000,0.000000,0.000000,0.0,0.0,0.0,176.8,0.0,0.0,0.0,0.0,0.0,0.0,0.0,0.0,0.0,0.0,0.0,0.0,0.0,0.0,0.0,,,,1,,,,,,,,,,,,,,,,0.44821155342960595,0.004458410380507253,0.00012607090174609917,0.003061333037864792,1.8606980361729013,0.7273176091841391,0.4114429140443242,0.00040477862250644153,0.3637963198633941,4.710849724738669,1.1952067265875324,0.6324910267843492,3.0674781169105165e-09,30.287848368655162,1.424056423639555e-05,0.002289493225974167,0.8394697023785858
