id,cost,velocity_scene4,velocity_scene2,cost_scene4,cost_scene2,velocity_scene4_f30,velocity_scene2_f30,cost_scene4_f30,cost_scene2_f30,sliding_friction,torsional_friction,rolling_friction,solref_timeconst,solref_dampratio,solimp_dmin,solimp_dmax,solimp_width,solimp_midpoint,solimp_power,magnetic_moment_fudge,magnetic_field_fudge,dof_damping
a9eb0495,0.5950258905016188,0.03410455242373888,0.04466756098148733,0.35346923673334746,0.24155665376827137,0.03410455242373888,0.04466756098148733,0.35346923673334746,0.24155665376827137,0.0010251245028333018,0.0081452228834028,0.05388550972627239,0.032264159755217826,1.3732811017109758,0.8786825401722523,0.967195635410058,0.003013064775868027,0.34357064882920496,4.238957941734388,1.0499639418097841,0.6268338183958506,1.5895195609747346e-10
8182467a,1.6991122412219883,0.008839526455480421,0.6444968765919753,0.3263173351151157,1.3727949061068727,0.008839526455480421,0.6444968765919753,0.3263173351151157,1.3727949061068727,0.012566714402740056,2.0491083193323006e-05,0.004648529464471078,0.06859197803555887,1.5667757156127353,0.807789049181908,0.99825386326403,0.0008217421491921298,0.1036056441047256,5.224294226195819,1.20925050467342,0.7486598515275547,1.8029946334156742e-09
eea1d4bc,0.5839281847972807,0.0007665156229675221,-0.00939224630149222,0.41511745777180786,0.16881072702547284,0.0007665156229675221,-0.00939224630149222,0.41511745777180786,0.16881072702547284,0.00022050811999490083,0.0019503674657594988,0.0009473931399354601,0.05367180747725867,0.6291017535597073,0.8328827668466402,0.9581785041561401,0.0013237958252098698,0.5945151843610942,5.7776581995346445,1.268819043030958,0.5705888981237057,1.2815339495015978e-10
7264caa0,0.6070868428069831,-0.0014776897636376621,-0.04285726033068524,0.3856625980447927,0.22142424476219047,-0.0014776897636376621,-0.04285726033068524,0.3856625980447927,0.22142424476219047,0.0076688540688596,0.000183345418139068,1.7400946509643106e-05,0.06105352358216682,0.44707456273894197,0.9432422773565695,0.9511723407636401,0.00015626889709185587,0.4694342434653158,5.561666848114752,1.2656274548612934,0.7742156078961218,2.457817499718481e-10
ed1fba0d,1000000.0,-0.03555548099173195,0.0,0.38616431106000804,1000000.0,-0.03555548099173195,0.0,0.38616431106000804,1000000.0,6.444391972846268e-05,4.5782066828772506e-05,0.007346445881606785,0.0981689134168386,1.6555600228098517,0.8368970973782734,0.9682823347354559,0.00020083349039338923,0.38032963076640725,1.5152979776101865,1.3853864858801224,1.4365881447245998,3.7403366638055843e-10
3af57714,0.5899451567373185,0.010708963319047431,0.07502495361299502,0.3844113568192184,0.20553379991810014,0.010708963319047431,0.07502495361299502,0.3844113568192184,0.20553379991810014,0.3954294848807081,3.556698060186069e-05,2.852958678307942e-05,0.0751442339641902,0.7017442897347281,0.9233057877025929,0.9513847977812933,0.00041781767208745184,0.8316431360154157,5.931216436744718,0.8340273097140976,0.7439937676989383,7.101674030284956e-10
c488adc3,0.5284145888325061,0.014684413618761633,0.03805908346521599,0.38778832037080324,0.1406262684617029,0.014684413618761633,0.03805908346521599,0.38778832037080324,0.1406262684617029,0.047242413437132764,0.00019607922425239608,0.0007961196894764353,0.08363831728391773,1.0354626116814198,0.9189798657865997,0.9590865910384753,0.007009788380427953,0.1731465954205973,5.415900296639594,0.9296610988969498,0.5373654587766254,1.6132439449454278e-10
fd62aac0,0.5347084920778519,0.3372741663857773,0.24409711598049755,0.28080220312747284,0.25390628895037903,0.3372741663857773,0.24409711598049755,0.28080220312747284,0.25390628895037903,0.032089559255456056,0.06047188171198116,0.00017908980000151504,0.0034110776944146115,1.975527170454793,0.8113933844554214,0.9777602515864405,0.00019902370507284787,0.4818956610345735,3.1706143491143335,0.9966531672542354,0.8502913716550873,1.073886454933248e-09
9691f3a5,0.8258976004932871,0.5630616790157817,0.20804846162482205,0.7160258608533397,0.10987173963994734,0.5630616790157817,0.20804846162482205,0.7160258608533397,0.10987173963994734,0.1275823100392177,0.03413981076557398,0.00016354619314682428,0.09517116675273962,1.7418430393834063,0.8118394587603737,0.9567771183756502,0.0005095359082904493,0.6085832815033363,5.767400750948968,1.1299010664811902,1.4922939998623368,2.391550478094743e-09
a2fb526f,0.4235232382671848,0.26810341110331326,0.17891018672704195,0.21669465444873737,0.20682858381844743,0.26810341110331326,0.17891018672704195,0.21669465444873737,0.20682858381844743,0.0008034748773222976,0.002687100637069945,3.6653130311076474e-05,0.005733974600595265,1.3856447107447096,0.9552280380698711,0.9650889395916918,0.0003061348008977494,0.5829468848594547,2.2318455955127807,0.9757148178123797,1.0174131865987253,3.693169005225914e-10
216004d4,0.3578129368786249,0.13480147857026017,0.12591553872384253,0.22682346025620953,0.13098947662241536,0.13480147857026017,0.12591553872384253,0.22682346025620953,0.13098947662241536,0.031915091167320456,4.754516930416395e-05,6.50587151992039e-05,0.0588952432445585,1.0412269161677548,0.8145992120711759,0.9529089787177537,0.0017027187977457935,0.742389210876693,3.6556011258481997,0.6739974069079988,0.8363279279012747,1.0935048797689825e-09
4e795bae,0.9761146844765239,0.490805048608342,0.42153481333787307,0.49139869653491175,0.4847159879416122,0.490805048608342,0.42153481333787307,0.49139869653491175,0.4847159879416122,0.007926646947855808,0.012583182202131544,0.03317798700186659,0.07776848139122941,1.63800443213041,0.8946091179361461,0.9943808143771794,0.0019215528749994834,0.4098578848724025,3.2134478194779788,1.124828641404195,1.2828164722691193,1.4903336082460015e-09
b5ac97ff,0.43449752357617555,0.26873261595821546,0.20286717239550484,0.2160228285272085,0.21847469504896708,0.26873261595821546,0.20286717239550484,0.2160228285272085,0.21847469504896708,2.3645190300293876e-05,0.08705375002349473,0.002316554973567855,0.01700710370213379,1.967704642677164,0.957828116827909,0.9611187515538105,0.006946532361603357,0.17150087454558893,4.03432692925663,0.8204889001559967,1.0305551451865764,1.8270330141508835e-09
c27cf481,0.5663016138236384,0.06921438978384147,0.022160266048170958,0.29870320966529074,0.2675984041583477,0.06921438978384147,0.022160266048170958,0.29870320966529074,0.2675984041583477,7.567473925136513e-05,0.019922489127261505,0.006442052480195597,0.054791860208117035,0.8905037331972359,0.8943331276623662,0.9878525217078069,0.0001665681019220783,0.33993854257141265,1.8040395591085114,0.5349250946330479,0.9034784424741436,7.931921668012573e-11
7af5a2ac,0.5048449576182215,0.06650667759247639,0.11298567445857614,0.3025184173816471,0.20232654023657437,0.06650667759247639,0.11298567445857614,0.3025184173816471,0.20232654023657437,0.0959621635151978,0.05262566019223874,1.1954473864380014e-05,0.016854890120670585,1.795596950767627,0.9867588397510834,0.9965085486637287,0.007037212640503798,0.17193525155453424,2.3255811479928603,0.98431897629217,0.7114439891320492,1.0548028171983107e-10
34197017,0.6020704907586012,0.036617153388027554,0.03766437715105788,0.3502406013998835,0.25182988935871775,0.036617153388027554,0.03766437715105788,0.3502406013998835,0.25182988935871775,0.004845654232964211,0.017779866478708283,0.007905263430161529,0.009940954456656315,1.7389727383322076,0.8908637732564262,0.9897993666313674,0.006117417095362379,0.6997124375419256,5.977843671664809,0.5289765266279316,0.6779114222998861,2.5029363693471595e-09
628cfcd6,0.4467528054373765,-0.024259841263261195,-0.013747772495921934,0.2915108391606659,0.1552419662767106,-0.024259841263261195,-0.013747772495921934,0.2915108391606659,0.1552419662767106,0.001517238438996253,0.04730315267320388,2.626858226437908e-05,0.043899947385152294,0.45711485409796226,0.8861964153231968,0.9576169546484766,0.0031849679224816908,0.5458723384270411,5.866034888464444,1.2034675311063041,0.8814732328914414,1.7410401998471538e-10
34807e46,0.811181452110318,-0.041302837772344926,-0.11231648364550821,0.39983152820257234,0.4113499239077457,-0.041302837772344926,-0.11231648364550821,0.39983152820257234,0.4113499239077457,0.0031504671917259685,0.0006044851227724624,0.0002783310628894782,0.09969358796817548,0.5371428757913952,0.9568060194378494,0.9926662443449233,0.0001345793776253153,0.3804878917328419,5.301270575104194,1.1585322871069694,1.350462601107711,2.7910532482962446e-10
f92ca65d,4.2140190368205594,0.7746473796936629,0.8358993282308765,1.6895474973070828,2.5244715395134767,0.7746473796936629,0.8358993282308765,1.6895474973070828,2.5244715395134767,0.03415454428757958,0.006160512590310067,0.008575526324555667,0.05855929431478106,1.025391033782449,0.8713071140548897,0.9733329117529745,0.0008658676655543278,0.5548830346423363,1.8385687492066451,1.166800502642023,0.7864419033356307,3.4792948393794246e-09
37bde813,0.4999190564788414,-0.02950877333968864,0.011550712175969086,0.3174035327613598,0.1825155237174816,-0.02950877333968864,0.011550712175969086,0.3174035327613598,0.1825155237174816,0.0005035068399271276,0.009244155083657819,3.022456272226323e-05,0.029473089124898624,0.7861339446440326,0.9323546587833385,0.9904300918966293,0.003936769264283591,0.13734276111516355,3.5043899390929516,1.197468540784269,1.18613705223839,3.869344733131919e-10
e29758ef,0.412456513649436,0.03409977274112686,0.016289541668355983,0.24716430616231067,0.1652922074871253,0.03409977274112686,0.016289541668355983,0.24716430616231067,0.1652922074871253,0.8,0.0002120357696025461,1e-05,0.001,0.1,0.8,0.95,0.0001,0.9,4.037516448780827,1.5,0.5,7e-09
4088cb99,0.42691625114036424,0.13541707743890208,0.12140346137080012,0.22751479519416237,0.19940145594620187,0.13541707743890208,0.12140346137080012,0.22751479519416237,0.19940145594620187,0.0013425928543150559,0.0031031413658860877,7.141590060502965e-05,0.012002138693745796,1.4337264094944804,0.9542024654085014,0.9667808811841732,0.0004303990744496453,0.5809142312113642,2.265997264400604,0.9757471271446319,1.0127858292086516,4.521735916086564e-10
e4305d21,0.38243682217293307,0.06846071862482855,-0.005248305299660373,0.20259101027629803,0.17984581189663507,0.06846071862482855,-0.005248305299660373,0.20259101027629803,0.17984581189663507,0.0030764653167348215,0.0006565489894509446,0.0002354500827918286,0.09910222880762988,0.49507620085319215,0.9603902878733199,0.9927019419222906,0.00013370046125728554,0.3696759287138486,5.378627879635053,1.1526073943091153,1.3461702759395315,2.62417103676692e-10
e81bd491,0.46660141488716783,0.053985706797842654,0.15573610746393107,0.3204581588318896,0.14614325605527823,0.053985706797842654,0.15573610746393107,0.3204581588318896,0.14614325605527823,0.04930471419921586,6.582542347371402e-05,6.701358934648213e-05,0.05493879128367511,1.1302369124808862,0.8366429194229021,0.9500004379170881,0.0010948863921787714,0.796742219014125,3.8039730978226753,0.6856137653775449,0.809693496881128,8.724673000727756e-10
e7027853,0.41110400322214724,0.23845722816848042,0.18059995930493467,0.20379535890766473,0.20730864431448248,0.23845722816848042,0.18059995930493467,0.20379535890766473,0.20730864431448248,0.001131146870897066,0.006522058266522873,0.00011249548358889454,0.008748306463547968,1.5605302064243787,0.9522791319514053,0.968274389268003,0.00031592682046461987,0.5708494919805004,2.2910396280976446,0.9086221275806141,0.996076608229328,3.9516681658984643e-10
716de01f,0.1952995044417854,0.18060869761740167,0.07330482671483732,0.10370330015891326,0.09159620428287213,0.18060869761740167,0.07330482671483732,0.10370330015891326,0.09159620428287213,0.005352921588471738,0.01285269625501555,0.010030468222076481,0.06926960341794895,1.491224865136304,0.9000576865267494,0.9947249469746452,0.00196933519324593,0.36953222245660566,3.2667452817789324,1.1451297399886577,1.2706210835145946,1.1496544425334265e-09
cbd85948,3.6177900293290444,0.6785481550766903,0.8210666377201014,1.1971506964981398,2.4206393328309046,0.6785481550766903,0.8210666377201014,1.1971506964981398,2.4206393328309046,0.045920091484726686,0.0026632259376594,0.00432253453183719,0.05668239307666348,0.934665228299366,0.8690366373775187,0.9704424102720975,0.0010235825850494489,0.6046191359453116,1.8564505682255361,1.0850141173742165,0.7208435184166504,3.0621865841110097e-09
8bf559a5,1.40965632024971,0.5275539738156969,0.5177429298607579,0.5960130748267822,0.8136432454229279,0.5275539738156969,0.5177429298607579,0.5960130748267822,0.8136432454229279,0.007415174627180121,0.012361664019984404,0.033877720566319144,0.07714475491132285,1.6420314293939033,0.8812189805376237,0.9928625347389082,0.0019850528058977736,0.3839240032121076,3.2381501787877096,1.0712888593974454,1.3090895871996435,1.390388496625515e-09
feab62b7,0.6789967201625096,0.270670674853162,0.4471766621982103,0.11292952773733939,0.5660671924251701,0.270670674853162,0.4471766621982103,0.11292952773733939,0.5660671924251701,0.00712681040434424,0.014924288654059861,0.04340994546371078,0.07614325160437874,1.6338272915861616,0.8854204342729961,0.9941440876040399,0.0019446815688802846,0.40128613218451836,3.2856999031004968,1.1107816371210903,1.2721757120332002,1.4537401189808925e-09
7a4f343f,0.6875087471027398,0.00869967911880229,0.007469902014668461,0.4021061678823522,0.2854025792203876,0.00869967911880229,0.007469902014668461,0.4021061678823522,0.2854025792203876,0.031248932380915855,4.75898331288994e-05,9.088713814271877e-05,0.06656999225593022,0.9821880730386562,0.8,0.95,0.003392400724852618,0.7902488521433823,3.7610916533816496,0.5,0.6012072779359905,2.432973781507633e-09
f0c07807,0.5216964159807276,0.021217693950599147,-0.006352726979119256,0.37556404019936795,0.14613237578135957,0.021217693950599147,-0.006352726979119256,0.37556404019936795,0.14613237578135957,0.00023852212580785731,0.0021682013467705357,0.0005333626564094326,0.047764362304271675,0.6827492323774476,0.845907230793135,0.9603372126847776,0.0012466565186974629,0.5756918420889218,5.51659464555845,1.2535029542489085,0.6110417660356838,1.4833506458656948e-10
c9ac4992,0.7771544908532857,-0.018934605776133172,-0.011816805329865007,0.46197470686927317,0.3151797839840125,-0.018934605776133172,-0.011816805329865007,0.46197470686927317,0.3151797839840125,0.06299843661054891,1e-05,0.1,0.001,2.0,0.8,0.999,0.0001,0.1,6.0,1.5,0.5,7e-09
7cefb423,1.2415045502751267,0.3238204984330887,0.5850032252793128,0.1573191171252482,1.0841854331498786,0.3238204984330887,0.5850032252793128,0.1573191171252482,1.0841854331498786,0.014386450109530378,2.070103056523282e-05,0.005980021079361894,0.0656651418672624,1.6150126206963566,0.8157470332853517,0.9961129719402224,0.0006757499508513809,0.13089217077696533,4.972547078254586,1.2229160944373998,0.7466143346789912,1.848456851555839e-09
f1002206,0.5095850431930691,0.06392205299834926,0.0848807408725839,0.3037297228395235,0.2058553203535456,0.06392205299834926,0.0848807408725839,0.3037297228395235,0.2058553203535456,0.0233283403424361,5.408116846947507e-05,1e-05,0.06557625255862191,0.695276099633267,0.8,0.9556400694902196,0.004193064338102045,0.712586241012481,4.842111084175314,0.5918473850727115,0.93413407049759,6.140539138621134e-10
e593ce45,0.5431740451025703,-0.00865468993525021,0.025132672065848714,0.38346351034460013,0.15971053475797012,-0.00865468993525021,0.025132672065848714,0.38346351034460013,0.15971053475797012,0.00874079823147027,0.00019462165758713963,3.018094787712547e-05,0.0701613789870347,0.4000078627064729,0.9059603178718362,0.9506631491526608,0.0002186613590116494,0.43402373108380643,5.891882968418779,1.1717307534952117,0.5,4.6548059160622476e-10
99dd1aea,0.6021990283549972,0.0020636810535465864,0.05262174870092955,0.41508324015551534,0.18711578819948185,0.0020636810535465864,0.05262174870092955,0.41508324015551534,0.18711578819948185,0.000932534714127804,0.0023153146342101147,0.00020552658619828895,0.017941488429663293,1.2587007207225136,0.9364544814094409,0.9636029697552272,0.0005478083633880934,0.5607744147005218,2.830053278111092,0.997349141170008,1.0306868088952683,2.2985940681676346e-10
b2501177,0.6339673612066101,-0.03085967773967503,-0.03951222345415515,0.38299913162924015,0.25096822957737003,-0.03085967773967503,-0.03951222345415515,0.38299913162924015,0.25096822957737003,0.0005834820653221438,0.010578638070553191,8.832553384718269e-05,0.033131625409432604,0.8305574225975088,0.9290551416906874,0.9878665012607549,0.005356204337978356,0.11106453121380586,3.3872698993117294,1.205653242229685,1.1306274635982132,3.5202666339291794e-10
ad62cf99,0.47344876974048755,0.007575536848963182,0.020345392309003504,0.28653681132874115,0.1869119584117464,0.007575536848963182,0.020345392309003504,0.28653681132874115,0.1869119584117464,0.0586025173329723,0.00020659049897319803,0.0014209600247356855,0.07504679674687978,1.3276753099201528,0.9675967998002735,0.9636564725088989,0.009978632966126156,0.1140831269800869,4.481746772257448,1.0825478766518026,0.8183372697939703,7.043396330790233e-11
c5321614,1.6962410184285273,0.06003716231878195,0.6476414386516771,0.3069497447306583,1.389291273697869,0.06003716231878195,0.6476414386516771,0.3069497447306583,1.389291273697869,0.01423073642240183,2.795341124328038e-05,0.00027337823655805413,0.07494841423004334,1.0486659009754657,0.8,0.9809944845056595,0.004324366138184759,0.41197507531359256,5.209995467245332,0.797601034589036,0.7592624619201676,1.472570003218809e-09
0dbeb5c9,0.5321702117172431,0.007172044797772549,-0.040406078161067685,0.27112577914205593,0.2610444325751871,0.007172044797772549,-0.040406078161067685,0.27112577914205593,0.2610444325751871,0.0038857817869901302,0.0005574967197064402,0.0008865661914989793,0.0958759885447317,0.8580690613577339,0.9788982390951793,0.9909111802913297,0.0001,0.45582823283947893,5.380763072244864,1.3662336543544682,1.3416839472806108,1.6964295343891815e-10
0a8bf1bd,5.124712195360963,0.8702589693139916,0.8814534191530302,2.2746638005074318,2.850048394853531,0.8702589693139916,0.8814534191530302,2.2746638005074318,2.850048394853531,0.052107518360183916,0.002808095455980573,0.0003629421706469991,0.050490608032329104,0.8366261092698557,0.8503486240191649,0.970313197757273,0.0004993778319584073,0.5670798624851924,1.0,0.9641824800817691,0.8302306966054905,7e-09
cba178ca,0.5295683157217872,-0.03164191511880948,0.042896889807490964,0.3638396877683963,0.16572862795339094,-0.03164191511880948,0.042896889807490964,0.3638396877683963,0.16572862795339094,0.00021272373549855892,0.002299769291953832,0.02533660164642601,0.09981273547372146,0.1,0.8,0.95,0.001292128729913872,0.71443601281079,6.0,1.269736530412593,0.5,2.2591077639044363e-10
468154e5,0.4339979150678923,0.14330915267881877,0.09043160112792252,0.22214106761713456,0.21185684745075775,0.14330915267881877,0.09043160112792252,0.22214106761713456,0.21185684745075775,0.00026810387154731344,0.0021022553379847343,1.1258764286132281e-05,0.001,1.050948028353463,0.8392626202551201,0.9811299800438195,0.0023497870278861724,0.17022279456226097,6.0,1.4621814243321127,0.5,7.000000000000002e-11
7f880787,0.5883781438423787,0.04074681399775196,0.04001537089105964,0.3419110112932845,0.2464671325490942,0.04074681399775196,0.04001537089105964,0.3419110112932845,0.2464671325490942,0.00025046960438645404,0.0020976234610839877,0.0003493598139243232,0.02761023368934443,1.041591006125878,0.9086978780722279,0.95,0.0006720692064338059,0.8856653436464144,4.675479680606828,0.9713809817173834,0.8133098422483864,1.7956745269886697e-10
f574af91,0.596854329295232,0.03076987510515446,-0.03680977785887532,0.3576795166987812,0.2391748125964508,0.03076987510515446,-0.03680977785887532,0.3576795166987812,0.2391748125964508,0.012643640642889637,0.00010986604157379726,1e-05,0.06784995961391813,0.139616756661364,0.9139027540183464,0.95,0.0002725222769875155,0.16129463703017807,4.833834707266888,0.8971028747875689,1.1052452314046715,2.2623965989652676e-10
e6868894,0.45869203379401124,0.3069955886676337,0.1890608308964595,0.246924214204642,0.21176781958936924,0.3069955886676337,0.1890608308964595,0.246924214204642,0.21176781958936924,2.541566018329388e-05,0.08975239898478736,0.000644563731076382,0.001,2.0,0.9357455112500974,0.9747937541037727,0.01,0.1,4.521871946636112,0.7438528026731549,1.384795136529423,5.919162615396227e-10
9a01910f,0.7143253042035793,-0.00721868810376212,0.007380757536223488,0.4305163363120977,0.2838089678914816,-0.00721868810376212,0.007380757536223488,0.4305163363120977,0.2838089678914816,0.023817845403697746,1e-05,9.46917471856019e-05,0.03509784026634433,1.4984467589647408,0.8,0.999,0.0013582668772745587,0.1,6.0,1.2992921204806973,0.5,7e-09
838f3855,0.70953093469171,-0.0025541041361795288,0.010281995927395189,0.42575345209425985,0.2837774825974502,-0.0025541041361795288,0.010281995927395189,0.42575345209425985,0.2837774825974502,0.17902946308674453,1e-05,0.1,0.016341450568201316,1.7462941024327485,0.8,0.9536089587217329,0.0001,0.33350946717299745,6.0,0.7030616762178863,0.5,7e-09
5829b6da,0.5963999916546994,-0.0185705608880731,-0.030334912761347102,0.348923718275623,0.24747627337907635,-0.0185705608880731,-0.030334912761347102,0.348923718275623,0.24747627337907635,0.016898840327931597,5.5679711962616514e-05,0.0002542772633182231,0.0501961235280174,0.9765837283072559,0.8,0.9826135113160885,0.000460526386718543,0.2386351331340988,6.0,1.236078741080286,1.073886025357309,2.548118276318407e-10
9182e400,0.33990385047517446,0.09018516713586473,0.17256681237451563,0.20750131733096472,0.13240253314420974,0.09018516713586473,0.17256681237451563,0.20750131733096472,0.13240253314420974,0.001873838824473857,0.051657330736589686,0.00014689339666773668,0.02922901366147139,1.0870044879192262,0.9276996333917129,0.9615634686336979,0.01,0.11733536563949545,5.584205427521021,1.1120478253932244,0.810144701362309,1.1773914278051711e-09
60417a93,0.5327394088153361,0.03690161238394272,0.003079363596445263,0.24243848379935923,0.2903009250159768,0.03690161238394272,0.003079363596445263,0.24243848379935923,0.2903009250159768,0.0008849047088861832,0.002124437366909258,9.243338151085588e-05,0.022776966740712723,1.1455827418030453,0.9438233041280146,0.956103678240897,0.00027306477487739646,0.7346868169857741,2.405995468699849,0.8497713336666979,1.2078540944848883,2.964304151774731e-10
02bd14dc,0.7019680916181293,-0.005023657219128376,0.015779630662244578,0.42954239948255224,0.2724256921355771,-0.005023657219128376,0.015779630662244578,0.42954239948255224,0.2724256921355771,0.05046669881342009,0.0028987966010188024,0.05640090708931746,0.06059131592716704,1.0162653129322605,0.8941279903344528,0.9560035374453673,0.01,0.8169768240622391,1.2132488653535116,0.7718473488574448,0.5,2.365084044513779e-09
b3f17ae8,0.4422824002907223,0.27395387224855783,0.2069101744727299,0.22034996164732978,0.22193243864339252,0.27395387224855783,0.2069101744727299,0.22034996164732978,0.22193243864339252,0.0011706022670964116,0.0034285000603051646,1e-05,0.001,1.5691390174848248,0.9797093048450507,0.9889333919875937,0.0004822396058502577,0.1976456073741432,2.0119623814385426,1.092580387159255,0.9345461551605183,5.991878549040617e-10
4df4f2e3,0.4580624153120302,0.2998407783754221,0.2004459863129122,0.24023012498985216,0.217832290322178,0.2998407783754221,0.2004459863129122,0.24023012498985216,0.217832290322178,0.0011169229035154615,0.0031289411410297657,3.7434788725353225e-05,0.0013238004795310286,1.4257244913034517,0.9527146779575554,0.9632274143187664,0.0002940536458853224,0.64794236954701,2.1538248657149093,1.0069252683252587,1.0122007228873893,3.415429495748873e-10
4996c210,0.7998675130952994,-0.038268979366444016,0.0031670815485488656,0.5078347184014544,0.2920327946938449,-0.038268979366444016,0.0031670815485488656,0.5078347184014544,0.2920327946938449,0.4507949306409542,4.0145169466249955e-05,1e-05,0.08550157175935452,0.10036862373385867,0.8032656334498699,0.95,0.001900478616532897,0.9,6.0,0.5,0.5,4.218600983924057e-09
a659ee43,0.5638437894216859,0.3611963073313347,0.24003291522347764,0.31416923170848915,0.24967455771319674,0.3611963073313347,0.24003291522347764,0.31416923170848915,0.24967455771319674,8.08760749296882e-05,0.02140863310768027,2.8780055540949168e-05,0.007450164037852581,1.5341447471355998,0.954097645827961,0.9809853713535359,0.00044879826811095676,0.3155621335841047,3.905251907544843,0.760802409741864,0.9093604257770991,7.000000000000002e-11
bbad5958,0.6112395722866653,0.008268317887308628,0.09640303784830163,0.40294769968174227,0.208291872604923,0.008268317887308628,0.09640303784830163,0.40294769968174227,0.208291872604923,0.03274260583641635,5.4105884673111777e-05,2.434809948773933e-05,0.0644568445125599,0.9088383509038093,0.809428586618211,0.95,0.0034279549016297192,0.7901885502398004,4.093420525578862,0.5,0.6889753074305203,1.4330872263753795e-09
59c936a0,0.5103093359813661,0.03226712687270435,-0.0015318020571641864,0.35505533557738655,0.15525400040397955,0.03226712687270435,-0.0015318020571641864,0.35505533557738655,0.15525400040397955,0.056583713868653907,0.00018465104913341997,0.0014539842871665863,0.062326404750033,1.0180357590899969,0.8997072241555979,0.95,0.01,0.393678539639712,3.875217458185617,0.8562235244407665,0.870562151759643,1.5900104336499803e-10
55b0d57e,0.496282445352701,0.07444817737424535,0.08835531828667927,0.2910563516368837,0.2052260937158173,0.07444817737424535,0.08835531828667927,0.2910563516368837,0.2052260937158173,0.0005814702335147289,0.010243078840635808,2.7796315365387487e-05,0.024919218563374784,1.2920589710399346,0.99,0.9885506198986013,0.0011156357022486204,0.44225182449258227,1.354683442440646,0.5886035685134404,1.5,2.113664515055779e-10
e723a657,0.5850196848973599,0.0013010300601552964,0.005390381563803637,0.38703246780250544,0.19798721709485448,0.0013010300601552964,0.005390381563803637,0.38703246780250544,0.19798721709485448,0.0007764368709397583,0.002003566622392915,0.000935397731526859,0.08722944754719794,0.35232238087776957,0.8881547032062636,0.95,0.002470686491537433,0.46124572682303466,5.879751310633992,1.3135727096550922,0.5405735221069993,6.624109624297714e-10
9fdf1d4b,0.7860172532139377,-0.0364110779389725,-0.0327555068721049,0.45182958815051255,0.3341876650634251,-0.0364110779389725,-0.0327555068721049,0.45182958815051255,0.3341876650634251,0.008230689049670574,0.0001967526333617811,1e-05,0.031995286059556725,0.6611602327792134,0.99,0.9516844058947703,0.0001,0.6997840537417289,5.7361719026311775,1.1663502850631016,1.4825821009656812,7.000000000000002e-11
4e2084cb,0.41240129416664584,0.006408522458465545,0.09204555207130243,0.3117217731845586,0.10067952098208721,0.006408522458465545,0.09204555207130243,0.3117217731845586,0.10067952098208721,0.014433458248084723,2.0709221172481572e-05,7.073367143726844e-05,0.09980197687913127,1.4267238286667263,0.8,0.9983392314272127,0.0013166633022073438,0.1,5.929692482380156,1.4956418344203048,0.5,1.3081886969944099e-09
f702bbac,0.5748192980525304,0.05300751857063033,0.03707474727383872,0.3229472653346297,0.2518720327179007,0.05300751857063033,0.03707474727383872,0.3229472653346297,0.2518720327179007,0.017726739403299645,5.2590389242736265e-05,0.1,0.03918074236684903,0.909226008122852,0.8,0.9549158699289778,0.0008226801913094972,0.3245127257888851,3.3461818234062433,0.5,0.7098200230896888,2.3915757069479164e-09
599962d4,0.45804078568202095,0.3073978934231086,0.19190348063983326,0.2470548024491438,0.21098598323287715,0.3073978934231086,0.19190348063983326,0.2470548024491438,0.21098598323287715,0.014164204052684827,2.172775966013173e-05,0.1,0.0027319310239113104,1.5313252064754552,0.8250607791930896,0.999,0.000615664457336401,0.28014791915811454,5.526550797014881,0.5694148857431893,1.475257560491856,2.1885692714313313e-09
915f2806,0.42303437498179336,0.004223631375813096,0.04115101614201473,0.2817046699984925,0.14132970498330089,0.004223631375813096,0.04115101614201473,0.2817046699984925,0.14132970498330089,0.014343184259564209,2.1195491109261286e-05,0.1,0.08727475981541444,2.0,0.8127072144904878,0.9858924003167568,0.0003925925947253652,0.3531264516776441,2.517385004067156,1.4851119646781838,0.5,6.113440645336312e-10
48e248a3,0.6976771663100352,-0.01553573876080035,0.03927607141266047,0.4535671753833712,0.24410999092666397,-0.01553573876080035,0.03927607141266047,0.4535671753833712,0.24410999092666397,0.013869655774773674,2.2390445213229382e-05,0.0967742216639103,0.06988476017242674,1.3483205919457204,0.8290617804470294,0.9809942763055949,0.002143210458548327,0.1,3.951006730825567,0.7231684548820502,0.5320940013030796,7e-09
7cb39a8e,0.8093810412767819,0.29686835250848365,0.4684296005965018,0.14870103745707502,0.6606800038197069,0.29686835250848365,0.4684296005965018,0.14870103745707502,0.6606800038197069,0.0032759072056609885,0.0006633699847376669,1.134790296569139e-05,0.1,0.2923478916362042,0.9459163545604853,0.9750646183098259,0.00011594620755269544,0.39703210879703066,4.725805198711148,1.0897519628628325,0.7375925271398588,1.356742090479417e-09
e739fdca,0.5852866491723849,-0.005400978366423201,-0.020889151281346913,0.35060550959515024,0.23468113957723472,-0.005400978366423201,-0.020889151281346913,0.35060550959515024,0.23468113957723472,0.008749634983364089,0.00017548486969896804,1e-05,0.09940575445854802,0.3084676135068577,0.9342953027311427,0.9708836901412298,0.0003752848418217715,0.167289786518042,6.0,1.5,0.7590140571779203,1.0086747745122757e-10
7ef4f8bd,0.5812620070229227,0.04598336633447804,0.042398495795937345,0.33431514082694985,0.2469468661959729,0.04598336633447804,0.042398495795937345,0.33431514082694985,0.2469468661959729,0.0008917179631961941,0.0022168311094412706,0.09686574649093581,0.0017375248860258263,1.4871842850262542,0.8608448451761317,0.9675548932409579,0.0007160311641950764,0.6141007538922019,5.180582576641912,1.1910782486377824,1.2753988246826724,7.000000000000002e-11
445bc1ee,0.7669476471374623,0.07627382656149473,0.4115625397141979,0.28661429402355854,0.4803333531139038,0.07627382656149473,0.4115625397141979,0.28661429402355854,0.4803333531139038,0.016431991009824523,5.217162464788519e-05,1.364013613940736e-05,0.03791522139264864,1.1182965365648092,0.8,0.950568002092641,0.0001357508867820105,0.6399194089355567,5.149546458232888,0.9544395304613631,0.8189775966825003,1.7462244491036654e-09
6c8782d1,0.5596592292274576,0.010376048757248488,0.030003098818821117,0.3961352069859375,0.16352402224152002,0.010376048757248488,0.030003098818821117,0.3961352069859375,0.16352402224152002,0.0033016247052531015,0.0006414366442572261,0.023724971595725373,0.08142405362574275,0.3119786032208377,0.9190950133677325,0.9822804608560426,0.00048109103312877024,0.4854644869436271,6.0,0.6490257484253252,1.1914942718956387,3.729041088066949e-10
7dc3888d,0.3409612626370777,0.02805122115409613,0.05034554343680444,0.17751669901536365,0.16344456362171406,0.02805122115409613,0.05034554343680444,0.17751669901536365,0.16344456362171406,0.008032166082589174,0.00019961926691388078,0.00043706849525348144,0.061220808735223016,0.4276312502151811,0.9130175819460329,0.9518955074103338,0.00037695151060900575,0.48956500899552857,5.91932371548333,1.3066283642830023,0.5309732275276475,2.566671002054972e-10
f5e199c1,0.5092588328824355,0.19784950034805834,0.288771868250508,0.19993386567292515,0.30932496720951036,0.19784950034805834,0.288771868250508,0.19993386567292515,0.30932496720951036,0.11733953673736561,1e-05,0.1,0.011298956758027837,2.0,0.8,0.9842534672884291,0.0001,0.13972882790296154,3.9197061246226323,1.1987316665688321,0.9466254794841454,1.2129863420744019e-09
de377fc4,0.48875385558839357,-0.0011518433879076815,-0.01695392086680161,0.2443127440926145,0.24444111149577907,-0.0011518433879076815,-0.01695392086680161,0.2443127440926145,0.24444111149577907,7.820862387099614e-05,0.020394450381774513,2.0866547567916885e-05,0.03495962960331077,0.385528585308193,0.8046525991857174,0.9897381338619802,0.0009225213195513437,0.1,5.320828373451884,1.5,0.6888529863819339,7.000000000000002e-11
47007cdc,0.521418782753934,0.01839442118380835,-0.031219612440985058,0.26297696898047024,0.2584418137734638,0.01839442118380835,-0.031219612440985058,0.26297696898047024,0.2584418137734638,0.000976829513005635,0.0025720073694848722,1e-05,0.03385865090891061,1.768587754420548,0.9744312731481594,0.9540608601688583,0.0001,0.5686016656970443,1.9296533435115015,1.2454828972331717,1.2180356692542014,3.3326368742925314e-10
5cf1aa21,0.7048132992133818,0.0014196825959439923,0.004304084167718999,0.416619608095791,0.28819369111759074,0.0014196825959439923,0.004304084167718999,0.416619608095791,0.28819369111759074,0.0543763544201052,0.00018817883173164067,0.00011249509743370188,0.09999901081232057,1.2432755101782875,0.8904423632336969,0.95,0.0014801250549596847,0.20513763829708934,4.674004677668534,0.5,0.5,1.594896229517994e-09
89c7fbb2,0.41548791493243,0.2151475126463337,0.08243013115465006,0.20003686175415497,0.21545105317827504,0.2151475126463337,0.08243013115465006,0.20003686175415497,0.21545105317827504,0.008372067805916003,0.00018877900750950948,1e-05,0.017828062368848138,0.2552351959239637,0.9262961193988882,0.95,0.0001,0.49097135016308757,5.321727952867166,0.8494838556485844,0.5002776917239922,8.556528915877368e-10
22588865,0.5245220699763573,0.019980870758151394,-0.022193930537757204,0.2867555483261835,0.23776652165017387,0.019980870758151394,-0.022193930537757204,0.2867555483261835,0.23776652165017387,0.0416812952654051,5.569760286409389e-05,0.020850057654873324,0.0988919571820202,1.2628232906751164,0.8,0.95,0.009813789051464544,0.9,4.580284995859161,1.4827559658407132,0.5,2.0846300621009463e-10
0d06b5b7,0.4079127933246849,0.25079188117231765,0.1466736927856183,0.20822399265333844,0.19968880067134648,0.25079188117231765,0.1466736927856183,0.20822399265333844,0.19968880067134648,0.0008881402244723091,0.0022972051665339386,2.8258219755668564e-05,0.001,1.0396776548226478,0.9344366223131438,0.9766929033607313,0.0005892186255793641,0.5542566410297193,1.7589726460028028,0.7585441681965013,1.1373058290027975,2.0612383507943517e-10
72f6ed9d,0.17678631909098153,0.18036133969798385,0.16251360982836588,0.09755964090285238,0.07922667818812916,0.18036133969798385,0.16251360982836588,0.09755964090285238,0.07922667818812916,0.05234907720137237,0.0027251205233763363,0.06112879124799829,0.09618958116423115,1.1138210552623558,0.8588327421111349,0.9682492075967861,0.0009661374190257194,0.520970039004493,2.9222769630713605,1.5,0.9803968728972683,1.3444654919599091e-09
f0d64d99,0.6153951359511972,-0.03862968025477037,0.053474316934909366,0.5080850134125771,0.10731012253862014,-0.03862968025477037,0.053474316934909366,0.5080850134125771,0.10731012253862014,0.0005579109496534657,0.010172369797781716,0.0003233847932717815,0.007733025661174317,0.9530610880213448,0.9170412795743493,0.9958821560175711,0.007600518804698587,0.1,2.370226239817148,1.2723016255730695,1.14731639613198,4.3113956595292933e-10
e2a97c7f,0.5372383397318203,0.06344571818232382,0.05926328237009428,0.30674265797923433,0.23049568175258595,0.06344571818232382,0.05926328237009428,0.30674265797923433,0.23049568175258595,0.0009728263900432795,0.007476319565145319,6.057029726382375e-05,0.03772459538364029,0.9984832979095939,0.9509652707018466,0.9648664255012231,0.0010984286057232032,0.13478283664780955,6.0,0.8023812019457588,0.7133119186139611,2.461725901424715e-10
40ec009b,0.4264431020293106,0.2777441809089428,0.16779285666933527,0.22282021482835276,0.2036228872009578,0.2777441809089428,0.16779285666933527,0.22282021482835276,0.2036228872009578,0.0011845236226552347,0.0034782264001049492,3.993919452288109e-05,0.001,1.5404318497014466,0.9727120521945377,0.9719311684762477,0.00023090921205884066,0.791079839839873,1.0,0.7085512542743329,1.1531064572483287,5.854871213131191e-10
d537337f,0.43911092146855724,0.013269097022488999,0.002494968158659773,0.2845284502730858,0.1545824711954714,0.013269097022488999,0.002494968158659773,0.2845284502730858,0.1545824711954714,0.0016628674673261974,0.05115750462635803,3.6627912905620985e-05,0.06466905463049707,0.27831858831390627,0.8291140359158906,0.95,0.001863631623324883,0.582893417648183,6.0,1.4956270550366881,0.793775384486741,1.1734680783010815e-10
3346bbad,0.47968698722984404,0.0014633549597436737,0.005749835733992773,0.2918688778964871,0.187818109333357,0.0014633549597436737,0.005749835733992773,0.2918688778964871,0.187818109333357,0.003379922346180188,0.0006236548043523774,2.171846876462872e-05,0.1,0.5844099613977224,0.9516759694466286,0.964717241908712,0.0001,0.24429986526533684,5.831705632522899,1.4138978520543293,1.431456152916604,1.0689809626922072e-10
82824413,0.6541284518154051,0.00996308743126547,0.03481192849053941,0.3997185785722992,0.254409873243106,0.00996308743126547,0.03481192849053941,0.3997185785722992,0.254409873243106,0.03487822063473136,5.3896379738435616e-05,5.3113390913751474e-05,0.059921473455211795,1.3401529067861224,0.8062824884913634,0.95,0.0014424866884447977,0.9,2.48976656353693,0.5,0.5794872963121229,1.5422705349857333e-09
8bdbc71d,0.4724926620519767,0.30015162454191396,0.3066201923432195,0.2402708979641516,0.23222176408782513,0.30015162454191396,0.3066201923432195,0.2402708979641516,0.23222176408782513,0.05219832600877902,5.955145482936283e-05,0.0001454970333715521,0.03404150769752066,0.1,0.8546054597771136,0.95,0.009956169457362635,0.629542689163493,6.0,0.5,1.3215443221336605,2.520714436284243e-09
b6492c92,0.41036282575175864,0.2558374725139254,0.13337640106951348,0.21046527020463351,0.1998975555471251,0.2558374725139254,0.13337640106951348,0.21046527020463351,0.1998975555471251,0.0008772852579945038,0.00222140877235395,0.00015659868100120907,0.0021234831471426147,1.18220495288032,0.9837414487109157,0.982141654178265,0.00021616703139628918,0.843857021919833,4.279138497601535,0.6452009912428993,0.5,3.026933017745551e-10
c92387fb,1.4529878206561126,0.5452578071772272,0.5145320205490684,0.6558731581424053,0.7971146625137074,0.5452578071772272,0.5145320205490684,0.6558731581424053,0.7971146625137074,0.016679472682016135,4.77743679030272e-05,3.0834891258360384e-05,0.096009142085642,1.1078928957178529,0.8118674986445349,0.9807714385987708,0.00012147004505067492,0.1,6.0,1.197768820962365,0.7016376220408856,2.6492512884865795e-09
65defbcc,5.026685408965375,0.7496359728232787,0.9595099967712956,1.5602054683491275,3.4664799406162476,0.7496359728232787,0.9595099967712956,1.5602054683491275,3.4664799406162476,0.001236317469773246,0.0060460539618268135,0.0006493626955986359,0.01692089725343291,1.8238194086728998,0.9393545145584044,0.9507999315644516,0.0039003315727803014,0.1,1.0,1.5,1.3600184542201779,3.849285809011031e-09
44634974,0.589101359562655,0.0050433151003593125,-0.03605500692668443,0.39800268044532333,0.1910986791173316,0.0050433151003593125,-0.03605500692668443,0.39800268044532333,0.1910986791173316,0.0005325469342517972,0.010323503784392122,1e-05,0.026763475402471867,0.43553592017787857,0.9283728245521685,0.9982784980239323,0.0019432676084392428,0.1,5.221476208914004,1.201716683254749,1.2126116687985922,7.000000000000002e-11
1c0c4a3b,4.8420687084733975,0.8895657051119015,0.8230170491978229,2.4087753166270214,2.433293391846376,0.8895657051119015,0.8230170491978229,2.4087753166270214,2.433293391846376,0.0006032661435189623,0.009736577281695745,2.146315634919032e-05,0.06898373768591222,1.3401266713934725,0.9408651849795268,0.9652682405151863,0.006292131507800125,0.1,1.1364555892218617,0.9650219528137574,1.2158116375246188,5.318857200600791e-09
b5d3115f,0.5188314609079567,-0.01047677054096555,-0.01561188661378502,0.313863656660182,0.20496780424777467,-0.01047677054096555,-0.01561188661378502,0.313863656660182,0.20496780424777467,0.11084643148350296,0.042560812569053336,3.65231263790144e-05,0.04818225055541083,1.766734427489879,0.8747447255727947,0.9796635934819327,0.0011530153149721765,0.5492814651924322,5.971504624204146,1.1587564368440335,1.0688667805647734,4.230040554416155e-10
e0c52d3f,0.4469469310747518,-0.00861195618451264,0.034146131628725866,0.28617688170262984,0.16077004937212194,-0.00861195618451264,0.034146131628725866,0.28617688170262984,0.16077004937212194,0.00085792971574092,0.002223848647355307,7.566249373792572e-05,0.05735815200206507,0.9290845409535698,0.9463408889823437,0.9539416459007382,0.0014432270870764167,0.5712315480393271,1.4664088258016168,1.4611374523401484,0.5787388403910516,3.42455301917049e-10
9362e580,3.5551858715060063,0.7967456241744159,0.7109477798051552,1.8209066285489874,1.7342792429570189,0.7967456241744159,0.7109477798051552,1.8209066285489874,1.7342792429570189,0.007894034638412942,0.00020398476710151956,1e-05,0.1,0.497223281094365,0.9457407811021845,0.95,0.0001,0.6825145314348771,4.506864995688213,1.0386871780908555,1.0599439374690993,3.467784125703744e-09
da1d3b12,0.4317097231279648,3.242057170999252e-05,0.010813470830925953,0.30025366583603497,0.13145605729192983,3.242057170999252e-05,0.010813470830925953,0.30025366583603497,0.13145605729192983,0.04967513576454467,0.002853748548457188,0.004786969159938484,0.06220580633156821,1.131567251336912,0.8956536068673397,0.9808136261101577,0.0008859779803234265,0.5674445043948116,1.724922731208852,1.2652300691409666,0.5,1.8862781851404308e-09
b0267121,0.45391885442102087,0.2630433690429165,0.22987360735048437,0.2139602446821502,0.23995860973887065,0.2630433690429165,0.22987360735048437,0.2139602446821502,0.23995860973887065,0.03204802067945828,5.196231725729722e-05,1.3954041910861131e-05,0.005385446522273018,0.5257540483725722,0.8442845705391614,0.95,0.004106323322319626,0.7330526269050698,5.330329289991899,0.5,0.9500559333049932,7.000000000000002e-11
c3156227,0.646045034876071,0.02279658405011308,0.02027281518578151,0.3751585808483401,0.2708864540277309,0.02279658405011308,0.02027281518578151,0.3751585808483401,0.2708864540277309,0.03735215509641631,0.059845379110763396,0.013253329580083328,0.001,1.609734926582652,0.849361940117858,0.9609038211787697,0.0005592048728568054,0.6588056082000727,1.0002935474422747,0.5,1.1860578880830643,5.560638002303865e-09
b45d6131,0.6311639446835856,-0.01314590776256856,0.017142129689681266,0.3672437391977359,0.2639202054858497,-0.01314590776256856,0.017142129689681266,0.3672437391977359,0.2639202054858497,0.00874326604664131,0.0001760441701780229,1e-05,0.09012970088728592,1.2361731995393606,0.8278762548376506,0.95,0.0031748308990482794,0.6077815020187269,6.0,1.5,0.5,7.000000000000002e-11
8caef404,0.598651441896333,-0.010018716783650912,-0.0006624286847962309,0.440758322565032,0.15789311933130099,-0.010018716783650912,-0.0006624286847962309,0.440758322565032,0.15789311933130099,0.017589399649816567,5.3115776099898034e-05,0.000283740620639017,0.039931502919614614,0.24458718587555145,0.8,0.95,0.002987959603311452,0.7181825229183513,6.0,1.2331724260822923,0.5786493360628532,7.010563073407769e-11
2abecf15,1000000.0,0.0,0.0,1000000.0,1000000.0,0.0,0.0,1000000.0,1000000.0,0.000851699297030623,0.002263264364581539,7.218013964950122e-05,0.001,0.32390103297862793,0.8839675752047178,0.95,0.0001237792310227922,0.1721636343930452,4.006731599319134,0.9307222281745628,0.9510857542938335,9.311603807568537e-10
cdf86d1b,0.5866380814271589,-0.008221413339818715,-0.010261404870897353,0.43610098474646525,0.15053709668069365,-0.008221413339818715,-0.010261404870897353,0.43610098474646525,0.15053709668069365,0.0008575848927673887,0.00227526119141268,0.0001944536763991916,0.012620773761254263,1.1379162044882738,0.9023486641317338,0.9689243941972157,0.003125545030886743,0.4347570155509387,3.1642983269734324,1.115291007985625,1.2369617575982885,7.102939784126665e-11
90718f3a,0.4577181507239567,0.31234638338932935,0.1741583143903757,0.2522245216981502,0.2054936290258065,0.31234638338932935,0.1741583143903757,0.2522245216981502,0.2054936290258065,0.000976208620494276,0.007323885548097166,0.00044253128333041823,0.001,1.8557237371574842,0.99,0.9800185241194393,0.009993721128889901,0.16223252332792418,2.149015465381466,0.814089817678564,1.2640808834264505,9.41879529229753e-10
5041b653,0.47753271066959835,0.08698592140516014,0.16627344304125233,0.27530839142225266,0.20222431924734566,0.08698592140516014,0.16627344304125233,0.27530839142225266,0.20222431924734566,0.0009658073443832276,0.0025758975844530014,5.4439076694985884e-05,0.018624476095708425,1.359411998462154,0.9335107470956716,0.9789989496661928,0.0001,0.5989715161814175,2.2870254868404585,0.7669756705134572,0.9095821493803005,2.97935120709909e-10
ab55b26c,0.34165318207192175,0.03020521168023948,0.07661381754022166,0.2047431104491529,0.1369100716227689,0.03020521168023948,0.07661381754022166,0.2047431104491529,0.1369100716227689,8.282936881525628e-05,0.037527329038541654,1.918959227619224e-05,0.05924199134165198,1.5093876289124808,0.9436460502601605,0.9759664392805482,0.00047292437926914403,0.4734221120894674,3.575693242392952,1.2948701756804473,1.0130083354188208,8.723247082690593e-10
22590294,0.6514504140217752,0.052050916690150224,-0.020250182097276994,0.32455268440401236,0.32689772961776287,0.052050916690150224,-0.020250182097276994,0.32455268440401236,0.32689772961776287,5.955777652116762e-05,0.0024992793672614496,0.1,0.1,0.1,0.8097240073063159,0.999,0.01,0.9,5.980733494612863,0.5175028906516363,0.5985564270958375,7.000000000000002e-11
4921c529,0.5073355686199501,0.03363681133334564,-0.0604957683462551,0.21344695072204767,0.2938886178979025,0.03363681133334564,-0.0604957683462551,0.21344695072204767,0.2938886178979025,0.000524078298334621,0.010739353298244741,5.62167427056926e-05,0.0315003739958799,0.458883316471712,0.9266317588871326,0.9959390235189839,0.002314304987482623,0.24392437723722454,5.463177778940251,1.242903325368059,1.0876992407181625,7.430816535734164e-11
fe540a21,0.8066206268365781,0.03319611702935438,0.3991207248317322,0.3557724675338447,0.4508481593027333,0.03319611702935438,0.3991207248317322,0.3557724675338447,0.4508481593027333,0.00018467689484405597,0.0022945092682283507,0.00022947165963263145,0.07832875825782984,0.1,0.9008564894698277,0.9690795618477569,0.0016231476072729035,0.6450777029957476,5.451630683762288,0.7579053958543385,0.7109081414606813,1.6024997347361738e-09
4e2763d0,0.44634395763925705,0.11527331376038372,0.11885170594317462,0.24475738794231156,0.2015865696969455,0.11527331376038372,0.11885170594317462,0.24475738794231156,0.2015865696969455,0.009087342147535702,0.00017630854409792098,1e-05,0.02123648476695212,0.2598507684052325,0.9407542960517772,0.95,0.0001037662532264442,0.4903378762052769,6.0,0.914789822197396,0.5,2.2676833013174225e-10
b143db92,0.4395834538898026,0.29937333492380647,0.1419870061647361,0.2399141097699106,0.19966934411989198,0.29937333492380647,0.1419870061647361,0.2399141097699106,0.19966934411989198,0.21540456631288007,0.0009929092637500333,0.09288251847247778,0.006064044428038163,1.1594467429383402,0.99,0.999,0.0001,0.890994194428444,6.0,0.5018532127215709,0.5492291955207843,7.000000000000002e-11
689600ab,0.8302558476449391,-0.033196400844064215,-0.030604930057516726,0.4891373028067836,0.3411185448381555,-0.033196400844064215,-0.030604930057516726,0.4891373028067836,0.3411185448381555,0.8,0.013156589172072158,2.1962750820249578e-05,0.1,0.1,0.8,0.999,0.01,0.17806706056709837,6.0,0.5179382063544724,1.5,7.000000000000002e-11
8da03fc2,0.443853133878053,0.0042161826065464396,-0.03034224624773337,0.2315004763171914,0.21235265756086158,0.0042161826065464396,-0.03034224624773337,0.2315004763171914,0.21235265756086158,1e-05,0.1,0.1,0.09705720341111049,0.54383290382064,0.8,0.999,0.0001,0.5083280994379432,1.5453422733141307,0.5,1.5,7.000000000000002e-11
1ee1f23f,0.4123662742973523,0.007857300881499578,0.037533301098570455,0.25550694693324577,0.1568593273641065,0.007857300881499578,0.037533301098570455,0.25550694693324577,0.1568593273641065,0.00019478986358663307,0.0022955949945868154,0.011719561632316028,0.014473963490789235,0.10051419202201524,0.8,0.9671029184716167,0.0016346412945317894,0.3922631549795911,1.300417479902122,0.9650304501481108,1.1060551270843173,1.481193973562641e-10
c3d2a41a,0.5276380642614211,-0.0394071389478681,0.01620401035338616,0.35296467425131306,0.17467339001010812,-0.0394071389478681,0.01620401035338616,0.35296467425131306,0.17467339001010812,0.0033557545658924573,0.0006498761851216078,2.46496227342656e-05,0.1,0.30869586705495033,0.9580473171866383,0.9834056075112872,0.00011753137989614098,0.4284562680908267,5.170397341621871,1.1119384805582322,0.9153679299296288,6.815877775692652e-10
8dc06fa7,0.6709347957189912,-0.014593467942886249,0.3591512730918443,0.3221212919893532,0.348813503729638,-0.014593467942886249,0.3591512730918443,0.3221212919893532,0.348813503729638,0.0034706010048410666,0.0006316149841050473,1.76809269373121e-05,0.09985092505859947,0.3144533656980984,0.9507126966915643,0.9814568870320005,0.0001202044770798685,0.4424263606345554,5.002241116208935,1.045850085261244,0.7371309122232914,1.242385171398669e-09
2295b97d,0.5110511072817558,0.0027846799796478186,-0.012580666595944935,0.36190722835217287,0.14914387892958292,0.0027846799796478186,-0.012580666595944935,0.36190722835217287,0.14914387892958292,0.0023000299384224347,0.004177606764649679,1e-05,0.001,2.0,0.9618645799390304,0.999,0.0005813753512238513,0.21583434799399934,1.0,1.362400961729056,1.4467066313809132,7.000000000000002e-11
c727039f,0.6447715272282001,0.030283892189681964,0.009648279352886629,0.36136331530047516,0.2834082119277249,0.030283892189681964,0.009648279352886629,0.36136331530047516,0.2834082119277249,1e-05,0.1,1e-05,0.1,0.1,0.99,0.999,0.01,0.9,6.0,0.5,0.5,7.000000000000002e-11
180f6fcb,0.810988905452529,-0.04832084288703716,0.01479263335394105,0.5332902304210237,0.2776986750315053,-0.04832084288703716,0.01479263335394105,0.5332902304210237,0.2776986750315053,0.0055028973823282555,0.1,1e-05,0.1,0.1,0.8,0.95,0.00581226443062926,0.1,1.0,0.5164475185962271,0.5,7e-09
fbe0eebe,2.581581891368119,0.701985731802342,0.6262040281566748,1.2996646703267394,1.2819172210413798,0.701985731802342,0.6262040281566748,1.2996646703267394,1.2819172210413798,0.8,1e-05,0.1,0.001,2.0,0.8,0.999,0.01,0.9,1.0,1.5,1.5,7e-09
0ba09a02,0.7131249960719714,-0.0007157138104294215,0.004535763687748374,0.4215810333565247,0.2915439627154467,-0.0007157138104294215,0.004535763687748374,0.4215810333565247,0.2915439627154467,0.8,0.1,0.1,0.1,2.0,0.8,0.95,0.01,0.1,1.0,0.5,0.5,7e-09
3b4d0fbf,0.556991440665201,-0.02081426661077911,-0.021151035981472884,0.3144677509299468,0.24252368973525418,-0.02081426661077911,-0.021151035981472884,0.3144677509299468,0.24252368973525418,0.0008928472525558685,0.0021792469334690266,7.296134596468336e-05,0.07206917226378402,1.1985152770316494,0.9348120844245494,0.9545668322394609,0.00029475679680993175,0.832852496322303,4.6740555665889385,0.880948584481551,1.4191253756888844,4.5253079038267887e-10
2fb4ceed,1.1000575751651018,0.3583185474841067,0.5285300757016826,0.24231038874136474,0.857747186423737,0.3583185474841067,0.5285300757016826,0.24231038874136474,0.857747186423737,0.0007707285122089794,0.002102161924326042,0.004296353223574603,0.07860893263049856,0.36216288507015815,0.8914516662801364,0.9571533136233429,0.0027637475321257493,0.34097579739895767,3.9234859747075115,0.9498626560391406,0.9466602862010602,1.3084467027027127e-09
abedeb5c,0.40034847850071054,0.21727272298079756,0.1508573318976279,0.20019403186576493,0.2001544466349456,0.21727272298079756,0.1508573318976279,0.20019403186576493,0.2001544466349456,0.00026184302714121673,0.0025741509897936185,0.013986233629661978,0.001,1.04909800501892,0.922879349096259,0.9604753493515301,0.0008646959722048109,0.8232220204859112,3.695446733780209,0.9269906382753272,0.7595832611335429,3.7372126618726834e-10
b184fb61,0.625219993512751,0.042907487947066406,0.005300364635474334,0.33744715170644124,0.2877728418063098,0.042907487947066406,0.005300364635474334,0.33744715170644124,0.2877728418063098,0.0008935817351461914,0.0021737851059348114,0.0009689831632366022,0.03434885781883631,1.2108057870733886,0.8512716273130938,0.958649927106012,0.00027645580645995415,0.6579854515236236,3.3915240821482655,1.1370368118984175,0.7040819003443864,1.0121494255818308e-10
1127852a,0.6409360991729315,0.008450368036981308,-0.0388772446979423,0.40216043571072707,0.23877566346220438,0.008450368036981308,-0.0388772446979423,0.40216043571072707,0.23877566346220438,0.0016723923209306815,0.050736090987283385,1.711716571113793e-05,0.03637228432983889,0.31318425584769605,0.8480590335048154,0.9726456137057155,0.0021710357851967995,0.762057491826625,4.960637670800553,0.8012200347615364,1.0951119008202599,1.0431997169046912e-10
1f2a1ca2,0.5683097595393345,0.06550335282794863,0.02638598584764139,0.30425343633011726,0.2640563232092173,0.06550335282794863,0.02638598584764139,0.30425343633011726,0.2640563232092173,0.0009894122677008184,0.0026537037151933077,0.0003294655210656463,0.003037534470048645,1.3947297852512628,0.8578145253329204,0.9868347586059796,0.00011298912434680336,0.56454508447185,1.5928428754257349,1.3854165312400841,0.5838008806570254,1.7002189632809615e-09
a1f3ba5f,0.3721816405046807,0.13514893755035887,0.02741492753371655,0.2278172716488861,0.14436436885579462,0.13514893755035887,0.02741492753371655,0.2278172716488861,0.14436436885579462,0.0005239090336611437,0.009080160803801241,1e-05,0.0010309013222591175,0.8238015837380126,0.99,0.9722436441901131,0.0038156052526925064,0.1,4.684701593648301,1.4995391433705199,0.5385182859841249,9.718530350390197e-11
2caf0de1,0.41564617060870623,0.26322343493250966,0.12121842524639156,0.21413080045842034,0.20151537015028592,0.26322343493250966,0.12121842524639156,0.21413080045842034,0.20151537015028592,0.0007682732194491466,0.002781902080940108,1e-05,0.001,1.3764914570683238,0.99,0.9841906331907447,0.0002869558659216152,0.3645382568838168,1.7753211165899079,0.5,0.6716367141332467,9.498830140016043e-10
c561e1d6,0.5698465532020809,0.006261718673413135,0.019142133067579697,0.40466951508337956,0.16517703811870135,0.006261718673413135,0.019142133067579697,0.40466951508337956,0.16517703811870135,0.0037048921620836048,0.000617258262970144,1.809638975548847e-05,0.02157356156367348,0.8699970478947037,0.99,0.95,0.0001,0.7822967466334532,3.1945483832964605,1.2777288431322897,0.8395202284178579,1.9745518422646188e-10
638ed8ae,0.7610255859062537,-0.008316470277274142,-0.05519554830714903,0.4182847443420827,0.342740841564171,-0.008316470277274142,-0.05519554830714903,0.4182847443420827,0.342740841564171,7.63998912311751e-05,0.02305497000242573,0.0065607140576770025,0.0641661937566086,0.8886500714227448,0.8157767255121764,0.9886968386861439,0.0001796040484014727,0.6125048940964065,2.2159511094164963,0.8839473055623976,1.2913191408159124,1.1204743573596457e-10
36778c51,0.46774153504633426,0.007310571903967084,0.02188286863887624,0.3626007232708778,0.10514081177545649,0.007310571903967084,0.02188286863887624,0.3626007232708778,0.10514081177545649,0.008019622897244045,0.00016933287661201785,8.15774336997343e-05,0.066720199745083,0.44635181433156834,0.8641057017375859,0.95,0.00015606081616796965,0.2620680435214836,3.765347776309171,1.3124795948009564,0.5,3.2862304898040836e-09
83b78bd8,2.027733064460266,0.6811324096939135,0.5222609806977477,1.2018264385076205,0.8259066259526454,0.6811324096939135,0.5222609806977477,1.2018264385076205,0.8259066259526454,0.018912873899374624,4.844855322912415e-05,0.00040141412920918773,0.09019155242517028,1.0994749783521969,0.833465958651685,0.9775644751274197,0.00012535897568835758,0.1231049600269156,5.683376638912716,1.1503736568612815,0.9488061117864101,3.2141923016370748e-09
38fcfd90,3.2026093507848037,0.7423984725003104,0.7025690833423514,1.5205194427059452,1.6820899080788587,0.7423984725003104,0.7025690833423514,1.5205194427059452,1.6820899080788587,0.056971148540001404,0.002770291265285437,5.583558851286865e-05,0.07980967134487303,0.8726847909941217,0.835906821408173,0.9807030911081602,0.0005374257016393826,0.7981251027227895,4.251385607024798,1.3755472800780102,0.8718472433683233,2.9340207625486856e-09
af65c805,0.40346901533638524,0.18387425021333192,0.1555498878313223,0.2032311522570742,0.20023786307931107,0.18387425021333192,0.1555498878313223,0.2032311522570742,0.20023786307931107,0.0008879167359794439,0.0022734007513021395,0.00025920070557280473,0.012433051754078855,1.0991559649142724,0.9695889033132389,0.9686662017916408,0.0006131344828699693,0.5327870875671162,1.4415495694183424,0.5524807030157501,1.253048326462416,1.525971615428655e-10
db608177,0.42032950843194045,0.27209847614032645,0.15770369733838854,0.21915326127728663,0.20117624715465382,0.27209847614032645,0.15770369733838854,0.21915326127728663,0.20117624715465382,0.0009734688658563423,0.0024986854025269433,3.841547872493258e-05,0.001,1.3870805062947926,0.99,0.9899923624810095,0.00010031231957545201,0.39496788788096804,5.031804702250157,0.8236649814406729,1.256393087438235,8.607674670988583e-11
2a6e09f1,0.42263422360740993,0.12776642492769444,0.3412981734660289,0.119345942719987,0.30328828088742293,0.12776642492769444,0.3412981734660289,0.119345942719987,0.30328828088742293,0.016984334967109486,2.0783084559868792e-05,0.0037589992118885725,0.03707579942288314,2.0,0.8678675598838828,0.9827186021237556,0.00040079493527695,0.29714818797476017,3.0443412022771716,1.4837030102182118,1.4485322031009318,1.5302962581178306e-09
b7faa011,0.6612868206399853,0.020418699113335104,0.0103236226917905,0.3791742215083592,0.2821125991316261,0.020418699113335104,0.0103236226917905,0.3791742215083592,0.2821125991316261,0.003243185552408538,0.0006226272755824887,0.005938392287524459,0.02835107114967714,0.21867424821960535,0.9242742326329392,0.9667672554002209,0.00011348755241945185,0.5218411256206238,2.954344997716735,0.857563721531301,0.9770353067828008,9.437033616984703e-11
b5569893,0.5100767647986516,0.02295042414052409,0.032810519699506366,0.3557177270104648,0.15435903778818683,0.02295042414052409,0.032810519699506366,0.3557177270104648,0.15435903778818683,0.00024071213266241458,0.0021741368342584966,0.023749442335791633,0.0900967794375353,0.7014201260761284,0.8149787718158454,0.9692485354113487,0.0013549412023232865,0.8711620925549094,5.381425343439078,1.1510872552278857,0.607920358503602,4.565986483054866e-10
d524bc03,0.5160562160326492,0.05786581653149384,0.006599672276000188,0.22877355709889102,0.28728265893375815,0.05786581653149384,0.006599672276000188,0.22877355709889102,0.28728265893375815,0.0008773950396387506,0.0022870719992655387,1e-05,0.001,1.4821019712770687,0.9754220350630725,0.9540630739384538,0.0007109093325476643,0.9,2.8535378941639973,1.3895472923252556,1.498184867459878,6.657337720763168e-10
e85cfe27,0.31127914938595747,0.049590712563971275,0.17255025627480977,0.20402632642006163,0.10725282296589586,0.049590712563971275,0.17255025627480977,0.20402632642006163,0.10725282296589586,0.0029933401296428435,0.0006313030952885308,0.0011305932241037848,0.07526139967875185,0.5566959045945965,0.8342516460404006,0.9681280856574994,0.00014216306653713518,0.570620068773723,1.539529763099754,0.8279294039886325,0.755517406130644,1.4035801408656292e-09
14fa0bad,0.4499713436604393,0.11157280791405035,0.1127983807670814,0.24800382748767813,0.20196751617276115,0.11157280791405035,0.1127983807670814,0.24800382748767813,0.20196751617276115,0.0008940710241028747,0.0028221345719233533,4.947799847977719e-05,0.045438721313487064,1.8143928662030173,0.99,0.9701942304620863,0.0001,0.9,1.575566962205158,0.6769982283549021,0.6333621485206201,9.136731891318053e-10
4765f222,0.3874491567081133,0.006682644868449475,0.057179456658429516,0.26050365957755733,0.12694549713055597,0.006682644868449475,0.057179456658429516,0.26050365957755733,0.12694549713055597,0.0008540660618539449,0.002273235202917954,0.00019044528996040085,0.04981045959485554,0.38488783243197355,0.8650288587814825,0.95,0.0028654316096878474,0.6140383857760331,2.552348384387579,1.5,0.7167404965539453,1.1949487049890804e-09
1681ebcc,0.5509351835391074,0.019293146233088577,0.012956347270387237,0.34800166523654924,0.20293351830255824,0.019293146233088577,0.012956347270387237,0.34800166523654924,0.20293351830255824,7.406859822861394e-05,0.020809960418621713,6.179260239187e-05,0.06292038434685134,0.9072813780257478,0.8515437361324426,0.9931734250576204,0.0001749662664032199,0.6616625970084771,1.390648295861332,0.7987901688296225,0.8468341168427733,2.0063675117990898e-10
8093bfe1,0.6005745663183946,-0.042140775275793824,0.007604152528236528,0.44302668531696143,0.1575478810014332,-0.042140775275793824,0.007604152528236528,0.44302668531696143,0.1575478810014332,0.011494151063792825,0.00018029146442040064,5.0121163262543326e-05,0.08891681725593713,1.2064881865798434,0.8454253917070539,0.9513497265905347,0.0032434067117420528,0.5051153395777493,4.687284045516401,1.381758435274011,0.7769965177939715,7.040470777835782e-10
4375c60b,0.5219457380761259,0.016721365155989425,0.024347064312694917,0.35471460317609493,0.167231134900031,0.016721365155989425,0.024347064312694917,0.35471460317609493,0.167231134900031,0.045289045314941906,0.002705522405217281,0.0034085454751527446,0.06142188084351701,1.122020138382167,0.9125109359926173,0.9686236777335506,0.001035044744166051,0.5723438646343084,3.0545435143896897,1.284325817201124,0.9180274950529745,4.6999219463445e-10
a0f91a03,0.5827477482578803,-0.011686820356100979,0.056538222043480454,0.4443299140431518,0.13841783421472856,-0.011686820356100979,0.056538222043480454,0.4443299140431518,0.13841783421472856,0.000595112846755938,0.0021951308598931675,0.009378215303158932,0.01079478900409268,1.2049754471882534,0.8,0.9560365349263912,0.003865801639331349,0.10057406222130923,4.532174117273337,1.5,0.8912813686288663,4.983266555742829e-10
f0068606,0.4663800265112745,0.1558825765759196,0.037341815382034786,0.21445709168003782,0.2519229348312367,0.1558825765759196,0.037341815382034786,0.21445709168003782,0.2519229348312367,0.0009095442766866395,0.002140998642864361,1.0974950151829398e-05,0.001,1.1741013499103297,0.9760076165429331,0.9824596257223127,0.0002922066147512901,0.8389869991600636,1.3688433657195174,0.9242678976033271,1.3786002882781898,8.673535841096688e-11
ef00d43e,0.4078464727774094,0.23097891073655352,0.17502128281280668,0.2021494340118973,0.20569703876551207,0.23097891073655352,0.17502128281280668,0.2021494340118973,0.20569703876551207,0.0010094946854777586,0.0031958484405406073,0.000445539137072871,0.001,1.491972075115524,0.8363579314098541,0.95,0.00046366014898228865,0.4354183066280616,2.251174821251089,0.9188165202517782,0.6612496099707579,2.734820744981178e-10
ac98a0bd,0.4372504809198957,0.2186948764345068,0.052732570991387256,0.20033485309965737,0.23691562782023837,0.2186948764345068,0.052732570991387256,0.20033485309965737,0.23691562782023837,0.0034515132272435784,0.0006034575340474658,1.3024548950571875e-05,0.024275486301269914,0.21635313474886256,0.9722158446935185,0.961901965836099,0.00011849103966751764,0.5973618555733932,5.478375074012011,0.5096605116216144,0.5308643407156004,3.135318514210503e-10
6bee1258,2.67527804796559,0.6955975086261317,0.649532873054189,1.2794235014602304,1.39585454650536,0.6955975086261317,0.649532873054189,1.2794235014602304,1.39585454650536,0.0005308778886339264,0.00946351026452615,1e-05,0.07882622319182571,0.45279574811884793,0.8302983736456022,0.9945001816764456,0.0021046985513037656,0.30213848479254973,4.598653867626439,1.1338220719152017,0.8596799568989386,2.596227557530765e-09
3efb5813,0.832206637289234,-0.017804247526522286,-0.1310674639513585,0.37058240419408955,0.46162423309514455,-0.017804247526522286,-0.1310674639513585,0.37058240419408955,0.46162423309514455,0.0031869535795534007,0.0006660955710390335,0.0014904626744851746,0.08027219536938153,0.4657823110809909,0.8583506756846002,0.9509509852184601,0.00013776097133311554,0.7773428885749677,4.789392296880065,1.181215329937817,1.4700458233761204,3.130705276908212e-10
718ed154,0.764940142538329,-0.03455249234249071,0.019471936854843462,0.49587093463621923,0.26906920790210975,-0.03455249234249071,0.019471936854843462,0.49587093463621923,0.26906920790210975,0.0014654088402657364,0.04941194839149675,0.0001851271818478775,0.04738455547944605,0.48044348748580934,0.8836828434959872,0.9618976784809607,0.003143666395804096,0.1,3.5613809517079424,1.420622995850874,0.5144568886815387,7.000000000000002e-11
e3ab240c,0.49914271419019207,0.056510960906145255,0.1263883270451975,0.31568400290817444,0.1834587112820176,0.056510960906145255,0.1263883270451975,0.31568400290817444,0.1834587112820176,0.000255008661821019,0.002492183604830697,0.00010477384818932578,0.02182672140169693,1.0461920605126271,0.9508245635197989,0.955578615240377,0.0007354402128391814,0.3450158433518893,4.754372428339636,1.289834321995167,0.8454258946745885,1.043805605030294e-09
dedfb6d6,0.5396597700637278,0.006109229328017901,-0.04259826222482165,0.27224432660710574,0.267415443456622,0.006109229328017901,-0.04259826222482165,0.27224432660710574,0.267415443456622,0.001727116830540756,0.04915475517514282,0.003763776371717757,0.07382239030646492,0.2617165562863816,0.9448646100891226,0.9539460839336621,0.001943336509863598,0.38171894611175705,4.836083929298157,1.5,0.7466332492512913,1.7733463932826628e-10
26e6b764,0.48478552656484886,0.14880034902202852,0.02383329516168566,0.2185595326672567,0.26622599389759216,0.14880034902202852,0.02383329516168566,0.2185595326672567,0.26622599389759216,0.0009167359609530167,0.002403450731181781,0.0005539696904286447,0.001,1.1285453213623535,0.9117932245706308,0.95,0.0005238329706171526,0.774018420854924,5.9816947052759515,1.4987634872603746,0.9153624021497433,4.98305036648988e-10
285b47fc,0.5747769185138963,0.01965099261845408,-0.016693326171235336,0.3808366044638218,0.19394031405007456,0.01965099261845408,-0.016693326171235336,0.3808366044638218,0.19394031405007456,0.0002047298203640184,0.0023587581041869146,0.024579580858359644,0.01946401094101128,0.10854919125958017,0.8982039442893993,0.9683126576882918,0.0014775223368181242,0.13482457244858836,4.826373201590113,1.096034500072991,0.7739877913012092,7.761039892170115e-11
edd30e33,0.7882449552750421,-0.05612369413033391,-0.07442756843353322,0.4604494290287641,0.327795526246278,-0.05612369413033391,-0.07442756843353322,0.4604494290287641,0.327795526246278,0.0033527093228499843,0.0005983025351783448,0.017934369288546862,0.041571133665578824,0.2343397939356819,0.8549374869699878,0.97092859208058,0.00011288863962504369,0.43891963346499085,1.0,1.3119899730075035,1.1550418864906495,7.819816487265788e-10
f6dcab45,0.48634691523392287,0.025944701695717717,0.06519339943034042,0.3657659347917177,0.12058098044220515,0.025944701695717717,0.06519339943034042,0.3657659347917177,0.12058098044220515,0.001454760991564756,0.04739641928556554,1.0589400022215268e-05,0.024789362399867797,0.44727543708944506,0.8817260282739118,0.9591949906298652,0.002796587902449714,0.8479274004487849,5.57792810763043,1.5,0.7323749436192329,8.386982147291623e-10
d6b8e9f0,0.49672555330748813,0.3470748598432135,0.16464529234713468,0.29394420571591695,0.20278134759157118,0.3470748598432135,0.16464529234713468,0.29394420571591695,0.20278134759157118,0.00162924208294308,0.0017758992882330102,1.1690358129606357e-05,0.008725769909545149,1.0720318171445558,0.9207769523896273,0.95,0.0006298879211353665,0.1,1.0623208277618519,0.5,0.5,7.000000000000002e-11
2c421f0f,0.6085016083002401,0.04503591641793094,0.014464477247279874,0.3344087075839821,0.274092900716258,0.04503591641793094,0.014464477247279874,0.3344087075839821,0.274092900716258,0.00311009602270137,0.0006801981048613249,0.0005991305960060286,0.09445005870312359,0.49096171968760594,0.9341196501514869,0.9642607542824051,0.00013898566551150918,0.2781090987721012,3.5570607622686783,0.6091401959731976,0.759859959087877,1.0624221362174378e-10
