,mass_B,,,,
t,x,y,θ,ω,α
0E+00,6.916667E+00,-1.308333E+01,-6.213627E+01,,
1.333333E-03,7.478083E+00,-1.314257E+01,-6.036026E+01,1.997151E+03,
2.666667E-03,8.348221E+00,-1.276254E+01,-5.681054E+01,2.957983E+03,5.397138E+05
4E-03,9.348109E+00,-1.217051E+01,-5.24723E+01,3.40433E+03,4.745473E+05
5.333333E-03,1.028297E+01,-1.131365E+01,-4.773233E+01,4.140587E+03,4.077239E+05
6.666667E-03,1.160417E+01,-1.024152E+01,-4.143074E+01,4.648488E+03,4.791839E+05
8E-03,1.322967E+01,-9.379735E+00,-3.533636E+01,5.219831E+03,1.009308E+06
9.333333E-03,1.428323E+01,-7.438923E+00,-2.751119E+01,7.328063E+03,7.179636E+05
1.066667E-02,1.468104E+01,-4.152892E+00,-1.579486E+01,7.624672E+03,3.837812E+04
1.2E-02,1.554007E+01,-1.957306E+00,-7.178729E+00,6.836324E+03,-2.630312E+05
1.333333E-02,1.583354E+01,6.734052E-01,2.43534E+00,7.198046E+03,2.464476E+05
1.466667E-02,1.552098E+01,3.303633E+00,1.201606E+01,7.405116E+03,-1.105024E+05
1.6E-02,1.454656E+01,5.931106E+00,2.218231E+01,7.049995E+03,2.419973E+05
1.733333E-02,1.37743E+01,8.21636E+00,3.081605E+01,7.682428E+03,4.050952E+05
1.866667E-02,1.181523E+01,1.089087E+01,4.266879E+01,8.598781E+03,1.157452E+06
2E-02,9.461375E+00,1.290186E+01,5.374613E+01,1.023776E+04,8.307251E+05
2.133333E-02,5.378985E+00,1.475419E+01,6.996949E+01,1.150202E+04,9.96424E+04
2.266667E-02,1.521944E+00,1.557286E+01,8.441818E+01,1.013751E+04,-1.391376E+06
2.4E-02,-1.880387E+00,1.530823E+01,9.700285E+01,7.905971E+03,-2.120829E+06
2.533333E-02,-4.092969E+00,1.4758E+01,1.055008E+02,4.422642E+03,-2.423228E+06
2.666667E-02,-4.986691E+00,1.465119E+01,1.087966E+02,1.276373E+03,-1.86903E+06
2.8E-02,-4.971188E+00,1.451599E+01,1.089044E+02,-5.361652E+02,-1.008908E+06
2.933333E-02,-4.580388E+00,1.464578E+01,1.073668E+02,-1.386279E+03,-1.457959E+05
3.066667E-02,-3.982088E+00,1.464875E+01,1.052077E+02,-9.928804E+02,2.890304E+05
3.2E-02,-3.86183E+00,1.470045E+01,1.047191E+02,-3.986507E+02,3.331204E+05
3.333333E-02,-3.69719E+00,1.467077E+01,1.041446E+02,-2.317087E+02,1.049963E+05
3.466667E-02,-3.682557E+00,1.465955E+01,1.041012E+02,-5.4079E+01,1.406405E+05
3.6E-02,-3.649425E+00,1.46366E+01,1.040004E+02,8.568691E+01,9.998925E+04
3.733333E-02,-3.727243E+00,1.459094E+01,1.043297E+02,2.598776E+02,7.370536E+04
3.866667E-02,-3.811626E+00,1.453586E+01,1.046934E+02,2.641131E+02,-1.585732E+04
4E-02,-3.883446E+00,1.445888E+01,1.05034E+02,2.18548E+02,1.044922E+05
4.133333E-02,-3.957167E+00,1.44886E+01,1.052762E+02,4.894749E+02,1.5724E+05
4.266667E-02,-4.231246E+00,1.443299E+01,1.063393E+02,7.393581E+02,1.847266E+05
4.4E-02,-4.454209E+00,1.434682E+01,1.072478E+02,8.915286E+02,-3.203018E+04
4.533333E-02,-4.797303E+00,1.415944E+01,1.087167E+02,7.696814E+02,-3.751579E+04
4.666667E-02,-4.948272E+00,1.41298E+01,1.093003E+02,6.380077E+02,-6.215039E+04
4.8E-02,-5.214369E+00,1.400751E+01,1.10418E+02,7.24811E+02,1.618347E+05
4.933333E-02,-5.377256E+00,1.383965E+01,1.112331E+02,9.588766E+02,4.364517E+05
5.066667E-02,-5.829141E+00,1.374924E+01,1.129751E+02,1.916977E+03,7.634257E+05
5.2E-02,-6.690083E+00,1.350959E+01,1.163451E+02,3.045475E+03,8.427601E+05
5.333333E-02,-7.833344E+00,1.298737E+01,1.210963E+02,4.142394E+03,7.915625E+05
5.466667E-02,-9.176073E+00,1.200551E+01,1.273915E+02,5.181936E+03,6.965945E+05
5.6E-02,-1.047996E+01,1.051117E+01,1.349148E+02,5.99807E+03,1.984345E+05
5.733333E-02,-1.254333E+01,9.320149E+00,1.433863E+02,5.822728E+03,2.351403E+05
5.866667E-02,-1.254929E+01,7.116798E+00,1.504421E+02,6.281282E+03,2.749622E+05
6E-02,-1.373982E+01,4.963875E+00,1.601364E+02,6.959033E+03,6.052718E+05
6.133333E-02,-1.491137E+01,2.89861E+00,1.689995E+02,7.537732E+03,7.415897E+05
6.266667E-02,-1.48144E+01,-6.128411E-02,1.80237E+02,9.134609E+03,8.731862E+05
6.4E-02,-1.429669E+01,-3.395001E+00,1.933585E+02,9.928405E+03,5.935051E+05
6.533333E-02,-1.29192E+01,-6.501285E+00,2.067128E+02,1.056311E+04,5.751724E+05
6.666667E-02,-1.087963E+01,-9.634545E+00,2.215268E+02,1.154417E+04,2.335262E+05
6.8E-02,-7.597061E+00,-1.192372E+01,2.374972E+02,1.132484E+04,-7.433287E+05
6.933333E-02,-4.440698E+00,-1.344817E+01,2.517263E+02,9.483238E+03,-1.597761E+06
7.066667E-02,-1.802494E+00,-1.423993E+01,2.627858E+02,7.002427E+03,-1.773736E+06
7.2E-02,1.020143E-01,-1.46311E+01,2.703995E+02,4.698421E+03,-1.406661E+06
7.333333E-02,1.362358E+00,-1.464417E+01,2.75315E+02,3.214317E+03,-1.238347E+06
7.466667E-02,2.266797E+00,-1.435904E+01,2.78971E+02,1.572794E+03,-1.2725E+06
7.6E-02,2.424012E+00,-1.447122E+01,2.795091E+02,-3.394629E+02,-1.076807E+06
7.733333E-02,2.051293E+00,-1.447514E+01,2.780658E+02,-1.311273E+03,-4.655721E+05
7.866667E-02,1.542891E+00,-1.464922E+01,2.760124E+02,-1.540186E+03,2.079538E+05
8E-02,1.004681E+00,-1.451836E+01,2.739586E+02,-8.261158E+02,5.616586E+05
8.133333E-02,9.648619E-01,-1.44908E+01,2.738094E+02,1.274542E+02,5.557681E+05
8.266667E-02,1.092853E+00,-1.453965E+01,2.742985E+02,5.903579E+02,2.921722E+05
8.4E-02,1.373469E+00,-1.457411E+01,2.753837E+02,9.209596E+02,1.975329E+05
8.533333E-02,1.729575E+00,-1.460357E+01,2.767544E+02,1.104799E+03,1.559229E+05
8.666667E-02,2.119144E+00,-1.447349E+01,2.783298E+02,1.323169E+03,1.086401E+05
8.8E-02,2.63267E+00,-1.451138E+01,2.802828E+02,1.429088E+03,2.030779E+05
8.933333E-02,3.078586E+00,-1.431071E+01,2.821407E+02,1.779181E+03,1.751384E+05
9.066667E-02,3.801883E+00,-1.416183E+01,2.850273E+02,2.030627E+03,-1.36136E+05
9.2E-02,4.413359E+00,-1.395008E+01,2.875557E+02,1.394371E+03,-5.002858E+05
9.333333E-02,4.673514E+00,-1.377119E+01,2.887456E+02,6.123248E+02,-4.094737E+05
9.466667E-02,4.792841E+00,-1.377201E+01,2.891886E+02,2.988777E+02,1.889453E+04
9.6E-02,4.910302E+00,-1.383355E+01,2.895426E+02,6.397427E+02,3.282722E+05
9.733333E-02,5.239519E+00,-1.372486E+01,2.908946E+02,1.251948E+03,3.601012E+05
9.866667E-02,5.703646E+00,-1.351482E+01,2.928812E+02,1.59898E+03,4.579715E+05
1E-01,6.259965E+00,-1.332815E+01,2.951585E+02,2.375063E+03,5.558332E+05
1.013333E-01,7.349273E+00,-1.314208E+01,2.992147E+02,3.229451E+03,1.679821E+05
1.026667E-01,8.535905E+00,-1.276506E+01,3.037704E+02,2.860689E+03,1.033434E+04
1.04E-01,9.200618E+00,-1.227942E+01,3.068432E+02,2.975516E+03,4.353226E+05
1.053333E-01,1.016847E+01,-1.14108E+01,3.117051E+02,4.211903E+03,5.451846E+05
1.066667E-01,1.150533E+01,-1.033224E+01,3.180749E+02,4.530345E+03,4.653337E+05
1.08E-01,1.300985E+01,-9.526654E+00,3.23786E+02,5.174171E+03,1.070711E+06
1.093333E-01,1.407493E+01,-7.523938E+00,3.318727E+02,7.474095E+03,7.461011E+05
1.106667E-01,1.45445E+01,-4.248447E+00,3.437169E+02,7.619612E+03,5.897688E+04
1.12E-01,1.538227E+01,-2.109392E+00,3.521917E+02,6.979928E+03,-1.252681E+05
1.133333E-01,1.56692E+01,6.375743E-01,3.623301E+02,7.639257E+03,2.911792E+05
1.146667E-01,1.540166E+01,3.432239E+00,3.72563E+02,7.677073E+03,1.446501E+05
1.16E-01,1.447173E+01,6.084024E+00,3.828023E+02,7.977955E+03,5.213506E+05
1.173333E-01,1.321881E+01,8.861778E+00,3.938376E+02,9.042818E+03,5.765106E+05
1.186667E-01,1.091234E+01,1.166788E+01,4.069164E+02,9.706317E+03,7.217745E+05
1.2E-01,7.956426E+00,1.362729E+01,4.197211E+02,1.067554E+04,4.173597E+05
1.213333E-01,3.977572E+00,1.525325E+01,4.353845E+02,1.121619E+04,-3.372808E+05
1.226667E-01,1.006E-01,1.561611E+01,4.496309E+02,9.622843E+03,-1.656649E+06
1.24E-01,-2.941286E+00,1.506778E+01,4.610454E+02,6.819706E+03,-2.452305E+06
1.253333E-01,-4.639237E+00,1.4435E+01,4.678168E+02,3.030196E+03,-2.360342E+06
1.266667E-01,-5.033035E+00,1.451326E+01,4.69126E+02,2.880888E+02,-1.696509E+06
1.28E-01,-4.871357E+00,1.448747E+01,4.68585E+02,-1.275226E+03,-7.890515E+05
1.293333E-01,-4.141244E+00,1.470794E+01,4.657254E+02,-1.987788E+03,-1.943413E+04
1.306667E-01,-3.490124E+00,1.478241E+01,4.632843E+02,-1.242096E+03,6.006982E+05
1.32E-01,-3.251371E+00,1.477197E+01,4.624131E+02,-2.917887E+02,4.873516E+05
1.333333E-01,-3.266766E+00,1.472795E+01,4.625061E+02,7.584097E+01,2.13723E+05
1.346667E-01,-3.290727E+00,1.470336E+01,4.626154E+02,2.099296E+02,8.398114E+04
1.36E-01,-3.408531E+00,1.468681E+01,4.63066E+02,3.358099E+02,1.237589E+05
1.373333E-01,-3.516437E+00,1.463481E+01,4.635108E+02,4.976275E+02,1.049065E+05
1.386667E-01,-3.735989E+00,1.455814E+01,4.64393E+02,6.625732E+02,8.287497E+04
1.4E-01,-3.945861E+00,1.444572E+01,4.652777E+02,6.914937E+02,-4.103544E+04
1.413333E-01,-4.207853E+00,1.444874E+01,4.66237E+02,5.807928E+02,-3.028722E+04
1.426667E-01,-4.359178E+00,1.441421E+01,4.668265E+02,5.515041E+02,3.10015E+04
1.44E-01,-4.572128E+00,1.431979E+01,4.677076E+02,7.078047E+02,5.198004E+04
1.453333E-01,-4.809045E+00,1.419631E+01,4.68714E+02,6.962661E+02,2.170746E+04
1.466667E-01,-5.014543E+00,1.411026E+01,4.695643E+02,7.29211E+02,5.802044E+04
1.48E-01,-5.261003E+00,1.395337E+01,4.706585E+02,8.773641E+02,1.222142E+05
1.493333E-01,-5.5474E+00,1.379683E+01,4.71904E+02,1.042737E+03,4.031294E+05
1.506667E-01,-5.955271E+00,1.373605E+01,4.734392E+02,1.872326E+03,7.250288E+05
1.52E-01,-6.819385E+00,1.344358E+01,4.768968E+02,3.094939E+03,9.037705E+05
1.533333E-01,-7.948765E+00,1.2874E+01,4.816923E+02,4.231963E+03,7.603291E+05
1.546667E-01,-9.354886E+00,1.189559E+01,4.881821E+02,5.186713E+03,4.417749E+05
1.56E-01,-1.065503E+01,1.046205E+01,4.955236E+02,5.422473E+03,7.501743E+04
1.573333E-01,-1.242011E+01,9.481468E+00,5.02642E+02,5.319932E+03,2.444274E+05
1.586667E-01,-1.242177E+01,7.255773E+00,5.097101E+02,5.983355E+03,5.35035E+05
1.6E-01,-1.335436E+01,5.234156E+00,5.185976E+02,6.909507E+03,6.260241E+05
1.613333E-01,-1.451502E+01,3.049429E+00,5.281354E+02,7.565994E+03,5.080444E+05
1.626667E-01,-1.442253E+01,3.087568E-01,5.387736E+02,8.301271E+03,5.763382E+05
1.64E-01,-1.437051E+01,-2.604343E+00,5.502721E+02,9.072094E+03,6.240174E+05
1.653333E-01,-1.34658E+01,-5.706425E+00,5.629659E+02,9.981412E+03,6.632189E+05
1.666667E-01,-1.143555E+01,-8.582691E+00,5.768892E+02,1.085016E+04,4.681755E+05
1.68E-01,-9.085342E+00,-1.158681E+01,5.918996E+02,1.127764E+04,-1.500513E+05
1.693333E-01,-5.821526E+00,-1.369002E+01,6.069629E+02,1.050996E+04,-1.136818E+06
1.706667E-01,-2.61386E+00,-1.471308E+01,6.199262E+02,8.231305E+03,-1.705122E+06
1.72E-01,-2.860564E-01,-1.507726E+01,6.289131E+02,5.785775E+03,-1.561267E+06
1.733333E-01,1.432368E+00,-1.528118E+01,6.353549E+02,4.111155E+03,-1.275521E+06
1.746667E-01,2.655316E+00,-1.525175E+01,6.398762E+02,2.449442E+03,-1.3584E+06
1.76E-01,3.120556E+00,-1.482506E+01,6.418868E+02,4.708159E+02,-1.183878E+06
1.773333E-01,2.921622E+00,-1.484819E+01,6.411317E+02,-8.315132E+02,-6.197139E+05
1.786667E-01,2.587234E+00,-1.518476E+01,6.396694E+02,-1.107775E+03,1.549906E+04
1.8E-01,2.176096E+00,-1.5143E+01,6.381776E+02,-8.008878E+02,3.563832E+05
1.813333E-01,1.990878E+00,-1.505379E+01,6.375337E+02,-1.172317E+02,3.738922E+05
1.826667E-01,2.082512E+00,-1.507553E+01,6.37865E+02,2.543728E+02,1.9153E+05
1.84E-01,2.181151E+00,-1.511366E+01,6.38212E+02,3.326286E+02,3.496786E+04
1.853333E-01,2.329666E+00,-1.513259E+01,6.38752E+02,3.721355E+02,9.584424E+04
1.866667E-01,2.451934E+00,-1.513135E+01,6.392044E+02,5.398475E+02,2.116283E+05
1.88E-01,2.713436E+00,-1.509336E+01,6.401916E+02,9.662085E+02,2.91749E+05
1.893333E-01,3.089548E+00,-1.481344E+01,6.417809E+02,1.333502E+03,1.394768E+05
1.906667E-01,3.611598E+00,-1.476207E+01,6.437476E+02,1.362394E+03,1.642537E+05
1.92E-01,4.016088E+00,-1.456641E+01,6.45414E+02,1.660467E+03,-8.164884E+04
1.933333E-01,4.712797E+00,-1.435474E+01,6.481755E+02,1.377211E+03,-2.452697E+05
1.946667E-01,4.961001E+00,-1.433739E+01,6.490866E+02,7.412127E+02,-2.773481E+05
1.96E-01,5.247408E+00,-1.429894E+01,6.501521E+02,7.590243E+02,1.096658E+04
1.973333E-01,5.493867E+00,-1.422983E+01,6.511106E+02,7.467478E+02,2.165103E+05
1.986667E-01,5.750725E+00,-1.413161E+01,6.521434E+02,1.27813E+03,5.759499E+05
2E-01,6.326876E+00,-1.387089E+01,6.54519E+02,2.342407E+03,5.743303E+05
2.013333E-01,7.279798E+00,-1.346943E+01,6.583898E+02,2.898597E+03,2.537605E+05
2.026667E-01,8.246196E+00,-1.307016E+01,6.622486E+02,2.932247E+03,-1.029628E+05
2.04E-01,8.92654E+00,-1.219249E+01,6.662091E+02,2.677443E+03,2.228534E+05
2.053333E-01,9.503654E+00,-1.157471E+01,6.693884E+02,3.305744E+03,6.098106E+05
2.066667E-01,1.060217E+01,-1.059312E+01,6.750245E+02,4.56098E+03,5.262565E+05
2.08E-01,1.194653E+01,-9.485344E+00,6.81551E+02,4.700648E+03,4.675226E+05
2.093333E-01,1.33551E+01,-8.488648E+00,6.875595E+02,5.554727E+03,1.079401E+06
2.106667E-01,1.421692E+01,-6.22197E+00,6.963636E+02,7.743429E+03,5.9981E+05
2.12E-01,1.463387E+01,-3.054865E+00,7.082087E+02,7.524457E+03,-6.802834E+04
2.133333E-01,1.547045E+01,-9.654986E-01,7.164288E+02,6.905037E+03,1.562484E+05
2.146667E-01,1.559729E+01,1.810764E+00,7.266221E+02,8.258985E+03,6.558615E+05
2.16E-01,1.472756E+01,4.914288E+00,7.384528E+02,8.742406E+03,3.893152E+05
2.173333E-01,1.371894E+01,7.899952E+00,7.499352E+02,9.102073E+03,6.071278E+05
2.186667E-01,1.170747E+01,1.08128E+01,7.62725E+02,1.040419E+04,1.123901E+06
2.2E-01,8.471184E+00,1.338957E+01,7.776797E+02,1.213042E+04,6.430067E+05
2.213333E-01,4.073934E+00,1.528175E+01,7.950728E+02,1.236174E+04,-5.500116E+05
2.226667E-01,-1.768274E-01,1.57237E+01,8.106443E+02,1.050551E+04,-1.80384E+06
2.24E-01,-3.556316E+00,1.52975E+01,8.230875E+02,7.566212E+03,-2.364941E+06
2.253333E-01,-5.488215E+00,1.443198E+01,8.308209E+02,4.104236E+03,-2.49173E+06
2.266667E-01,-6.286737E+00,1.409897E+01,8.340321E+02,9.042671E+02,-1.900571E+06
2.28E-01,-6.070879E+00,1.414242E+01,8.332323E+02,-1.082505E+03,-1.022045E+06
2.293333E-01,-5.545207E+00,1.433689E+01,8.311454E+02,-1.721815E+03,-4.538561E+05
2.306667E-01,-4.90035E+00,1.452691E+01,8.286408E+02,-2.219847E+03,-2.379198E+04
2.32E-01,-4.015518E+00,1.475327E+01,8.252258E+02,-1.948001E+03,4.591475E+05
2.333333E-01,-3.524933E+00,1.474351E+01,8.234461E+02,-8.419084E+02,6.754268E+05
2.346667E-01,-3.423578E+00,1.485192E+01,8.229807E+02,-1.255539E+02,3.953571E+05
2.36E-01,-3.452889E+00,1.482469E+01,8.231113E+02,1.923173E+02,2.164867E+05
2.373333E-01,-3.553112E+00,1.480708E+01,8.234936E+02,4.267916E+02,1.479684E+05
2.386667E-01,-3.74347E+00,1.474061E+01,8.242494E+02,6.076042E+02,1.483266E+05
2.4E-01,-3.97091E+00,1.47027E+01,8.251139E+02,7.93266E+02,1.474795E+05
2.413333E-01,-4.290295E+00,1.461034E+01,8.263648E+02,1.024175E+03,3.127519E+04
2.426667E-01,-4.636917E+00,1.440343E+01,8.27845E+02,9.09244E+02,-6.693483E+04
2.44E-01,-4.837753E+00,1.421942E+01,8.287894E+02,7.675257E+02,-6.09807E+04
2.453333E-01,-5.121384E+00,1.415405E+01,8.298917E+02,7.965645E+02,6.376576E+04
2.466667E-01,-5.354942E+00,1.401324E+01,8.309136E+02,9.012231E+02,7.133343E+04
2.48E-01,-5.755201E+00,1.403612E+01,8.32295E+02,1.030428E+03,2.068514E+05
2.493333E-01,-6.095837E+00,1.391217E+01,8.336614E+02,1.38106E+03,3.162668E+05
2.506667E-01,-6.628364E+00,1.360352E+01,8.359778E+02,1.946516E+03,3.189622E+05
2.52E-01,-7.282741E+00,1.321877E+01,8.388521E+02,2.229901E+03,7.440343E+05
2.533333E-01,-7.908113E+00,1.269295E+01,8.419242E+02,3.719693E+03,1.006953E+06
2.546667E-01,-9.322929E+00,1.160729E+01,8.487713E+02,5.287257E+03,8.182583E+05
2.56E-01,-1.080701E+01,1.042761E+01,8.560236E+02,5.704945E+03,3.203386E+05
2.573333E-01,-1.152253E+01,8.37638E+00,8.639845E+02,6.167575E+03,1.646804E+05
2.586667E-01,-1.294337E+01,6.746378E+00,8.724704E+02,6.187653E+03,1.307908E+05
2.6E-01,-1.366253E+01,4.842213E+00,8.804849E+02,6.384339E+03,2.05799E+05
2.613333E-01,-1.464135E+01,2.714842E+00,8.894953E+02,6.854608E+03,7.267235E+05
2.626667E-01,-1.459793E+01,3.15002E-01,8.987638E+02,8.128404E+03,9.370238E+05
2.64E-01,-1.452961E+01,-2.869324E+00,9.111711E+02,9.629518E+03,8.736588E+05
2.653333E-01,-1.326286E+01,-6.028179E+00,9.244425E+02,1.032898E+04,5.491117E+05
2.666667E-01,-1.109856E+01,-8.896407E+00,9.38715E+02,1.109847E+04,6.097496E+05
2.68E-01,-8.330432E+00,-1.148206E+01,9.540385E+02,1.194878E+04,-1.870063E+05
2.693333E-01,-4.633701E+00,-1.314233E+01,9.705784E+02,1.089022E+04,-1.371001E+06
2.706667E-01,-1.7157E+00,-1.41345E+01,9.830791E+02,7.9924E+03,-1.921901E+06
2.72E-01,4.762922E-01,-1.442209E+01,9.918915E+02,5.714255E+03,-1.498054E+06
2.733333E-01,2.122406E+00,-1.451825E+01,9.983171E+02,4.049403E+03,-1.490231E+06
2.746667E-01,3.190373E+00,-1.416842E+01,1.00269E+03,1.852162E+03,-1.571327E+06
2.76E-01,3.375429E+00,-1.432801E+01,1.003256E+03,-3.307611E+02,-1.16582E+06
2.773333E-01,3.006902E+00,-1.438333E+01,1.001808E+03,-1.245813E+03,-5.032986E+05
2.786667E-01,2.562008E+00,-1.462836E+01,9.99934E+02,-1.584923E+03,1.140717E+05
2.8E-01,1.925138E+00,-1.446399E+01,9.975814E+02,-1.069402E+03,5.148531E+05
2.813333E-01,1.785412E+00,-1.437039E+01,9.970823E+02,-3.608158E+01,5.410352E+05
2.826667E-01,1.893603E+00,-1.441208E+01,9.974852E+02,3.621565E+02,2.413827E+05
2.84E-01,2.048786E+00,-1.448973E+01,9.98048E+02,5.571204E+02,2.008658E+05
2.853333E-01,2.297437E+00,-1.455333E+01,9.989709E+02,8.983497E+02,1.752274E+05
2.866667E-01,2.677829E+00,-1.452803E+01,1.000444E+03,1.069093E+03,2.016291E+05
2.88E-01,2.996377E+00,-1.431565E+01,1.001822E+03,1.351081E+03,1.525188E+05
2.893333E-01,3.58604E+00,-1.433325E+01,1.004047E+03,1.583701E+03,1.220209E+05
2.906667E-01,4.063185E+00,-1.412813E+01,1.006045E+03,1.593376E+03,-9.630403E+04
2.92E-01,4.634761E+00,-1.401791E+01,1.008296E+03,1.406249E+03,-2.43149E+05
2.933333E-01,4.997195E+00,-1.388406E+01,1.009795E+03,8.852068E+02,-2.282831E+05
2.946667E-01,5.220902E+00,-1.384883E+01,1.010656E+03,7.538886E+02,1.543884E+04
2.96E-01,5.505748E+00,-1.376162E+01,1.011805E+03,9.752718E+02,1.887712E+05
2.973333E-01,5.885254E+00,-1.369383E+01,1.013257E+03,1.251005E+03,-5.429609E+04
2.986667E-01,6.385986E+00,-1.360704E+01,1.015141E+03,9.297972E+02,2.046325E+05
3E-01,6.520174E+00,-1.352602E+01,1.015736E+03,1.486661E+03,4.629958E+05
3.013333E-01,7.426664E+00,-1.333991E+01,1.019106E+03,2.530373E+03,6.54665E+05
3.026667E-01,8.239298E+00,-1.294113E+01,1.022484E+03,3.015816E+03,2.67772E+05
3.04E-01,9.333315E+00,-1.23194E+01,1.027148E+03,3.396292E+03,4.612263E+05
3.053333E-01,1.01977E+01,-1.150993E+01,1.031541E+03,4.041131E+03,4.092998E+05
3.066667E-01,1.137752E+01,-1.027161E+01,1.037924E+03,4.724625E+03,2.877948E+05
3.08E-01,1.275062E+01,-9.216457E+00,1.04414E+03,4.681099E+03,4.970276E+05
3.093333E-01,1.364809E+01,-7.750911E+00,1.050407E+03,5.894146E+03,9.680955E+05
3.106667E-01,1.442128E+01,-5.289601E+00,1.059857E+03,7.536722E+03,8.628078E+05
3.12E-01,1.525316E+01,-2.551087E+00,1.070505E+03,8.131919E+03,1.24008E+05
3.133333E-01,1.59124E+01,4.284983E-01,1.081543E+03,7.899118E+03,9.186858E+03
3.146667E-01,1.56445E+01,3.202674E+00,1.091569E+03,7.96391E+03,1.801723E+05
3.16E-01,1.465514E+01,6.15432E+00,1.10278E+03,8.541361E+03,5.493044E+05
3.173333E-01,1.328768E+01,9.080038E+00,1.114346E+03,9.312505E+03,8.297373E+05
3.186667E-01,1.086639E+01,1.190562E+01,1.127613E+03,1.07961E+04,8.964126E+05
3.2E-01,7.094686E+00,1.400623E+01,1.143136E+03,1.182724E+04,2.457735E+05
3.213333E-01,2.984058E+00,1.557251E+01,1.159152E+03,1.146203E+04,-7.719517E+05
3.226667E-01,-1.002105E+00,1.549014E+01,1.173701E+03,9.750958E+03,-1.806982E+06
3.24E-01,-3.979663E+00,1.469336E+01,1.185155E+03,6.665272E+03,-2.503184E+06
3.253333E-01,-5.556929E+00,1.412476E+01,1.191476E+03,2.947825E+03,-2.476144E+06
3.266667E-01,-6.001558E+00,1.412802E+01,1.193016E+03,-8.749227E+00,-1.742097E+06
3.28E-01,-5.602E+00,1.425637E+01,1.191452E+03,-1.699003E+03,-1.050834E+06
3.293333E-01,-4.836892E+00,1.446851E+01,1.188485E+03,-2.723887E+03,-2.920486E+05
3.306667E-01,-3.723753E+00,1.472855E+01,1.184189E+03,-2.629701E+03,3.254593E+05
3.32E-01,-2.993918E+00,1.475182E+01,1.181472E+03,-1.668138E+03,7.7016E+05
3.333333E-01,-2.581152E+00,1.503692E+01,1.17974E+03,-6.482234E+02,6.013236E+05
3.346667E-01,-2.58339E+00,1.504405E+01,1.179744E+03,6.04701E+01,4.636439E+05
3.36E-01,-2.630549E+00,1.50702E+01,1.179901E+03,4.624388E+02,1.534594E+05
3.373333E-01,-2.900128E+00,1.495181E+01,1.180977E+03,5.906997E+02,1.047015E+05
3.386667E-01,-3.034754E+00,1.494754E+01,1.181477E+03,5.987151E+02,9.435533E+04
3.4E-01,-3.325609E+00,1.491014E+01,1.182574E+03,9.228972E+02,1.316794E+05
3.413333E-01,-3.660771E+00,1.475091E+01,1.183938E+03,9.56023E+02,2.176093E+05
3.426667E-01,-3.971914E+00,1.469707E+01,1.185123E+03,1.397159E+03,1.248292E+05
3.44E-01,-4.586386E+00,1.440279E+01,1.187663E+03,1.501352E+03,-1.960515E+04
3.453333E-01,-4.933254E+00,1.422499E+01,1.189127E+03,1.149449E+03,-1.490614E+05
3.466667E-01,-5.305167E+00,1.401854E+01,1.190729E+03,1.179556E+03,7.48684E+04
3.48E-01,-5.764158E+00,1.407397E+01,1.192272E+03,1.313182E+03,2.604684E+05
3.493333E-01,-6.190061E+00,1.375397E+01,1.19423E+03,1.865088E+03,3.6599E+05
3.506667E-01,-6.942079E+00,1.348137E+01,1.197246E+03,2.365339E+03,5.888424E+05
3.52E-01,-7.732085E+00,1.310659E+01,1.200538E+03,3.290999E+03,8.227192E+05
3.533333E-01,-8.974265E+00,1.234219E+01,1.206022E+03,4.695902E+03,8.41736E+05
3.546667E-01,-1.059289E+01,1.13355E+01,1.21306E+03,5.546616E+03,3.725364E+05
3.56E-01,-1.213152E+01,9.889757E+00,1.220813E+03,5.698944E+03,-2.348203E+05
3.573333E-01,-1.350838E+01,8.356768E+00,1.228258E+03,4.941075E+03,3.199628E+04
3.586667E-01,-1.399028E+01,6.826879E+00,1.233989E+03,5.452295E+03,2.598389E+05
3.6E-01,-1.467226E+01,4.542652E+00,1.242797E+03,6.124284E+03,5.018428E+05
3.613333E-01,-1.535153E+01,2.61849E+00,1.25032E+03,6.382338E+03,4.294546E+05
3.626667E-01,-1.490899E+01,4.772029E-02,1.259817E+03,7.496295E+03,7.724241E+05
3.64E-01,-1.496768E+01,-2.722899E+00,1.27031E+03,8.371689E+03,7.513749E+05
3.653333E-01,-1.362184E+01,-5.542646E+00,1.282141E+03,9.500172E+03,8.222493E+05
3.666667E-01,-1.157164E+01,-8.297993E+00,1.295644E+03,1.060384E+04,5.321812E+05
3.68E-01,-8.772661E+00,-1.061112E+01,1.310418E+03,1.098019E+04,-2.05409E+05
3.693333E-01,-5.976742E+00,-1.277332E+01,1.324925E+03,1.007447E+04,-9.167956E+05
3.706667E-01,-3.092524E+00,-1.370396E+01,1.337283E+03,8.438228E+03,-1.318032E+06
3.72E-01,-6.236011E-01,-1.38752E+01,1.347427E+03,6.583713E+03,-1.458086E+06
3.733333E-01,1.174439E+00,-1.387035E+01,1.35484E+03,4.524116E+03,-1.653729E+06
3.746667E-01,2.306672E+00,-1.37975E+01,1.359491E+03,2.207125E+03,-1.765575E+06
3.76E-01,2.614655E+00,-1.380398E+01,1.360726E+03,-2.361675E+02,-1.389307E+06
3.773333E-01,2.153669E+00,-1.381426E+01,1.358861E+03,-1.615629E+03,-5.637809E+05
3.786667E-01,1.537896E+00,-1.367367E+01,1.356417E+03,-1.660349E+03,1.449451E+05
3.8E-01,1.073177E+00,-1.384111E+01,1.354434E+03,-1.191091E+03,5.394294E+05
3.813333E-01,7.780606E-01,-1.374055E+01,1.353241E+03,-2.533842E+02,6.174793E+05
3.826667E-01,9.025336E-01,-1.374099E+01,1.353758E+03,5.70251E+02,4.259545E+05
3.84E-01,1.148429E+00,-1.378711E+01,1.354762E+03,8.317703E+02,1.67276E+05
3.853333E-01,1.44195E+00,-1.377486E+01,1.355976E+03,1.000061E+03,2.567013E+05
3.866667E-01,1.773145E+00,-1.359964E+01,1.357428E+03,1.475386E+03,1.95595E+05
3.88E-01,2.38637E+00,-1.365877E+01,1.35991E+03,1.649466E+03,1.653332E+05
3.893333E-01,2.81691E+00,-1.345212E+01,1.361827E+03,1.755187E+03,1.270529E+05
3.906667E-01,3.518365E+00,-1.35161E+01,1.364591E+03,2.10476E+03,-1.185795E+04
3.92E-01,4.186353E+00,-1.332631E+01,1.36744E+03,1.743467E+03,-4.182769E+05
3.933333E-01,4.64171E+00,-1.329923E+01,1.36924E+03,9.321852E+02,-3.308702E+05
3.946667E-01,4.84678E+00,-1.337047E+01,1.369926E+03,7.623912E+02,-6.418886E+04
3.96E-01,5.193869E+00,-1.334009E+01,1.371273E+03,9.065599E+02,7.969041E+04
3.973333E-01,5.477935E+00,-1.332808E+01,1.372343E+03,8.962711E+02,3.280371E+05
3.986667E-01,5.860549E+00,-1.337406E+01,1.373663E+03,1.7189E+03,4.325804E+05
4E-01,6.565769E+00,-1.292688E+01,1.376927E+03,2.27002E+03,3.587455E+05
4.013333E-01,7.240523E+00,-1.268548E+01,1.379717E+03,2.467138E+03,2.696233E+05
4.026667E-01,8.110866E+00,-1.22515E+01,1.383506E+03,3.086534E+03,3.071068E+05
4.04E-01,9.138221E+00,-1.171859E+01,1.387947E+03,3.306025E+03,2.182433E+05
4.053333E-01,1.00544E+01,-1.104118E+01,1.392322E+03,3.58321E+03,3.961845E+05
4.066667E-01,1.111643E+01,-1.018543E+01,1.397503E+03,4.381607E+03,5.910357E+05
4.08E-01,1.239593E+01,-9.004143E+00,1.404006E+03,5.21034E+03,7.235416E+05
4.093333E-01,1.340737E+01,-7.310916E+00,1.411397E+03,6.23619E+03,7.254025E+05
4.106667E-01,1.414913E+01,-4.972713E+00,1.420636E+03,7.249552E+03,3.227736E+05
4.12E-01,1.50105E+01,-2.450288E+00,1.430729E+03,7.149404E+03,-1.09734E+05
4.133333E-01,1.52339E+01,-7.948721E-02,1.439701E+03,6.783356E+03,5.681315E+03
4.146667E-01,1.537634E+01,2.385291E+00,1.448818E+03,7.189786E+03,3.902909E+05
4.16E-01,1.463994E+01,5.004897E+00,1.458874E+03,7.870124E+03,2.333686E+05
4.173333E-01,1.369063E+01,7.842238E+00,1.469805E+03,7.898393E+03,6.440713E+05
4.186667E-01,1.223746E+01,1.024524E+01,1.479936E+03,9.223011E+03,1.298462E+06
4.2E-01,9.138253E+00,1.276397E+01,1.4944E+03,1.174039E+04,1.097301E+06
4.213333E-01,4.985821E+00,1.468262E+01,1.511244E+03,1.222981E+04,-4.883507E+05
4.226667E-01,8.106421E-01,1.553224E+01,1.527012E+03,1.039918E+04,-1.642547E+06
4.24E-01,-2.399818E+00,1.519467E+01,1.538975E+03,7.683613E+03,-2.267949E+06
4.253333E-01,-4.531418E+00,1.437005E+01,1.547502E+03,4.463109E+03,-2.361234E+06
4.266667E-01,-5.413591E+00,1.419413E+01,1.550877E+03,1.208007E+03,-1.916924E+06
4.28E-01,-5.396877E+00,1.426482E+01,1.550723E+03,-6.712056E+02,-1.129493E+06
4.293333E-01,-4.998151E+00,1.444456E+01,1.549087E+03,-1.705591E+03,-4.402661E+05
4.306667E-01,-4.251226E+00,1.465656E+01,1.546175E+03,-1.937571E+03,2.068825E+05
4.32E-01,-3.648123E+00,1.471941E+01,1.54392E+03,-1.099777E+03,5.915305E+05
4.333333E-01,-3.46644E+00,1.473021E+01,1.543242E+03,-2.615246E+02,4.682282E+05
4.346667E-01,-3.447616E+00,1.467302E+01,1.543223E+03,1.160727E+02,1.976182E+05
4.36E-01,-3.527361E+00,1.463408E+01,1.543552E+03,2.650656E+02,1.092009E+05
4.373333E-01,-3.618227E+00,1.458849E+01,1.543929E+03,3.798903E+02,6.334E+04
4.386667E-01,-3.77457E+00,1.452721E+01,1.544565E+03,4.612559E+02,7.484335E+04
4.4E-01,-3.92931E+00,1.450287E+01,1.545159E+03,5.468106E+02,1.193872E+05
4.413333E-01,-4.140815E+00,1.441877E+01,1.546023E+03,7.903175E+02,2.116965E+05
4.426667E-01,-4.457908E+00,1.434186E+01,1.547267E+03,1.112031E+03,7.559907E+04
4.44E-01,-4.856333E+00,1.411298E+01,1.548989E+03,1.05631E+03,-1.017008E+05
4.453333E-01,-5.13752E+00,1.405129E+01,1.550084E+03,7.572739E+02,-8.7938E+04
4.466667E-01,-5.321768E+00,1.385794E+01,1.551008E+03,8.190586E+02,2.554738E+04
4.48E-01,-5.597952E+00,1.367103E+01,1.552268E+03,8.798397E+02,3.352277E+05
4.493333E-01,-5.923287E+00,1.3718E+01,1.553354E+03,1.568692E+03,3.397097E+05
4.506667E-01,-6.619135E+00,1.330437E+01,1.556451E+03,2.049486E+03,3.684656E+05
4.52E-01,-7.061411E+00,1.283432E+01,1.558819E+03,2.291851E+03,6.95773E+05
4.533333E-01,-7.952061E+00,1.245216E+01,1.562563E+03,3.930733E+03,1.132485E+06
4.546667E-01,-9.345613E+00,1.141753E+01,1.569301E+03,5.495981E+03,6.442147E+05
4.56E-01,-1.102591E+01,1.020345E+01,1.577219E+03,5.65486E+03,1.734029E+05
4.573333E-01,-1.156516E+01,8.285626E+00,1.584381E+03,5.759068E+03,1.37667E+04
4.586667E-01,-1.29227E+01,6.705321E+00,1.592576E+03,5.880606E+03,1.307884E+05
4.6E-01,-1.354903E+01,4.914668E+00,1.600063E+03,5.931386E+03,3.621795E+05
4.613333E-01,-1.442474E+01,2.962767E+00,1.608393E+03,6.883936E+03,7.159304E+05
4.626667E-01,-1.42862E+01,3.941012E-01,1.61842E+03,7.91992E+03,7.334258E+05
4.64E-01,-1.420939E+01,-2.38114E+00,1.629513E+03,8.795225E+03,6.186045E+05
4.653333E-01,-1.36471E+01,-5.478842E+00,1.641874E+03,9.601021E+03,7.980841E+05
4.666667E-01,-1.184147E+01,-8.327165E+00,1.655116E+03,1.082263E+04,5.744461E+05
4.68E-01,-8.894021E+00,-1.087958E+01,1.670734E+03,1.138699E+04,2.645372E+04
4.693333E-01,-5.884349E+00,-1.290068E+01,1.685481E+03,1.072094E+04,-9.313774E+05
4.706667E-01,-2.72502E+00,-1.445395E+01,1.699323E+03,9.044167E+03,-1.732633E+06
4.72E-01,-1.013652E-01,-1.447469E+01,1.709599E+03,6.009354E+03,-1.551475E+06
4.733333E-01,1.380645E+00,-1.474794E+01,1.715348E+03,4.575427E+03,-1.222512E+06
4.746667E-01,3.059128E+00,-1.464334E+01,1.7218E+03,3.288494E+03,-1.403713E+06
4.76E-01,3.702921E+00,-1.472287E+01,1.724118E+03,5.249629E+02,-1.462525E+06
4.773333E-01,3.461885E+00,-1.476005E+01,1.7232E+03,-7.306964E+02,-6.144116E+05
4.786667E-01,3.163672E+00,-1.467097E+01,1.722169E+03,-9.298625E+02,-8.856618E+04
4.8E-01,2.821478E+00,-1.490348E+01,1.72072E+03,-1.015736E+03,1.944418E+05
4.813333E-01,2.463662E+00,-1.478505E+01,1.71946E+03,-4.407167E+02,4.012673E+05
4.826667E-01,2.485782E+00,-1.478322E+01,1.719545E+03,1.726159E+02,2.841652E+05
4.84E-01,2.586455E+00,-1.478818E+01,1.719921E+03,2.769407E+02,9.566233E+04
4.853333E-01,2.680026E+00,-1.47715E+01,1.720283E+03,3.933853E+02,7.626519E+04
4.866667E-01,2.862964E+00,-1.477034E+01,1.72097E+03,5.155579E+02,1.871902E+05
4.88E-01,3.032407E+00,-1.469685E+01,1.721658E+03,8.305836E+02,3.18828E+05
4.893333E-01,3.402245E+00,-1.452309E+01,1.723185E+03,1.416582E+03,3.325743E+05
4.906667E-01,3.994568E+00,-1.446686E+01,1.725436E+03,1.742498E+03,1.663879E+05
4.92E-01,4.568687E+00,-1.420315E+01,1.727831E+03,1.831871E+03,-9.89643E+04
4.933333E-01,5.152504E+00,-1.39135E+01,1.730321E+03,1.529217E+03,-2.076789E+05
4.946667E-01,5.544306E+00,-1.378551E+01,1.731909E+03,1.178324E+03,-1.796332E+05
4.96E-01,5.957468E+00,-1.372547E+01,1.733463E+03,1.103589E+03,-8.247835E+04
4.973333E-01,6.314588E+00,-1.363345E+01,1.734852E+03,9.549907E+02,1.20105E+05
4.986667E-01,6.674843E+00,-1.367962E+01,1.73601E+03,1.340418E+03,2.261177E+05
5E-01,7.109602E+00,-1.313439E+01,1.738427E+03,1.718728E+03,3.664116E+05
5.013333E-01,7.678187E+00,-1.298677E+01,1.740593E+03,2.148404E+03,3.382071E+05
5.026667E-01,8.529828E+00,-1.25722E+01,1.744156E+03,2.769691E+03,3.138616E+05
5.04E-01,9.406032E+00,-1.204838E+01,1.747979E+03,2.929578E+03,3.220994E+05
5.053333E-01,1.019803E+01,-1.133885E+01,1.751968E+03,3.552369E+03,3.642362E+05
5.066667E-01,1.126514E+01,-1.034006E+01,1.757452E+03,4.059745E+03,3.12096E+05
5.08E-01,1.236354E+01,-9.38654E+00,1.762794E+03,4.253999E+03,5.523543E+05
5.093333E-01,1.362414E+01,-8.25246E+00,1.768796E+03,5.472293E+03,1.08278E+06
5.106667E-01,1.437316E+01,-5.986915E+00,1.777387E+03,7.265911E+03,4.678638E+05
5.12E-01,1.488739E+01,-3.117867E+00,1.788171E+03,6.975359E+03,-5.10908E+04
5.133333E-01,1.545534E+01,-1.084117E+00,1.795988E+03,6.590039E+03,8.543314E+04
5.146667E-01,1.573117E+01,1.582641E+00,1.805745E+03,7.538703E+03,4.629136E+05
5.16E-01,1.518814E+01,4.381178E+00,1.816091E+03,7.780503E+03,5.203631E+05
5.173333E-01,1.435675E+01,7.155802E+00,1.826493E+03,8.763452E+03,8.201111E+05
5.186667E-01,1.259382E+01,1.036678E+01,1.83946E+03,1.0175E+04,1.289923E+06
5.2E-01,9.48751E+00,1.288091E+01,1.853626E+03,1.199814E+04,9.611049E+05
5.213333E-01,4.965112E+00,1.480052E+01,1.871455E+03,1.310428E+04,-1.774672E+05
5.226667E-01,3.853299E-01,1.544692E+01,1.888571E+03,1.145042E+04,-1.640788E+06
5.24E-01,-3.133707E+00,1.475629E+01,1.901989E+03,8.582475E+03,-2.535425E+06
5.253333E-01,-5.458385E+00,1.388703E+01,1.911458E+03,4.793756E+03,-2.732435E+06
5.266667E-01,-6.197671E+00,1.342973E+01,1.914773E+03,1.053106E+03,-2.198892E+06
5.28E-01,-6.12538E+00,1.358776E+01,1.914266E+03,-1.05363E+03,-1.343619E+06
5.293333E-01,-5.577411E+00,1.38302E+01,1.911963E+03,-2.418735E+03,-7.53637E+05
5.306667E-01,-4.639478E+00,1.443647E+01,1.907816E+03,-3.157938E+03,3.890257E+04
5.32E-01,-3.546389E+00,1.472427E+01,1.903542E+03,-2.351743E+03,7.292594E+05
5.333333E-01,-3.003735E+00,1.470518E+01,1.901545E+03,-1.029455E+03,7.839747E+05
5.346667E-01,-2.785945E+00,1.460895E+01,1.900797E+03,-2.882025E+02,4.676333E+05
5.36E-01,-2.77083E+00,1.455819E+01,1.900776E+03,1.980497E+02,2.472748E+05
5.373333E-01,-2.899016E+00,1.447545E+01,1.901325E+03,3.955375E+02,2.030749E+05
5.386667E-01,-3.057709E+00,1.459714E+01,1.901831E+03,6.638693E+02,2.032456E+05
5.4E-01,-3.383981E+00,1.454732E+01,1.903095E+03,1.011965E+03,8.886225E+04
5.413333E-01,-3.729567E+00,1.439066E+01,1.904529E+03,9.030747E+02,1.70384E+05
5.426667E-01,-3.98626E+00,1.437069E+01,1.905503E+03,1.323222E+03,1.332331E+05
5.44E-01,-4.591397E+00,1.408232E+01,1.908058E+03,1.510331E+03,-5.172103E+04
5.453333E-01,-4.962092E+00,1.39885E+01,1.909531E+03,9.997153E+02,-2.420944E+05
5.466667E-01,-5.247695E+00,1.387009E+01,1.910724E+03,8.929608E+02,3.218428E+03
5.48E-01,-5.536547E+00,1.376414E+01,1.911912E+03,1.006331E+03,2.965496E+05
5.493333E-01,-5.945071E+00,1.373332E+01,1.913407E+03,1.642489E+03,3.899473E+05
5.506667E-01,-6.594603E+00,1.334778E+01,1.916292E+03,2.176708E+03,2.541578E+05
5.52E-01,-7.223419E+00,1.291841E+01,1.919212E+03,2.242133E+03,6.84059E+05
5.533333E-01,-7.944925E+00,1.258165E+01,1.922271E+03,3.798949E+03,9.610572E+05
5.546667E-01,-9.394272E+00,1.146017E+01,1.929343E+03,5.236905E+03,7.684822E+05
5.56E-01,-1.08235E+01,1.036623E+01,1.936236E+03,5.558747E+03,1.950409E+05
5.573333E-01,-1.234632E+01,8.915625E+00,1.944166E+03,5.886248E+03,1.442312E+05
5.586667E-01,-1.278998E+01,6.819779E+00,1.951933E+03,5.864789E+03,1.208501E+05
5.6E-01,-1.366746E+01,5.027203E+00,1.959805E+03,6.188E+03,4.116332E+05
5.613333E-01,-1.46342E+01,2.994859E+00,1.968434E+03,6.967104E+03,6.322979E+05
5.626667E-01,-1.438088E+01,4.056431E-01,1.978384E+03,7.911077E+03,6.940959E+05
5.64E-01,-1.422016E+01,-2.387406E+00,1.98953E+03,8.810932E+03,7.297257E+05
5.653333E-01,-1.35528E+01,-5.442723E+00,2.00188E+03,9.839426E+03,6.32415E+05
5.666667E-01,-1.167791E+01,-8.412743E+00,2.015769E+03,1.057516E+04,7.024876E+05
5.68E-01,-9.514617E+00,-1.137149E+01,2.030081E+03,1.155784E+04,4.160576E+05
5.693333E-01,-5.912788E+00,-1.365698E+01,2.04659E+03,1.195802E+04,-9.938305E+05
5.706667E-01,-2.002754E+00,-1.419386E+01,2.061969E+03,9.026929E+03,-2.077051E+06
5.72E-01,1.765063E-01,-1.528457E+01,2.070662E+03,5.857997E+03,-1.786347E+06
5.733333E-01,1.988721E+00,-1.492482E+01,2.07759E+03,4.527895E+03,-1.461936E+06
5.746667E-01,3.316627E+00,-1.467402E+01,2.082736E+03,2.112654E+03,-1.721693E+06
5.76E-01,3.499318E+00,-1.489176E+01,2.083224E+03,-3.628493E+02,-1.392588E+06
5.773333E-01,3.106352E+00,-1.491033E+01,2.081768E+03,-1.501009E+03,-5.688064E+05
5.786667E-01,2.479076E+00,-1.527087E+01,2.079221E+03,-1.894853E+03,3.438164E+04
5.8E-01,1.760502E+00,-1.49516E+01,2.076715E+03,-1.412918E+03,4.568158E+05
5.813333E-01,1.461404E+00,-1.530837E+01,2.075453E+03,-5.958491E+02,5.447981E+05
5.826667E-01,1.368617E+00,-1.525525E+01,2.075127E+03,3.371112E+01,4.504279E+05
5.84E-01,1.480573E+00,-1.525611E+01,2.075543E+03,5.944957E+02,3.767301E+05
5.853333E-01,1.761089E+00,-1.49647E+01,2.076712E+03,1.053794E+03,2.527704E+05
5.866667E-01,2.213423E+00,-1.507447E+01,2.078353E+03,1.272897E+03,8.773E+04
5.88E-01,2.69852E+00,-1.513984E+01,2.080106E+03,1.279445E+03,1.433684E+05
5.893333E-01,3.102569E+00,-1.489655E+01,2.081765E+03,1.589749E+03,1.597111E+05
5.906667E-01,3.773542E+00,-1.475514E+01,2.084346E+03,1.82493E+03,-5.9318E+04
5.92E-01,4.332855E+00,-1.450511E+01,2.086632E+03,1.396105E+03,-3.635918E+05
5.933333E-01,4.690437E+00,-1.437715E+01,2.088069E+03,8.17372E+02,-3.068848E+05
5.946667E-01,4.864199E+00,-1.427935E+01,2.088811E+03,5.498514E+02,-1.637982E+04
5.96E-01,5.083015E+00,-1.432633E+01,2.089535E+03,7.755816E+02,1.730097E+05
5.973333E-01,5.428238E+00,-1.42305E+01,2.090879E+03,1.069977E+03,1.724463E+05
5.986667E-01,5.813313E+00,-1.411249E+01,2.092388E+03,1.208718E+03,3.380966E+05
6E-01,6.312653E+00,-1.411036E+01,2.094103E+03,1.897478E+03,6.485574E+05
6.013333E-01,7.197913E+00,-1.385775E+01,2.097448E+03,3.027789E+03,4.504334E+05
6.026667E-01,8.3314E+00,-1.324195E+01,2.102177E+03,3.207874E+03,2.549687E+05
6.04E-01,9.172709E+00,-1.262406E+01,2.106002E+03,3.453374E+03,3.175766E+05
6.053333E-01,1.030628E+01,-1.169604E+01,2.111386E+03,4.240978E+03,2.298789E+05
6.066667E-01,1.151737E+01,-1.06236E+01,2.117312E+03,4.091468E+03,2.901171E+05
6.08E-01,1.231699E+01,-9.520912E+00,2.122296E+03,4.741453E+03,5.481645E+05
6.093333E-01,1.394736E+01,-8.066964E+00,2.129955E+03,5.871976E+03,1.046351E+06
6.106667E-01,1.424097E+01,-5.766757E+00,2.137955E+03,7.246742E+03,4.549043E+05
6.12E-01,1.519656E+01,-2.876876E+00,2.14928E+03,7.556999E+03,6.539845E+04
6.133333E-01,1.553661E+01,-5.135197E-01,2.158107E+03,6.930888E+03,-6.066146E+04
6.146667E-01,1.558187E+01,2.124064E+00,2.167763E+03,7.570851E+03,5.182673E+03
6.16E-01,1.481674E+01,4.898983E+00,2.178296E+03,7.107567E+03,2.779908E+05
6.173333E-01,1.425023E+01,7.17211E+00,2.186716E+03,7.823268E+03,8.33094E+05
6.186667E-01,1.2541E+01,1.021286E+01,2.199158E+03,9.805532E+03,1.303719E+06
6.2E-01,9.641422E+00,1.273166E+01,2.212864E+03,1.110233E+04,5.996374E+05
6.213333E-01,5.622372E+00,1.446847E+01,2.228764E+03,1.161603E+04,-1.327052E+05
6.226667E-01,1.67469E+00,1.551715E+01,2.24384E+03,1.063819E+04,-1.224564E+06
6.24E-01,-1.915985E+00,1.531131E+01,2.257133E+03,8.424292E+03,-2.161848E+06
6.253333E-01,-4.236376E+00,1.448261E+01,2.266305E+03,4.821353E+03,-2.520215E+06
6.266667E-01,-5.21052E+00,1.432389E+01,2.26999E+03,1.514844E+03,-1.971801E+06
6.28E-01,-5.328107E+00,1.43694E+01,2.270345E+03,-4.038258E+02,-1.237814E+06
6.293333E-01,-4.972025E+00,1.451159E+01,2.268913E+03,-1.708414E+03,-6.637152E+05
6.306667E-01,-4.156083E+00,1.469827E+01,2.265789E+03,-2.269763E+03,1.158268E+05
6.32E-01,-3.377965E+00,1.479641E+01,2.26286E+03,-1.401558E+03,6.812966E+05
6.333333E-01,-3.142858E+00,1.472116E+01,2.262051E+03,-2.825618E+02,5.79672E+05
6.346667E-01,-3.149529E+00,1.468309E+01,2.262107E+03,1.129994E+02,2.225233E+05
6.36E-01,-3.208216E+00,1.464954E+01,2.262353E+03,2.724506E+02,1.093989E+05
6.373333E-01,-3.332386E+00,1.462848E+01,2.262833E+03,4.121978E+02,1.24626E+05
6.386667E-01,-3.499793E+00,1.463188E+01,2.263452E+03,5.891838E+02,1.06986E+05
6.4E-01,-3.740035E+00,1.456203E+01,2.264404E+03,7.243855E+02,1.264753E+05
6.413333E-01,-3.966457E+00,1.441633E+01,2.265384E+03,8.8934E+02,2.905517E+05
6.426667E-01,-4.320714E+00,1.433279E+01,2.266776E+03,1.47977E+03,1.671909E+05
6.44E-01,-4.936596E+00,1.407342E+01,2.26933E+03,1.497237E+03,-1.64487E+05
6.453333E-01,-5.26303E+00,1.387807E+01,2.270768E+03,8.869155E+02,-2.503274E+05
6.466667E-01,-5.488174E+00,1.37949E+01,2.271695E+03,8.170298E+02,1.536278E+05
6.48E-01,-5.846163E+00,1.380809E+01,2.272947E+03,1.306547E+03,3.518069E+05
6.493333E-01,-6.334917E+00,1.347532E+01,2.275179E+03,1.821504E+03,3.341754E+05
6.506667E-01,-6.965565E+00,1.320885E+01,2.277805E+03,2.160177E+03,4.208757E+05
6.52E-01,-7.782842E+00,1.298398E+01,2.280939E+03,2.898997E+03,1.013137E+06
6.533333E-01,-8.862592E+00,1.240878E+01,2.285535E+03,4.798125E+03,8.872752E+05
6.546667E-01,-1.05339E+01,1.10099E+01,2.293734E+03,5.644909E+03,1.148493E+05
6.56E-01,-1.184071E+01,9.730135E+00,2.300588E+03,4.813895E+03,-1.501469E+05
6.573333E-01,-1.307354E+01,8.629803E+00,2.306571E+03,5.13127E+03,3.376028E+05
6.586667E-01,-1.295176E+01,6.241158E+00,2.314272E+03,5.923618E+03,3.658755E+05
6.6E-01,-1.341169E+01,4.262778E+00,2.322368E+03,6.059171E+03,2.201757E+05
6.613333E-01,-1.41243E+01,2.381485E+00,2.330429E+03,6.430947E+03,4.645503E+05
6.626667E-01,-1.486223E+01,1.253339E-01,2.339517E+03,7.335424E+03,7.077462E+05
6.64E-01,-1.466785E+01,-2.583847E+00,2.349991E+03,8.34229E+03,7.33877E+05
6.653333E-01,-1.394248E+01,-5.566137E+00,2.361763E+03,9.291301E+03,6.594615E+05
6.666667E-01,-1.216379E+01,-8.443786E+00,2.374767E+03,1.011204E+04,6.223449E+05
6.68E-01,-9.426126E+00,-1.074026E+01,2.388728E+03,1.09228E+04,1.904602E+05
6.693333E-01,-6.277693E+00,-1.281144E+01,2.403895E+03,1.078247E+04,-8.94356E+05
6.706667E-01,-3.090019E+00,-1.391706E+01,2.417482E+03,8.539786E+03,-1.716404E+06
6.72E-01,-8.71453E-01,-1.496646E+01,2.426668E+03,5.952368E+03,-1.575324E+06
6.733333E-01,8.976562E-01,-1.531418E+01,2.433355E+03,4.395476E+03,-1.258898E+06
6.746667E-01,2.211975E+00,-1.499963E+01,2.438389E+03,2.705047E+03,-1.501691E+06
6.76E-01,2.792576E+00,-1.496813E+01,2.440568E+03,3.562088E+02,-1.406889E+06
6.773333E-01,2.469227E+00,-1.501498E+01,2.439339E+03,-1.21679E+03,-7.930387E+05
6.786667E-01,1.919755E+00,-1.493784E+01,2.437323E+03,-1.641618E+03,-6.1941E+04
6.8E-01,1.316422E+00,-1.516533E+01,2.434961E+03,-1.42633E+03,4.11517E+05
6.813333E-01,9.255093E-01,-1.504683E+01,2.43352E+03,-5.087566E+02,6.395225E+05
6.826667E-01,9.484255E-01,-1.505623E+01,2.433604E+03,3.52021E+02,4.578069E+05
6.84E-01,1.181897E+00,-1.515787E+01,2.434458E+03,7.037162E+02,2.529658E+05
6.853333E-01,1.458703E+00,-1.520204E+01,2.435481E+03,9.738655E+02,2.796652E+05
6.866667E-01,1.846838E+00,-1.492189E+01,2.437055E+03,1.459752E+03,2.375454E+05
6.88E-01,2.479292E+00,-1.501901E+01,2.439374E+03,1.667598E+03,2.427082E+05
6.893333E-01,3.014858E+00,-1.481536E+01,2.441502E+03,1.990534E+03,1.555178E+05
6.906667E-01,3.851977E+00,-1.470193E+01,2.444682E+03,2.227477E+03,-1.078293E+05
6.92E-01,4.518659E+00,-1.438183E+01,2.447442E+03,1.660399E+03,-3.109801E+05
6.933333E-01,4.964987E+00,-1.433035E+01,2.449109E+03,1.296852E+03,-7.980744E+04
6.946667E-01,5.416113E+00,-1.418297E+01,2.450901E+03,1.497414E+03,-2.630044E+05
6.96E-01,6.028428E+00,-1.413167E+01,2.453103E+03,7.602238E+02,-2.724492E+05
6.973333E-01,5.947294E+00,-1.406015E+01,2.452928E+03,4.160547E+02,3.399709E+05
6.986667E-01,6.299869E+00,-1.400994E+01,2.454212E+03,1.827049E+03,7.268503E+05
7E-01,7.06724E+00,-1.340423E+01,2.4578E+03,2.543976E+03,1.812163E+05
7.013333E-01,7.832855E+00,-1.303811E+01,2.460996E+03,2.176413E+03,2.967078E+04
7.026667E-01,8.447899E+00,-1.271331E+01,2.463604E+03,2.5029E+03,2.82208E+05
7.04E-01,9.353566E+00,-1.211502E+01,2.46767E+03,3.10845E+03,4.638746E+05
7.053333E-01,1.016611E+01,-1.133312E+01,2.471893E+03,3.614498E+03,3.482756E+05
7.066667E-01,1.122536E+01,-1.035517E+01,2.477309E+03,4.144894E+03,3.759694E+05
7.08E-01,1.240805E+01,-9.368484E+00,2.482946E+03,4.533157E+03,5.109264E+05
7.093333E-01,1.368772E+01,-8.0957E+00,2.489397E+03,5.48979E+03,9.94436E+05
7.106667E-01,1.436467E+01,-5.924965E+00,2.497585E+03,7.179089E+03,4.688352E+05
7.12E-01,1.492903E+01,-3.026023E+00,2.508542E+03,7.102806E+03,1.470293E+04
7.133333E-01,1.553973E+01,-9.433044E-01,2.516526E+03,6.656187E+03,2.480563E+05
7.146667E-01,1.570053E+01,1.731015E+00,2.526292E+03,8.015504E+03,7.115634E+05
7.16E-01,1.477841E+01,4.773562E+00,2.537901E+03,8.66226E+03,5.508288E+05
7.173333E-01,1.379396E+01,7.769616E+00,2.549391E+03,9.27839E+03,2.061828E+05
7.186667E-01,1.179696E+01,1.086433E+01,2.562643E+03,9.4738E+03,7.849147E+05
7.2E-01,9.189057E+00,1.295629E+01,2.574654E+03,1.087712E+04,8.054434E+05
7.213333E-01,4.917541E+00,1.482495E+01,2.591649E+03,1.228757E+04,1.106267E+05
7.226667E-01,7.029678E-01,1.560822E+01,2.607421E+03,1.090607E+04,-1.492808E+06
7.24E-01,-2.865808E+00,1.512085E+01,2.620732E+03,8.342774E+03,-2.263673E+06
7.253333E-01,-5.141125E+00,1.438341E+01,2.629669E+03,4.804093E+03,-2.542338E+06
7.266667E-01,-6.133364E+00,1.407706E+01,2.633543E+03,1.461385E+03,-2.050773E+06
7.28E-01,-6.139141E+00,1.407493E+01,2.633566E+03,-7.031319E+02,-1.208295E+06
7.293333E-01,-5.678306E+00,1.42924E+01,2.631668E+03,-1.71814E+03,-5.080302E+05
7.306667E-01,-5.004727E+00,1.454801E+01,2.628984E+03,-2.035869E+03,1.688008E+04
7.32E-01,-4.274304E+00,1.467523E+01,2.626239E+03,-1.690284E+03,3.589551E+05
7.333333E-01,-3.78707E+00,1.46683E+01,2.624477E+03,-1.013984E+03,5.403103E+05
7.346667E-01,-3.5302E+00,1.466514E+01,2.623535E+03,-2.757336E+02,4.836352E+05
7.36E-01,-3.565712E+00,1.458152E+01,2.623741E+03,3.297967E+02,2.664716E+05
7.373333E-01,-3.736205E+00,1.453658E+01,2.624414E+03,4.335005E+02,6.366015E+04
7.386667E-01,-3.855961E+00,1.449457E+01,2.624897E+03,4.42722E+02,7.767782E+04
7.4E-01,-4.045491E+00,1.449439E+01,2.625595E+03,6.549746E+02,2.138095E+05
7.413333E-01,-4.30963E+00,1.441607E+01,2.626644E+03,1.007511E+03,7.39199E+04
7.426667E-01,-4.678981E+00,1.416327E+01,2.628282E+03,9.378222E+02,-5.397651E+04
7.44E-01,-4.899927E+00,1.411452E+01,2.629145E+03,7.363536E+02,-1.072899E+05
7.453333E-01,-5.176377E+00,1.403487E+01,2.630245E+03,7.319573E+02,7.216451E+04
7.466667E-01,-5.346007E+00,1.385696E+01,2.631097E+03,8.580613E+02,1.803587E+04
7.48E-01,-5.673502E+00,1.367458E+01,2.632533E+03,8.837692E+02,2.9713E+05
7.493333E-01,-5.935728E+00,1.368172E+01,2.633453E+03,1.45449E+03,4.592004E+05
7.506667E-01,-6.673333E+00,1.343632E+01,2.636412E+03,2.337472E+03,6.792338E+05
7.52E-01,-7.282989E+00,1.27754E+01,2.639687E+03,3.098625E+03,6.259656E+05
7.533333E-01,-8.431446E+00,1.218795E+01,2.644675E+03,4.119379E+03,8.164403E+05
7.546667E-01,-9.826451E+00,1.143578E+01,2.650672E+03,5.192709E+03,3.886853E+05
7.56E-01,-1.122912E+01,9.926954E+00,2.658522E+03,5.37392E+03,-3.799262E+04
7.573333E-01,-1.169928E+01,8.19131E+00,2.665002E+03,4.847056E+03,-4.536627E+04
7.586667E-01,-1.295537E+01,7.049532E+00,2.671448E+03,5.261636E+03,4.923952E+05
7.6E-01,-1.377908E+01,5.280173E+00,2.679033E+03,6.209698E+03,6.792579E+05
7.613333E-01,-1.478567E+01,3.140951E+00,2.688007E+03,7.106883E+03,6.402679E+05
7.626667E-01,-1.467139E+01,5.162472E-01,2.697985E+03,7.891937E+03,6.302834E+05
7.64E-01,-1.467721E+01,-2.338295E+00,2.709052E+03,8.78179E+03,5.62066E+05
7.653333E-01,-1.412584E+01,-5.536667E+00,2.721403E+03,9.444105E+03,4.916909E+05
7.666667E-01,-1.245758E+01,-8.477691E+00,2.734236E+03,1.001955E+04,5.267764E+05
7.68E-01,-1.0331E+01,-1.152284E+01,2.748122E+03,1.087049E+04,1.976554E+05
7.693333E-01,-6.905697E+00,-1.368534E+01,2.763224E+03,1.070897E+04,-7.44268E+05
7.706667E-01,-3.520305E+00,-1.486748E+01,2.776679E+03,8.824877E+03,-1.655685E+06
7.72E-01,-8.759569E-01,-1.546067E+01,2.786757E+03,6.21265E+03,-1.638301E+06
7.733333E-01,8.890499E-01,-1.567615E+01,2.793246E+03,4.329118E+03,-1.266967E+06
7.746667E-01,2.242339E+00,-1.536773E+01,2.798302E+03,2.987685E+03,-1.326446E+06
7.76E-01,2.942966E+00,-1.484521E+01,2.801213E+03,8.320686E+02,-1.424324E+06
7.773333E-01,2.811952E+00,-1.514182E+01,2.80052E+03,-1.011538E+03,-8.119165E+05
7.786667E-01,2.267585E+00,-1.514439E+01,2.798516E+03,-1.308406E+03,-6.434714E+02
7.8E-01,1.853602E+00,-1.502843E+01,2.797031E+03,-9.154707E+02,3.403033E+05
7.813333E-01,1.625215E+00,-1.5272E+01,2.796074E+03,-4.154659E+02,3.422734E+05
7.826667E-01,1.58286E+00,-1.525601E+01,2.795923E+03,3.427066E+01,2.427695E+05
7.84E-01,1.646695E+00,-1.524275E+01,2.796166E+03,2.247612E+02,2.040515E+05
7.853333E-01,1.73692E+00,-1.519103E+01,2.796523E+03,5.318711E+02,2.425843E+05
7.866667E-01,1.996677E+00,-1.499604E+01,2.797584E+03,9.228658E+02,3.086408E+05
7.88E-01,2.380935E+00,-1.506025E+01,2.798984E+03,1.315456E+03,2.594531E+05
7.893333E-01,2.902148E+00,-1.480327E+01,2.801092E+03,1.661129E+03,2.218495E+05
7.906667E-01,3.505701E+00,-1.470009E+01,2.803413E+03,1.873069E+03,1.993793E+04
7.92E-01,4.171366E+00,-1.446447E+01,2.806087E+03,1.773656E+03,-2.915645E+05
7.933333E-01,4.688647E+00,-1.43084E+01,2.808143E+03,1.077039E+03,-2.724422E+05
7.946667E-01,4.924603E+00,-1.433541E+01,2.808959E+03,9.053614E+02,-6.121063E+04
7.96E-01,5.340037E+00,-1.423901E+01,2.810557E+03,1.080972E+03,6.908306E+03
7.973333E-01,5.671851E+00,-1.415085E+01,2.811842E+03,8.625287E+02,3.173665E+04
7.986667E-01,5.902491E+00,-1.400207E+01,2.812858E+03,1.104755E+03,5.061669E+05
8E-01,6.379207E+00,-1.381373E+01,2.814788E+03,2.214967E+03,6.414115E+05
8.013333E-01,7.3785E+00,-1.344136E+01,2.818764E+03,2.985105E+03,2.494664E+05
8.026667E-01,8.401246E+00,-1.306227E+01,2.822748E+03,2.798401E+03,1.163562E+05
8.04E-01,9.160447E+00,-1.2504E+01,2.826227E+03,3.161906E+03,3.077508E+05
8.053333E-01,9.909352E+00,-1.132749E+01,2.83118E+03,3.792936E+03,2.913981E+05
8.066667E-01,1.081272E+01,-1.031805E+01,2.836341E+03,3.8809E+03,4.322394E+04
8.08E-01,1.184382E+01,-9.411324E+00,2.841529E+03,3.898708E+03,5.117842E+05
8.093333E-01,1.297909E+01,-8.513482E+00,2.846738E+03,5.07905E+03,1.386414E+06
8.106667E-01,1.416009E+01,-6.581061E+00,2.855073E+03,7.719857E+03,7.056363E+05
8.12E-01,1.464855E+01,-3.294778E+00,2.867324E+03,7.459755E+03,-4.990207E+04
8.133333E-01,1.527827E+01,-1.345946E+00,2.874965E+03,6.739148E+03,-3.66283E+04
8.146667E-01,1.571875E+01,1.456785E+00,2.885295E+03,7.878256E+03,4.729499E+05
8.16E-01,1.507268E+01,4.314672E+00,2.895974E+03,7.908285E+03,3.189882E+05
8.173333E-01,1.43705E+01,7.128486E+00,2.906384E+03,8.571989E+03,8.334575E+05
8.186667E-01,1.257433E+01,1.012189E+01,2.918833E+03,1.023544E+04,1.318308E+06
8.2E-01,9.459077E+00,1.286672E+01,2.933678E+03,1.209734E+04,9.74627E+05
8.213333E-01,5.061348E+00,1.47766E+01,2.951092E+03,1.299122E+04,-2.54543E+05
8.226667E-01,4.542598E-01,1.550155E+01,2.968321E+03,1.14687E+04,-1.603309E+06
8.24E-01,-3.077647E+00,1.489332E+01,2.981676E+03,8.523615E+03,-2.413655E+06
8.253333E-01,-5.391483E+00,1.400793E+01,2.991051E+03,5.090848E+03,-2.638427E+06
8.266667E-01,-6.318282E+00,1.339595E+01,2.995251E+03,1.396894E+03,-2.300171E+06
8.28E-01,-6.245334E+00,1.353092E+01,2.994776E+03,-1.152804E+03,-1.435655E+06
8.293333E-01,-5.598025E+00,1.373326E+01,2.992177E+03,-2.351231E+03,-7.982019E+05
8.306667E-01,-4.770596E+00,1.425267E+01,2.988506E+03,-3.216225E+03,-1.111602E+05
8.32E-01,-3.535551E+00,1.461371E+01,2.9836E+03,-2.842152E+03,6.635994E+05
8.333333E-01,-2.830357E+00,1.466043E+01,2.980927E+03,-1.249244E+03,9.540392E+05
8.346667E-01,-2.650813E+00,1.463127E+01,2.980269E+03,-2.381892E+02,5.781401E+05
8.36E-01,-2.648017E+00,1.458271E+01,2.980292E+03,2.274063E+02,2.869041E+05
8.373333E-01,-2.793809E+00,1.454145E+01,2.980876E+03,5.36395E+02,2.530698E+05
8.386667E-01,-3.023569E+00,1.457162E+01,2.981722E+03,8.672555E+02,2.136026E+05
8.4E-01,-3.405535E+00,1.453299E+01,2.983188E+03,1.150878E+03,6.318153E+04
8.413333E-01,-3.795916E+00,1.437574E+01,2.984791E+03,1.040413E+03,1.666084E+05
8.426667E-01,-4.094206E+00,1.431338E+01,2.985963E+03,1.458664E+03,2.325313E+04
8.44E-01,-4.719306E+00,1.395772E+01,2.988681E+03,1.384763E+03,-1.655555E+05
8.453333E-01,-4.983659E+00,1.395305E+01,2.989655E+03,7.453252E+02,-2.153437E+05
8.466667E-01,-5.222627E+00,1.384417E+01,2.990669E+03,8.896184E+02,9.557366E+04
8.48E-01,-5.529468E+00,1.366689E+01,2.992028E+03,1.033153E+03,2.632486E+05
8.493333E-01,-5.909065E+00,1.363953E+01,2.993424E+03,1.51081E+03,3.301527E+05
8.506667E-01,-6.510638E+00,1.331543E+01,2.996057E+03,2.035393E+03,2.794296E+05
8.52E-01,-7.110046E+00,1.290565E+01,2.998851E+03,2.19322E+03,6.659564E+05
8.533333E-01,-7.871205E+00,1.264311E+01,3.001905E+03,3.637797E+03,1.018375E+06
8.546667E-01,-9.220622E+00,1.157024E+01,3.008552E+03,5.243212E+03,8.601538E+05
8.56E-01,-1.080023E+01,1.047091E+01,3.015887E+03,5.773747E+03,2.47297E+05
8.573333E-01,-1.231521E+01,8.964309E+00,3.023949E+03,5.956581E+03,7.034132E+04
8.586667E-01,-1.283177E+01,6.888638E+00,3.031771E+03,5.892951E+03,1.553961E+05
8.6E-01,-1.365643E+01,5.061571E+00,3.039663E+03,6.332283E+03,4.274445E+05
8.613333E-01,-1.470625E+01,2.949997E+00,3.048657E+03,7.096876E+03,6.137675E+05
8.626667E-01,-1.44435E+01,3.559044E-01,3.058588E+03,7.940149E+03,6.541365E+05
8.64E-01,-1.425335E+01,-2.469934E+00,3.069831E+03,8.869089E+03,7.252068E+05
8.653333E-01,-1.35793E+01,-5.552493E+00,3.082239E+03,9.850874E+03,6.390406E+05
8.666667E-01,-1.162664E+01,-8.478305E+00,3.0961E+03,1.06325E+04,5.704503E+05
8.68E-01,-9.357714E+00,-1.138931E+01,3.110593E+03,1.130042E+04,5.103556E+04
8.693333E-01,-5.955919E+00,-1.352592E+01,3.126234E+03,1.096705E+04,-9.899264E+05
8.706667E-01,-2.638232E+00,-1.47189E+01,3.139838E+03,8.608443E+03,-1.814955E+06
8.72E-01,-2.149483E-01,-1.520978E+01,3.14919E+03,5.935001E+03,-1.66567E+06
8.733333E-01,1.52585E+00,-1.538261E+01,3.155665E+03,4.18231E+03,-1.503125E+06
8.746667E-01,2.734922E+00,-1.498512E+01,3.160343E+03,2.090933E+03,-1.530679E+06
8.76E-01,2.948485E+00,-1.48357E+01,3.161241E+03,-9.818792E+01,-1.342144E+06
8.773333E-01,2.699662E+00,-1.518447E+01,3.160081E+03,-1.426385E+03,-6.962349E+05
8.786667E-01,1.972147E+00,-1.510841E+01,3.157437E+03,-2.001187E+03,-6.62548E+04
8.8E-01,1.264956E+00,-1.523993E+01,3.154745E+03,-1.589929E+03,5.43166E+05
8.813333E-01,8.406787E-01,-1.505015E+01,3.153197E+03,-5.192212E+02,6.889119E+05
8.826667E-01,8.827742E-01,-1.503501E+01,3.15336E+03,3.383071E+02,4.884516E+05
8.84E-01,1.085984E+00,-1.51529E+01,3.154099E+03,7.28488E+02,2.120769E+05
8.853333E-01,1.411899E+00,-1.521152E+01,3.155303E+03,9.202547E+02,1.383004E+05
8.866667E-01,1.748383E+00,-1.521947E+01,3.156553E+03,1.059971E+03,1.261915E+05
8.88E-01,2.152321E+00,-1.506744E+01,3.158129E+03,1.275778E+03,1.624135E+05
8.893333E-01,2.644843E+00,-1.506827E+01,3.159955E+03,1.485763E+03,2.450992E+05
8.906667E-01,3.173315E+00,-1.481291E+01,3.162091E+03,1.905841E+03,2.566128E+05
8.92E-01,3.921145E+00,-1.459558E+01,3.165038E+03,2.2364E+03,-1.705925E+05
8.933333E-01,4.695628E+00,-1.44044E+01,3.168055E+03,1.521198E+03,-2.392367E+05
8.946667E-01,4.9953E+00,-1.443034E+01,3.169094E+03,1.307175E+03,-2.795242E+05
8.96E-01,5.618147E+00,-1.42326E+01,3.171541E+03,1.132969E+03,-1.390491E+05
8.973333E-01,5.763676E+00,-1.418329E+01,3.172115E+03,6.316291E+02,-7.25656E+04
8.986667E-01,6.008088E+00,-1.400079E+01,3.173225E+03,1.064077E+03,5.967297E+05
9E-01,6.454E+00,-1.387038E+01,3.174953E+03,2.139795E+03,6.324255E+05
9.013333E-01,7.457001E+00,-1.34908E+01,3.178931E+03,2.961799E+03,3.209021E+05
9.026667E-01,8.449785E+00,-1.308587E+01,3.182851E+03,2.877506E+03,5.373108E+04
9.04E-01,9.220143E+00,-1.241274E+01,3.186605E+03,3.056085E+03,3.858315E+05
9.053333E-01,1.009971E+01,-1.161813E+01,3.191001E+03,3.898155E+03,5.175247E+05
9.066667E-01,1.122141E+01,-1.046416E+01,3.197E+03,4.564302E+03,4.537137E+05
9.08E-01,1.249596E+01,-9.357663E+00,3.203172E+03,4.989235E+03,3.635879E+05
9.093333E-01,1.39267E+01,-7.942185E+00,3.210305E+03,5.592726E+03,8.290663E+05
9.106667E-01,1.4282E+01,-5.745372E+00,3.218086E+03,7.045417E+03,6.100275E+05
9.12E-01,1.517351E+01,-2.924064E+00,3.229092E+03,7.620775E+03,1.291332E+05
9.133333E-01,1.563684E+01,-4.34563E-01,3.238408E+03,7.029755E+03,-1.200751E+04
9.146667E-01,1.570032E+01,2.161381E+00,3.247838E+03,7.61422E+03,3.925077E+05
9.16E-01,1.488941E+01,5.043464E+00,3.258713E+03,8.216377E+03,5.433035E+05
9.173333E-01,1.384365E+01,7.911875E+00,3.269749E+03,8.912236E+03,3.07137E+05
9.186667E-01,1.18234E+01,1.082605E+01,3.282479E+03,9.250651E+03,8.414314E+05
9.2E-01,9.265442E+00,1.294999E+01,3.294417E+03,1.072716E+04,8.548864E+05
9.213333E-01,5.065214E+00,1.478116E+01,3.311084E+03,1.213206E+04,8.903521E+04
9.226667E-01,8.826724E-01,1.563709E+01,3.326769E+03,1.075069E+04,-1.534849E+06
9.24E-01,-2.630094E+00,1.530157E+01,3.339753E+03,8.04428E+03,-2.36313E+06
9.253333E-01,-4.714613E+00,1.432218E+01,3.348221E+03,4.389975E+03,-2.558562E+06
9.266667E-01,-5.547218E+00,1.411166E+01,3.35146E+03,1.093893E+03,-1.918924E+06
9.28E-01,-5.493427E+00,1.420871E+01,3.351138E+03,-7.551465E+02,-1.044175E+06
9.293333E-01,-5.112546E+00,1.448091E+01,3.349446E+03,-1.599404E+03,-5.059426E+05
9.306667E-01,-4.43553E+00,1.462417E+01,3.346873E+03,-2.100919E+03,-3.086003E+04
9.32E-01,-3.628211E+00,1.472333E+01,3.343843E+03,-1.756928E+03,5.185813E+05
9.333333E-01,-3.179E+00,1.471903E+01,3.342187E+03,-6.333827E+02,6.40057E+05
9.346667E-01,-3.181583E+00,1.477241E+01,3.342154E+03,4.079758E+01,3.262371E+05
9.36E-01,-3.220413E+00,1.477477E+01,3.342296E+03,1.606678E+02,1.341426E+05
9.373333E-01,-3.313415E+00,1.484433E+01,3.342583E+03,3.809014E+02,1.966057E+05
9.386667E-01,-3.510806E+00,1.483786E+01,3.343312E+03,7.024268E+02,1.271958E+05
9.4E-01,-3.806342E+00,1.476489E+01,3.344456E+03,7.554421E+02,1.368577E+05
9.413333E-01,-4.021114E+00,1.467203E+01,3.345327E+03,9.705188E+02,2.028504E+05
9.426667E-01,-4.458733E+00,1.454394E+01,3.347044E+03,1.387541E+03,1.205128E+05
9.44E-01,-4.901301E+00,1.421295E+01,3.349027E+03,1.301445E+03,-1.299595E+05
9.453333E-01,-5.277885E+00,1.410547E+01,3.350514E+03,9.915242E+02,-1.712442E+05
9.466667E-01,-5.52426E+00,1.390255E+01,3.351671E+03,8.396927E+02,-3.584686E+04
9.48E-01,-5.876953E+00,1.401243E+01,3.352754E+03,8.941486E+02,2.300191E+05
9.493333E-01,-6.171438E+00,1.382548E+01,3.354055E+03,1.417365E+03,4.945245E+05
9.506667E-01,-6.804969E+00,1.362881E+01,3.356533E+03,2.268686E+03,6.115045E+05
9.52E-01,-7.700649E+00,1.328169E+01,3.360105E+03,3.049222E+03,6.326921E+05
9.533333E-01,-8.591346E+00,1.242389E+01,3.364665E+03,3.930222E+03,7.95411E+05
9.546667E-01,-9.907588E+00,1.15653E+01,3.370586E+03,5.160427E+03,4.977547E+05
9.56E-01,-1.13953E+01,1.010809E+01,3.378426E+03,5.451506E+03,7.12562E+03
9.573333E-01,-1.176911E+01,8.203262E+00,3.385123E+03,4.962736E+03,-1.024683E+05
9.586667E-01,-1.307082E+01,7.049786E+00,3.39166E+03,5.182346E+03,4.024553E+05
9.6E-01,-1.380042E+01,5.313395E+00,3.398942E+03,6.041671E+03,6.707224E+05
9.613333E-01,-1.478361E+01,3.204221E+00,3.407771E+03,7.037155E+03,6.930492E+05
9.626667E-01,-1.465067E+01,5.863325E-01,3.417708E+03,7.866738E+03,6.302825E+05
9.64E-01,-1.466782E+01,-2.257266E+00,3.428749E+03,8.714654E+03,4.940118E+05
9.653333E-01,-1.421915E+01,-5.443212E+00,3.440947E+03,9.23655E+03,6.659669E+05
9.666667E-01,-1.294867E+01,-8.531449E+00,3.45338E+03,1.031241E+04,5.431546E+05
9.68E-01,-9.871401E+00,-1.113682E+01,3.468447E+03,1.099801E+04,9.862112E+04
9.693333E-01,-6.789317E+00,-1.315833E+01,3.482708E+03,1.039123E+04,-1.063631E+06
9.706667E-01,-3.536572E+00,-1.435179E+01,3.496157E+03,8.364108E+03,-1.586598E+06
9.72E-01,-1.286668E+00,-1.474185E+01,3.505012E+03,5.827699E+03,-1.412948E+06
9.733333E-01,4.50862E-01,-1.52136E+01,3.511697E+03,4.66049E+03,-1.076647E+06
9.746667E-01,1.972242E+00,-1.510319E+01,3.51744E+03,3.138658E+03,-1.460533E+06
9.76E-01,2.6659E+00,-1.5016E+01,3.520067E+03,6.685276E+02,-1.534842E+06
9.773333E-01,2.448645E+00,-1.508073E+01,3.519223E+03,-1.093654E+03,-8.393893E+05
9.786667E-01,1.883873E+00,-1.501601E+01,3.517151E+03,-1.520125E+03,-6.236084E+04
9.8E-01,1.377678E+00,-1.522968E+01,3.515169E+03,-1.22232E+03,4.420332E+05
9.813333E-01,1.027513E+00,-1.510587E+01,3.513891E+03,-3.566543E+02,5.297058E+05
9.826667E-01,1.114591E+00,-1.511343E+01,3.514218E+03,3.144327E+02,3.411591E+05
9.84E-01,1.258508E+00,-1.521065E+01,3.51473E+03,4.74154E+02,2.287159E+05
9.853333E-01,1.457691E+00,-1.518803E+01,3.515482E+03,8.931933E+02,2.948907E+05
9.866667E-01,1.866003E+00,-1.495638E+01,3.517112E+03,1.326662E+03,2.289156E+05
9.88E-01,2.388625E+00,-1.504717E+01,3.51902E+03,1.479634E+03,1.750359E+05
9.893333E-01,2.89844E+00,-1.483192E+01,3.521057E+03,1.75926E+03,1.731915E+05
9.906667E-01,3.604413E+00,-1.477315E+01,3.523711E+03,1.99938E+03,6.48272E+04
9.92E-01,4.272179E+00,-1.45259E+01,3.526389E+03,1.914952E+03,-3.32824E+05
9.933333E-01,4.864398E+00,-1.427445E+01,3.528818E+03,1.176148E+03,-3.106007E+05
9.946667E-01,5.070317E+00,-1.429797E+01,3.529525E+03,8.67457E+02,-1.321307E+05
9.96E-01,5.483727E+00,-1.418845E+01,3.531131E+03,1.036258E+03,8.906093E+04
9.973333E-01,5.783215E+00,-1.410881E+01,3.532289E+03,9.912519E+02,1.215643E+05
9.986667E-01,6.233596E+00,-1.415053E+01,3.533774E+03,1.381419E+03,4.875159E+05
1E+00,6.736023E+00,-1.38277E+01,3.535973E+03,2.262361E+03,4.6647E+05
1.001333E+00,7.618505E+00,-1.329866E+01,3.539807E+03,2.776748E+03,1.572665E+05
1.002667E+00,8.536983E+00,-1.295823E+01,3.543377E+03,2.579611E+03,5.654572E+04
1.004E+00,9.254875E+00,-1.242252E+01,3.546686E+03,2.859825E+03,4.461185E+05
1.005333E+00,1.005718E+01,-1.156807E+01,3.551003E+03,3.809524E+03,5.246554E+05
1.006667E+00,1.116482E+01,-1.046793E+01,3.556845E+03,4.3699E+03,2.496395E+05
1.008E+00,1.236407E+01,-9.433749E+00,3.562656E+03,4.386325E+03,4.457504E+05
1.009333E+00,1.354547E+01,-8.287029E+00,3.568542E+03,5.423888E+03,1.046751E+06
1.010667E+00,1.434562E+01,-6.053876E+00,3.57712E+03,7.333622E+03,4.570464E+05
1.012E+00,1.486161E+01,-3.13229E+00,3.588098E+03,6.940318E+03,-1.420122E+05
1.013333E+00,1.549471E+01,-1.18472E+00,3.595628E+03,6.35562E+03,-3.964188E+04
1.014667E+00,1.56854E+01,1.385159E+00,3.605047E+03,7.202111E+03,5.00082E+05
1.016E+00,1.508512E+01,3.995048E+00,3.614833E+03,7.591433E+03,6.592627E+05
1.017333E+00,1.43456E+01,6.778211E+00,3.62529E+03,8.866097E+03,3.706416E+05
1.018667E+00,1.268998E+01,1.008548E+01,3.638476E+03,8.967889E+03,9.242482E+05
1.02E+00,1.054816E+01,1.222224E+01,3.649205E+03,1.056195E+04,9.410358E+05
1.021333E+00,6.225013E+00,1.441375E+01,3.666641E+03,1.24214E+04,4.079031E+05
1.022667E+00,2.100093E+00,1.559113E+01,3.682329E+03,1.118569E+04,-1.25686E+06
1.024E+00,-1.745515E+00,1.539198E+01,3.69647E+03,9.198901E+03,-1.895221E+06
1.025333E+00,-4.393297E+00,1.449738E+01,3.706859E+03,6.059935E+03,-2.555085E+06
1.026667E+00,-5.836787E+00,1.400147E+01,3.71263E+03,2.371123E+03,-2.303578E+06
1.028E+00,-6.032038E+00,1.408606E+01,3.713182E+03,-2.935736E+02,-1.476362E+06
1.029333E+00,-5.681502E+00,1.417112E+01,3.711847E+03,-1.427577E+03,-5.833008E+05
1.030667E+00,-5.09675E+00,1.449313E+01,3.709375E+03,-1.867756E+03,-1.03632E+05
1.032E+00,-4.439261E+00,1.464236E+01,3.706866E+03,-1.676327E+03,2.304127E+05
1.033333E+00,-3.887357E+00,1.460477E+01,3.704905E+03,-1.227469E+03,4.578047E+05
1.034667E+00,-3.53998E+00,1.464039E+01,3.703593E+03,-4.863443E+02,4.698904E+05
1.036E+00,-3.530597E+00,1.458489E+01,3.703608E+03,1.177317E+02,3.279016E+05
1.037333E+00,-3.606541E+00,1.456581E+01,3.703907E+03,3.320073E+02,1.630704E+05
1.038667E+00,-3.747286E+00,1.449667E+01,3.704493E+03,5.521193E+02,1.420359E+05
1.04E+00,-3.99193E+00,1.451315E+01,3.705379E+03,7.195903E+02,1.862168E+05
1.041333E+00,-4.254761E+00,1.444507E+01,3.706412E+03,1.014195E+03,9.880746E+04
1.042667E+00,-4.641374E+00,1.421395E+01,3.708084E+03,1.069874E+03,-9.534076E+03
1.044E+00,-4.939107E+00,1.413138E+01,3.709265E+03,9.000553E+02,-1.440055E+05
1.045333E+00,-5.237223E+00,1.401959E+01,3.710484E+03,7.40845E+02,-4.532334E+04
1.046667E+00,-5.386379E+00,1.385764E+01,3.711241E+03,7.077116E+02,2.820148E+04
1.048E+00,-5.620406E+00,1.365565E+01,3.712371E+03,8.76671E+02,3.332014E+05
1.049333E+00,-5.975307E+00,1.369089E+01,3.713579E+03,1.499639E+03,3.522588E+05
1.050667E+00,-6.61059E+00,1.333437E+01,3.71637E+03,1.995635E+03,4.586088E+05
1.052E+00,-7.069652E+00,1.280651E+01,3.7189E+03,2.520697E+03,7.60327E+05
1.053333E+00,-8.059209E+00,1.236656E+01,3.723092E+03,4.081291E+03,8.869233E+05
1.054667E+00,-9.478255E+00,1.138273E+01,3.729784E+03,5.058922E+03,5.133004E+05
1.056E+00,-1.091711E+01,1.033012E+01,3.736582E+03,5.29907E+03,1.423072E+05
1.057333E+00,-1.139429E+01,8.304419E+00,3.743915E+03,5.490968E+03,-1.563181E+04
1.058667E+00,-1.257273E+01,6.904754E+00,3.751225E+03,5.258549E+03,1.419109E+05
1.06E+00,-1.307675E+01,5.299986E+00,3.757937E+03,5.709931E+03,2.079284E+05
1.061333E+00,-1.351153E+01,3.255917E+00,3.766452E+03,6.081569E+03,2.794591E+05
1.062667E+00,-1.415499E+01,1.449073E+00,3.774155E+03,6.209968E+03,4.007321E+05
1.064E+00,-1.451802E+01,-7.637708E-01,3.783011E+03,7.232844E+03,6.654345E+05
1.065333E+00,-1.397566E+01,-3.340422E+00,3.793442E+03,8.057853E+03,6.514824E+05
1.066667E+00,-1.339539E+01,-6.10437E+00,3.804499E+03,8.87027E+03,8.074477E+05
1.068E+00,-1.143291E+01,-8.645555E+00,3.817097E+03,1.023081E+04,9.077584E+05
1.069333E+00,-9.170004E+00,-1.164514E+01,3.831781E+03,1.137973E+04,5.390251E+05
1.070667E+00,-5.74497E+00,-1.383029E+01,3.847442E+03,1.167163E+04,-9.276848E+05
1.072E+00,-1.789934E+00,-1.438187E+01,3.862906E+03,9.177982E+03,-1.836738E+06
1.073333E+00,4.94929E-01,-1.478633E+01,3.871917E+03,6.176238E+03,-1.664556E+06
1.074667E+00,2.484044E+00,-1.504474E+01,3.879376E+03,5.00282E+03,-1.462884E+06
1.076E+00,3.938666E+00,-1.443897E+01,3.885258E+03,2.467331E+03,-1.787672E+06
1.077333E+00,4.140317E+00,-1.448182E+01,3.885955E+03,-1.406488E+02,-1.486982E+06
1.078667E+00,3.845552E+00,-1.447004E+01,3.884883E+03,-1.33405E+03,-6.996044E+05
1.08E+00,3.235257E+00,-1.47177E+01,3.882398E+03,-2.038004E+03,-1.508153E+05
1.081333E+00,2.47001E+00,-1.484261E+01,3.879448E+03,-1.772985E+03,4.97593E+05
1.082667E+00,1.993727E+00,-1.480494E+01,3.87767E+03,-6.574117E+02,7.211543E+05
1.084E+00,2.013091E+00,-1.489872E+01,3.877695E+03,2.479534E+02,5.011508E+05
1.085333E+00,2.196697E+00,-1.500121E+01,3.878331E+03,6.263778E+02,2.819415E+05
1.086667E+00,2.480641E+00,-1.504062E+01,3.879365E+03,9.805914E+02,2.955274E+05
1.088E+00,2.844472E+00,-1.470782E+01,3.880946E+03,1.418274E+03,2.505729E+05
1.089333E+00,3.453154E+00,-1.47835E+01,3.883148E+03,1.681771E+03,1.860367E+05
1.090667E+00,4.019886E+00,-1.456381E+01,3.885431E+03,1.867599E+03,-1.179375E+05
1.092E+00,4.713519E+00,-1.439739E+01,3.888128E+03,1.484258E+03,-2.851648E+05
1.093333E+00,5.056304E+00,-1.436733E+01,3.889389E+03,9.328688E+02,-9.907229E+04
1.094667E+00,5.372168E+00,-1.428074E+01,3.890615E+03,1.24674E+03,
1.096E+00,5.943626E+00,-1.419952E+01,3.892713E+03,,