param_name,param_value,ctrl_freq,trial,rng_seed,jitter_y,crash,success,max_x,vx_m_s
sliding_friction,0.01,30.0,4,926713289,0.002422257528394283,False,True,0.3388998562368481,0.07710017121141373
sliding_friction,0.01,30.0,5,546106658,-0.002431522475244949,False,True,0.317779868849432,0.054697635761797536
sliding_friction,0.01,30.0,1,20388421,0.0012290091774592449,False,True,0.17348728317039236,0.04516527083684179
sliding_friction,0.01,30.0,3,1307319920,0.002764325227429406,False,True,0.19885291804398653,0.044264326215730725
sliding_friction,0.01,10.0,1,1264764874,0.0019209088457732837,False,False,0.08866699383028735,0.0
sliding_friction,0.01,30.0,0,500333939,0.0014804805394286703,False,False,0.12346420962405649,0.0
sliding_friction,0.01,10.0,3,404212725,0.00022301702955770204,False,False,0.1432610696076023,0.0
sliding_friction,0.01,10.0,5,1790483111,-0.0021077440589789883,False,False,0.13791182334909402,0.0
sliding_friction,0.01,10.0,7,929930962,-9.039641474506595e-05,False,False,0.09470221485876722,0.0
sliding_friction,0.01,10.0,8,449985444,0.000249687500698773,False,False,0.07656392695560384,0.0
sliding_friction,0.01,10.0,4,23606094,0.000718439139057911,False,False,0.04487247877587199,0.0
sliding_friction,0.01,10.0,0,1744710392,0.0025384523836741854,False,False,0.1434776546899911,0.0
sliding_friction,0.01,10.0,2,884158243,0.00018516357016112135,False,False,0.08514395580143236,0.0
sliding_friction,0.01,10.0,6,1310537593,-0.0025053272994899145,False,False,0.04335416994947234,0.0
sliding_friction,0.01,30.0,2,1787265438,0.0007765795020059536,False,False,0.09589952757038789,0.0
sliding_friction,0.01,10.0,9,69378813,-0.0010594425222849378,False,False,0.0868643860780017,0.0
sliding_friction,0.01,50.0,0,9557462,0.00032062410146900403,False,True,0.5322617731287085,0.07897449549886101
sliding_friction,0.01,30.0,7,1833038157,0.0012125101601635144,False,True,0.2823741531257955,0.056682286578226805
sliding_friction,0.01,50.0,6,1822207198,0.002763247150205996,False,True,0.5860904719568876,0.10825498937444716
sliding_friction,0.01,50.0,2,1395827848,0.0016111275920321615,False,True,0.48805295233075296,0.0723744460246946
sliding_friction,0.01,50.0,5,55330181,0.0015753050166957203,False,True,0.42569104354279774,0.08601289848078238
sliding_friction,0.01,50.0,1,1776434479,-0.0026498571615886125,False,True,0.2628636313401834,0.05743513653051678
sliding_friction,0.01,30.0,6,66161140,-0.0009735865152406642,False,True,0.2146342136565946,0.04683427731652633
sliding_friction,0.01,30.0,9,972486008,0.002956685050431912,False,True,0.3675917008780449,0.05039654321476637
sliding_friction,0.01,50.0,3,915882330,0.0018710043111309334,False,True,0.2523055213929979,0.057361796830386724
sliding_friction,0.01,30.0,8,1353092639,-0.0018274486803599456,False,False,0.14742598662766251,0.0
sliding_friction,0.01,50.0,4,535275699,0.0017668102953549616,False,True,0.33283932090822693,0.06915692483688271
sliding_friction,0.01,50.0,7,1342261680,-0.0012604705175209164,False,True,0.2605023716359402,0.046404349575201266
sliding_friction,0.01,50.0,8,961655049,0.0006032313014516294,False,True,0.3694599235344466,0.0663471194059434
sliding_friction,0.01,50.0,9,581048418,-0.002014129380954673,False,True,0.3963498529425572,0.07147441011290609
sliding_friction,0.03760603093086394,10.0,1,1461906657,0.00021232434347539858,False,False,0.060598253713131725,0.0
sliding_friction,0.03760603093086394,30.0,0,697475722,-0.0008349055285681601,False,True,0.3033055184608695,0.05689089757752371
sliding_friction,0.03760603093086394,10.0,0,1941852175,0.0018776787169458497,False,False,0.11055992217434304,0.0
sliding_friction,0.03760603093086394,30.0,5,743248441,-0.00034505435149908203,False,True,0.35773510312703566,0.07988382036013536
sliding_friction,0.03760603093086394,10.0,4,220747877,0.0003594832228356864,False,True,0.33185048784215626,0.054929975569444955
sliding_friction,0.03760603093086394,30.0,2,1984407221,-0.002624688888133895,False,True,0.354878550752235,0.07405975681642615
sliding_friction,0.03760603093086394,30.0,1,217530204,0.0021104360913310966,False,True,0.300851742285615,0.06050457851577862
sliding_friction,0.03760603093086394,10.0,2,1081300026,-0.0008807114121022856,False,False,0.06182448907647468,0.0
sliding_friction,0.03760603093086394,10.0,6,1507679376,0.0013327285963997655,False,False,0.06127695267201849,0.0
sliding_friction,0.03760603093086394,10.0,5,1987624894,0.0010721252323319004,False,False,0.0960206913521954,0.0
sliding_friction,0.03760603093086394,10.0,7,1127072745,-0.0003891022351211887,False,False,0.060873108871261405,0.0
sliding_friction,0.03760603093086394,10.0,3,700693395,-0.0006711060556605689,False,False,0.1097737698975683,0.0
sliding_friction,0.03760603093086394,30.0,4,1123855072,-0.001191408495059402,False,True,0.1567110423426385,0.04044586529380606
sliding_friction,0.03760603093086394,10.0,8,647127227,0.0009938288845069221,False,False,0.10110944553598358,0.0
sliding_friction,0.03760603093086394,10.0,9,266520596,0.0016086720644034047,False,False,0.062355387276343564,0.0
sliding_friction,0.03760603093086394,30.0,3,1603800590,0.0025333446742881703,False,False,0.13836170001670306,0.0
sliding_friction,0.03760603093086394,50.0,0,1111358982,0.001364323128331263,False,True,0.34154086533796535,0.06762548211420016
sliding_friction,0.03760603093086394,30.0,7,2030179940,0.0010452844551159723,False,True,0.32229740277790264,0.05605156387728336
sliding_friction,0.03760603093086394,50.0,1,631413464,0.0014793462023833378,False,True,0.4182052359874083,0.07040767848977747
sliding_friction,0.03760603093086394,30.0,9,1169627791,0.002507595407799916,False,True,0.35357915011542695,0.05501176809825399
sliding_friction,0.03760603093086394,50.0,2,250806833,-0.002324154303319986,False,True,0.33683532927129184,0.06273608649108937
sliding_friction,0.03760603093086394,50.0,3,2017683850,-0.0017470461619111337,False,True,0.3488257520404639,0.05472757457726419
sliding_friction,0.03760603093086394,30.0,8,1550234422,0.00041153938151534735,False,True,0.2058405229632087,0.05135194894078173
sliding_friction,0.03760603093086394,50.0,4,1537738332,-0.0009327629047611074,False,True,0.31839132030916395,0.07989267194777273
sliding_friction,0.03760603093086394,50.0,8,2063456569,0.0016418008861398617,False,True,0.5509449595613763,0.09464532341975639
sliding_friction,0.03760603093086394,50.0,6,677186183,-0.000679401007231979,False,True,0.43014551441916704,0.06671513224280098
sliding_friction,0.03760603093086394,50.0,5,1157131701,0.0006288751275238778,False,True,0.36233456041916434,0.06093593191123399
sliding_friction,0.03760603093086394,50.0,9,1583511051,-0.001675448802584204,False,True,0.3580256099084876,0.06776615847696046
sliding_friction,0.03760603093086394,50.0,7,296579552,-0.0007574762591630604,False,True,0.3823860504639651,0.08513317998618712
sliding_friction,0.03760603093086394,30.0,6,263302923,0.0029168225629069367,False,False,0.12591210438189163,0.0
sliding_friction,0.1414213562373095,10.0,1,260686706,0.001133429068589928,False,False,0.06096233854120804,0.0
sliding_friction,0.1414213562373095,10.0,0,641293337,-0.0021253874058443614,False,False,0.055126613372081565,0.0
sliding_friction,0.1414213562373095,30.0,3,303241752,0.00019459069446407014,False,True,0.33066804261654964,0.07443499790075955
sliding_friction,0.1414213562373095,30.0,1,1163793901,0.0003095818940560464,False,True,0.2936805272470388,0.05961170675137004
sliding_friction,0.1414213562373095,30.0,4,1970779882,-0.00032863831808916224,False,True,0.33114143710538413,0.06387573786135135
sliding_friction,0.1414213562373095,30.0,2,683848383,-0.0015813381758874037,False,True,0.2615102762387246,0.054741834397882605
sliding_friction,0.1414213562373095,10.0,2,1928224836,8.027882034303572e-05,False,False,0.10424762957462065,0.0
sliding_friction,0.1414213562373095,30.0,5,1590173251,0.002133008963555931,False,True,0.3835863068077037,0.06956838310771435
sliding_friction,0.1414213562373095,10.0,3,1547618205,-0.0027286652731400964,False,False,0.12951239597168926,0.0
sliding_friction,0.1414213562373095,10.0,4,1067672687,0.0029318821217859514,False,False,0.140017856590013,0.0
sliding_friction,0.1414213562373095,10.0,8,1593390924,1.0441023139664586e-05,False,True,0.2519752194794705,0.049404110757583594
sliding_friction,0.1414213562373095,10.0,7,1973997555,0.0016325571204285896,False,False,0.11233468333768085,0.0
sliding_friction,0.1414213562373095,10.0,6,207120538,0.0006265193328864765,False,False,0.13651832862736948,0.0
sliding_friction,0.1414213562373095,30.0,0,1544400532,-0.002171494763689866,False,False,0.14303382178920493,0.0
sliding_friction,0.1414213562373095,10.0,9,1113445406,0.0024746390266057183,False,False,0.13232573079738466,0.0
sliding_friction,0.1414213562373095,10.0,5,687066056,-0.002288204179612416,False,False,0.10665458260946534,0.0
sliding_friction,0.1414213562373095,50.0,2,292410793,0.0027654458246168714,False,True,0.49773367673825664,0.10229505538899546
sliding_friction,0.1414213562373095,50.0,1,673017424,-0.0028825563349173288,False,True,0.4760866416674451,0.08386138230992028
sliding_friction,0.1414213562373095,30.0,6,1110227733,-0.0006252314018062636,False,True,0.30115001908748323,0.05414645749611798
sliding_friction,0.1414213562373095,50.0,3,2059287810,0.002054940493638027,False,True,0.4115378095029736,0.0750406232198711
sliding_friction,0.1414213562373095,50.0,9,1625115011,-0.002646601421572581,False,True,0.5321167871758731,0.10755367743939033
sliding_friction,0.1414213562373095,50.0,8,2005721642,0.0024697956242650714,False,True,0.42800753412099485,0.1118244037018279
sliding_friction,0.1414213562373095,30.0,9,2016552601,-0.002855271712718137,False,True,0.2566029081869566,0.05784415164628076
sliding_friction,0.1414213562373095,50.0,0,1152962942,-0.002319098798928674,False,True,0.34906897972807976,0.06544689305213257
sliding_friction,0.1414213562373095,50.0,5,1198735661,0.0021869468528213113,False,True,0.3713490379235154,0.07720963931094293
sliding_friction,0.1414213562373095,50.0,6,718790143,0.0005873544443321505,False,True,0.42477012142634024,0.07758916738465195
sliding_friction,0.1414213562373095,50.0,7,338183512,0.00010529113926203894,False,True,0.3827366147788771,0.07040430035891085
sliding_friction,0.1414213562373095,30.0,7,729621102,-0.002720090725173215,False,True,0.21986700042834295,0.04739850170650372
sliding_friction,0.1414213562373095,50.0,4,1579342292,0.002377764984767379,False,True,0.32974116396180925,0.05614906436814862
sliding_friction,0.5318295896944989,10.0,0,722883828,0.0025503209362970573,False,True,0.27268550053659674,0.06431080403382844
sliding_friction,0.5318295896944989,30.0,0,1136767088,0.0020131494768048834,False,True,0.47558049836387234,0.10049305874299955
sliding_friction,0.5318295896944989,30.0,1,656821570,0.00226227965384853,False,True,0.4467330875550141,0.09885508841697477
sliding_friction,0.5318295896944989,10.0,2,2009815327,0.0017014484593179825,False,True,0.23645930432726348,0.059470515222278274
sliding_friction,0.5318295896944989,30.0,2,276214939,0.00041380382231757896,False,True,0.4422174480797966,0.08673690394301678
sliding_friction,0.5318295896944989,10.0,1,242938310,-0.0005434231162444667,False,True,0.23780897857706854,0.05906130462860014
sliding_friction,0.5318295896944989,10.0,3,1529869809,0.0003388495844028317,False,True,0.25770584340361946,0.0580463783461536
sliding_friction,0.1414213562373095,30.0,8,349014471,-0.0001266779322764743,False,False,0.10067325133740863,0.0
sliding_friction,0.5318295896944989,30.0,3,1943753069,0.0012248585837668574,False,True,0.4429437369663676,0.08739673858162716
sliding_friction,0.5318295896944989,10.0,6,288711029,-0.002967717822192993,False,True,0.24718028563959724,0.05834922695242333
sliding_friction,0.5318295896944989,10.0,5,768656547,-0.00036682816402936174,False,True,0.2511162337155157,0.055985188355138354
sliding_friction,0.5318295896944989,10.0,7,2055588046,0.0022364727948334297,False,True,0.28042923507797907,0.0641212512172322
sliding_friction,0.5318295896944989,10.0,4,1149263178,0.0009089281607154399,False,True,0.2364422552833364,0.05461930368911001
sliding_friction,0.5318295896944989,10.0,8,1575642528,-0.0024677592210717754,False,True,0.2682991653102243,0.05993045069647523
sliding_friction,0.5318295896944989,30.0,4,1563146438,-0.00035569184622460124,False,True,0.4383248584554687,0.09229271262297419
sliding_friction,0.5318295896944989,30.0,5,1182539807,0.0001294742450200898,False,True,0.47772482676107936,0.10485973180405127
sliding_friction,0.5318295896944989,30.0,7,321987658,0.0002605208952171493,False,True,0.4753657190831725,0.10509287762882467
sliding_friction,0.5318295896944989,30.0,8,1989525788,0.0015685544657966849,False,True,0.47067766974999214,0.1044295590810032
sliding_friction,0.5318295896944989,30.0,6,702594289,0.0017694081657453039,False,True,0.4504777471280894,0.09574658243393286
sliding_friction,0.5318295896944989,10.0,9,1195035897,-0.0026013929663088018,False,True,0.22368615729220137,0.050325005426863335
sliding_friction,0.5318295896944989,30.0,9,1608919157,0.0011516604545318016,False,True,0.41624148804452515,0.08498133735371814
sliding_friction,0.5318295896944989,50.0,0,2039874283,-0.0006630345455350315,False,True,0.6284591055686191,0.09702549067440629
sliding_friction,0.5318295896944989,50.0,1,1559928765,0.0021819197760234435,False,True,0.6431370904765488,0.09500149152320832
sliding_friction,0.5318295896944989,50.0,5,2085647002,-0.0014553194949582288,False,True,0.6089649502189478,0.08364124091255455
sliding_friction,0.5318295896944989,50.0,4,318769985,-0.00025026002929496053,False,True,0.6192009191133546,0.08908549344437205
sliding_friction,0.5318295896944989,50.0,6,1605701484,0.0023598423178328894,False,True,0.6640479623514391,0.0977161179402579
sliding_friction,2.0,10.0,2,146968628,-5.1983870338400545e-05,False,True,0.4325866021885821,0.08209814912701378
sliding_friction,2.0,10.0,0,1007520777,0.00242447272569672,False,True,0.4095788558200086,0.07409619855944151
sliding_friction,2.0,10.0,1,527575259,-0.002851396080851522,False,True,0.4127627649199325,0.07643906566606906
sliding_friction,0.5318295896944989,50.0,3,699376616,-0.0016810847782193908,False,False,0.15129572464022065,0.0
sliding_friction,2.0,10.0,3,1814506758,-0.0009012032842704862,False,True,0.4358183160202489,0.08256342340724919
sliding_friction,2.0,10.0,4,1433900127,0.0013513938360868684,False,True,0.4481829619071962,0.08785385887056717
sliding_friction,2.0,10.0,5,953954609,-0.0007746347358009017,False,True,0.4498683935456557,0.08739801179707671
sliding_friction,2.0,10.0,6,573347978,0.0028899554537754673,False,True,0.4385574579163787,0.08386609980091358
sliding_friction,0.5318295896944989,50.0,2,1179322134,0.0003298969245193054,False,False,0.15319606078229706,0.0
sliding_friction,0.5318295896944989,50.0,9,364542704,0.002414692360832943,False,False,0.13833837222604065,0.0
sliding_friction,0.5318295896944989,50.0,7,1225094853,0.001819028730264705,False,False,0.1533080011562502,0.0
sliding_friction,2.0,10.0,7,192741347,-0.000792513277976747,False,True,0.4495397275896388,0.08733091779136162
sliding_friction,0.5318295896944989,50.0,8,745149335,-0.0013991920591072925,False,False,0.15332461660382915,0.0
sliding_friction,2.0,10.0,8,1860279477,0.002463710910641628,False,True,0.3470037719097611,0.06272306870851317
sliding_friction,2.0,10.0,9,1479672846,0.0006656128660558931,False,True,0.4173157807893827,0.07867284447701181
sliding_friction,2.0,30.0,4,189523674,0.0022601444461919267,False,True,0.6909962362969314,0.12748789503687435
sliding_friction,2.0,30.0,6,1476455173,0.00043580309984340374,False,True,0.7293235954730871,0.13287088860778223
sliding_friction,2.0,30.0,8,615903024,-4.226173734294845e-05,False,True,0.7287237974643843,0.13051965579103603
sliding_friction,2.0,30.0,3,570130305,0.0022484697550950797,False,True,0.29328386656819744,0.05392154418231329
sliding_friction,2.0,30.0,0,1910627972,5.407599628772094e-05,False,False,0.11590053810153521,0.0
sliding_friction,2.0,50.0,2,559299346,-0.002643879454388736,False,True,0.34194192035112847,0.04878397569035287
sliding_friction,2.0,50.0,6,1085017583,-0.002607068195616165,False,True,0.6781218183230284,0.06938783596210184
sliding_friction,2.0,30.0,1,1430682454,-0.002723432394751651,False,False,0.1159723370978076,0.0
sliding_friction,2.0,30.0,2,1050075823,0.0009180344858416185,False,False,0.15059309492167278,0.0
sliding_friction,2.0,50.0,7,605072065,0.0005264277206468069,False,True,0.6400439731116878,0.0659095725215485
sliding_friction,2.0,50.0,8,224465434,-0.0004961978824027796,False,True,0.6864935576248226,0.0877626235858482
sliding_friction,2.0,30.0,5,1857061804,-0.0015671849762251419,False,False,0.13941327056665306,0.0
sliding_friction,2.0,50.0,0,1419851495,0.0016714124805802333,False,False,0.07971319659157498,0.0
sliding_friction,2.0,30.0,9,235296393,-0.000907008050207719,False,False,0.1462285584206619,0.0
torsional_friction,1e-06,10.0,0,1215268323,0.0023908911929562196,False,True,0.3067708087788773,0.0681813576873488
sliding_friction,2.0,50.0,5,1465624214,-0.0004804054797745718,False,False,0.055375610492485655,0.0
sliding_friction,2.0,30.0,7,1095848542,0.0019879738945232962,False,False,0.15137244064705532,0.0
sliding_friction,2.0,50.0,3,178692715,3.7031384327558797e-05,False,False,0.06581792526105157,0.0
sliding_friction,2.0,50.0,1,1039244864,0.0009154484011859067,False,False,0.06572078588372962,0.0
torsional_friction,1e-06,10.0,1,834661692,-0.0029572052513848943,False,True,0.3039196768698511,0.06593534071744783
sliding_friction,2.0,50.0,4,1945569732,-0.00040315793191495397,False,False,0.054171970304986695,0.0
torsional_friction,1e-06,30.0,0,823830733,-0.0019222715115411355,False,True,0.4993077473618746,0.11316436565113173
torsional_friction,1e-06,10.0,2,454055061,-0.0010255575650977497,False,True,0.30105728825637923,0.06512567158587065
torsional_friction,1e-06,10.0,3,2121593191,0.0028516940910962366,False,True,0.23908573163133942,0.05131633578139161
torsional_friction,1e-06,10.0,4,1740986560,0.0016194623125676561,False,True,0.29375629772301787,0.0646341813528234
torsional_friction,1e-06,30.0,1,443224102,0.0002329567187268661,False,True,0.49273859022217326,0.10098430181651757
torsional_friction,1e-06,30.0,2,2110762232,-0.0011350818162569256,False,True,0.5062632740966766,0.10556302858869332
torsional_friction,1e-06,10.0,5,1261041042,0.0001834366574200966,False,True,0.297559114573537,0.06412811114233749
torsional_friction,1e-06,10.0,6,880434411,0.0014857816941849008,False,True,0.3184564463534896,0.06820523046306957
torsional_friction,1e-06,10.0,8,19882262,-0.0018739500400353428,False,True,0.30112136798014116,0.06811359976819108
torsional_friction,1e-06,10.0,7,400488893,-0.0016673281666437004,False,True,0.26690974273751494,0.06091630378219561
torsional_friction,1e-06,10.0,9,1786759279,-0.0011652432620051058,False,True,0.27216086800308437,0.06208537594510334
torsional_friction,1e-06,30.0,4,1250210083,0.0008577121193143514,False,True,0.48245074606532934,0.09192472428607516
torsional_friction,1e-06,30.0,3,1730155601,-0.0006697809887241022,False,True,0.4437243216754809,0.09208451975922391
torsional_friction,1e-06,30.0,5,869603452,0.001690037931778153,False,True,0.48091119893046613,0.09992440160542129
torsional_friction,1e-06,30.0,7,9051303,-0.0010601259202030538,False,True,0.4995001090981698,0.1023495438919844
sliding_friction,2.0,50.0,9,1892003564,-0.001228004979493794,False,False,0.11583760634025851,0.0
torsional_friction,1e-06,30.0,8,1775928320,0.0015349971843459636,False,True,0.49601086702702807,0.10205863224946922
torsional_friction,1e-06,50.0,5,1772710647,-0.0010744610150180802,False,True,0.6615127333369881,0.11200406294768205
torsional_friction,1e-06,50.0,3,485779148,0.002423805441718117,False,True,0.6353155551414501,0.09620507331126173
torsional_friction,1e-06,50.0,1,1346331297,0.0017383268374505023,False,True,0.622754700097936,0.09260988870245875
torsional_friction,1e-06,50.0,0,1726937928,0.00019513973574682326,False,True,0.5598630253371627,0.07361500509909433
torsional_friction,1e-06,50.0,7,912158498,0.0022628169107209344,False,True,0.6770940894969361,0.10406254822314163
torsional_friction,1e-06,50.0,6,1392104016,0.0010032060302658371,False,True,0.5404023635289363,0.07402516932249567
torsional_friction,1e-06,50.0,4,5833630,-0.002555583031763008,False,True,0.48144234377070816,0.06586048508365777
torsional_friction,1e-06,50.0,9,51606349,-0.002153561013553608,False,True,0.7408485018826838,0.11551302421095827
torsional_friction,1e-06,30.0,9,1295982802,-0.002793975446298255,False,True,0.35667525801777494,0.061561705598350176
torsional_friction,1e-06,50.0,2,866385779,-0.0018413318164279327,False,True,0.36683717160470547,0.05402666614262005
torsional_friction,1e-06,30.0,6,488996821,-0.002048982617977907,False,True,0.2029536646833051,0.04457739143491509
torsional_friction,1e-06,50.0,8,531551867,-0.0028589467637969205,False,True,0.45544530883978074,0.06491362452013316
torsional_friction,3.1622776601683795e-05,10.0,0,741609355,-0.002464256216660342,False,True,0.2688927024088341,0.06243989983045375
torsional_friction,3.1622776601683795e-05,10.0,2,2028540854,-0.0018091732416298442,False,True,0.29270539933264567,0.06440454735910409
torsional_friction,3.1622776601683795e-05,30.0,0,350171765,0.0007546669655095284,False,True,0.5059795787643139,0.11014288219281515
torsional_friction,3.1622776601683795e-05,30.0,1,2017709895,0.0003778212147164434,False,True,0.47055690607298806,0.09594874252030712
torsional_friction,3.1622776601683795e-05,10.0,4,1167988705,0.002390199493470551,False,True,0.28075412092456004,0.061172422653839986
torsional_friction,3.1622776601683795e-05,10.0,3,1647934223,-0.0001336402404647232,False,True,0.2926100237156365,0.0630346432312218
torsional_friction,3.1622776601683795e-05,10.0,5,787382074,-0.001135379562229257,False,True,0.2938452701978191,0.061837852424219145
torsional_friction,3.1622776601683795e-05,10.0,7,2074313573,-0.0011884928653721739,False,True,0.3224891151731352,0.0717338068797143
torsional_friction,3.1622776601683795e-05,30.0,2,1637103264,0.0029561276659085594,False,True,0.4805330610584368,0.09686133371481359
torsional_friction,3.1622776601683795e-05,10.0,6,406775443,-0.0007927859581652557,False,True,0.29224174196806885,0.06295491016708321
torsional_friction,3.1622776601683795e-05,30.0,3,1256496633,0.001340131429223559,False,True,0.5187099900288019,0.11131858666537739
torsional_friction,3.1622776601683795e-05,10.0,8,1693706942,-0.001705744923446911,False,True,0.26900392199075723,0.057187436086099566
torsional_friction,3.1622776601683795e-05,10.0,9,1213761424,-0.00271426948676426,False,True,0.22874084510126583,0.056693814896493125
torsional_friction,3.1622776601683795e-05,30.0,5,395944484,0.00024420448474530947,False,True,0.4920731734003606,0.09708531715880145
torsional_friction,3.1622776601683795e-05,30.0,4,776551115,-0.0002817070114691164,False,True,0.3859453801447653,0.07142055472460546
torsional_friction,3.1622776601683795e-05,30.0,6,2063482614,-0.0005609683578385646,False,True,0.4987801441340674,0.10735482617657416
torsional_friction,3.1622776601683795e-05,10.0,1,361002724,-0.0028595368383208235,False,True,0.17707968969700238,0.043699556366886036
torsional_friction,3.1622776601683795e-05,30.0,8,1302269352,0.0005244410141172235,False,True,0.5060255833200797,0.10648403290588189
torsional_friction,3.1622776601683795e-05,30.0,7,1682875983,-0.0023662576387733503,False,True,0.4345243128301774,0.08494607826713774
torsional_friction,3.1622776601683795e-05,50.0,0,1253278960,0.0015007433323357706,False,True,0.6418751823636842,0.09925111524766425
torsional_friction,3.1622776601683795e-05,50.0,5,1299051679,8.607159567485976e-05,False,True,0.6276281139654932,0.09425336810001443
torsional_friction,3.1622776601683795e-05,50.0,4,1679658310,0.0009837899631699645,False,True,0.6184745707131479,0.09335434665578775
torsional_friction,3.1622776601683795e-05,50.0,7,438499530,-0.001745191058518326,False,True,0.6305187391944744,0.09619082449014212
torsional_friction,3.1622776601683795e-05,50.0,3,12120180,-0.0027123239607536468,False,True,0.5794793502277766,0.07744446562420793
torsional_friction,3.1622776601683795e-05,50.0,2,392726811,0.0020841866487825355,False,True,0.2383375532669928,0.04485462523107196
torsional_friction,3.1622776601683795e-05,30.0,9,822323834,-0.0020688571553203598,False,True,0.19616416081122476,0.04384121977989739
torsional_friction,0.001,10.0,0,1143034211,-0.0028255393108514845,False,True,0.2772657774588466,0.059983784675758864
torsional_friction,0.001,10.0,3,2049359079,0.00287982719066859,False,True,0.31549515654152865,0.06807260359681383
torsional_friction,0.001,10.0,1,762427580,0.002821014791830166,False,True,0.2876537435607691,0.06144570533780455
torsional_friction,0.001,10.0,2,381820949,-0.002255696952444304,False,True,0.2728682263895346,0.05850880692055294
torsional_friction,0.001,10.0,4,1668752448,-0.001969247993789595,False,True,0.29835183755842754,0.06290552773716501
torsional_friction,3.1622776601683795e-05,50.0,6,819106161,0.00018854832967110224,False,False,0.15242497870891872,0.0
torsional_friction,0.001,10.0,5,1188806930,-0.0025974687628110915,False,True,0.29384299143906106,0.06242273339549097
torsional_friction,3.1622776601683795e-05,50.0,1,773333442,-0.002010127720917568,False,False,0.1206348590286932,0.0
torsional_friction,0.001,10.0,6,808200299,0.00039808704336654916,False,True,0.30422137449802517,0.06609465565763445
torsional_friction,3.1622776601683795e-05,50.0,9,1725431029,-0.002887990135221193,False,False,0.11629397915015816,0.0
torsional_friction,0.001,10.0,8,2095131798,0.0005767103775573758,False,True,0.25773634760318015,0.06297717806202355
torsional_friction,3.1622776601683795e-05,50.0,8,57892899,-0.001988717695283547,False,False,0.10213742671061188,0.0
torsional_friction,0.001,10.0,7,328254781,-0.0015959690655509052,False,True,0.26509502619293984,0.05724393454696991
torsional_friction,0.001,30.0,2,795704209,-0.000256622407107966,False,True,0.3915684123562135,0.07276429875497273
torsional_friction,0.001,30.0,4,2082635708,-0.0003751876826001521,False,True,0.44886433948155763,0.08259112819269063
torsional_friction,0.001,30.0,1,1176310840,-0.00023880989162055688,False,True,0.430998743269904,0.08169172517631972
torsional_friction,0.001,10.0,9,1714525167,1.2639342570612121e-05,False,True,0.2844982214534209,0.060758777259770705
torsional_friction,0.001,30.0,3,315758691,0.0003148033547379966,False,True,0.4107191909668156,0.07461719170996209
torsional_friction,0.001,30.0,5,1602690190,-0.0005273082188058525,False,True,0.4061708727915289,0.07855183929843679
torsional_friction,0.001,30.0,0,1556917471,-0.0021404055573372733,False,True,0.2711688504896361,0.05192477045979373
torsional_friction,0.001,30.0,6,1222083559,-0.00010873712406047828,False,True,0.4374280743666286,0.07988447953745344
torsional_friction,0.001,30.0,8,361531410,-0.00014145056873527025,False,True,0.49760936512543746,0.09725927963599666
torsional_friction,0.001,30.0,7,742138041,-0.0019224407098423946,False,True,0.455696360140655,0.08029081241893761
torsional_friction,0.001,50.0,0,312541018,0.002980349519207456,False,True,0.49967302116735396,0.07141025293543304
torsional_friction,0.001,50.0,1,2079418035,0.0012216662952709689,False,True,0.35644597960058266,0.05403241519768523
torsional_friction,0.001,50.0,3,1218865886,0.0016397903362146103,False,True,0.3427934261714197,0.053986128145351864
torsional_friction,0.001,50.0,5,358313737,0.0013088266520250727,False,True,0.4359323306608368,0.06361447118728544
torsional_friction,0.001,30.0,9,2128408427,-0.0027033506219691587,False,True,0.19975046643447206,0.044535179181015454
torsional_friction,0.001,50.0,2,1698811404,-0.0027902217638953023,False,True,0.19969640696334737,0.043846042454356665
torsional_friction,0.001,50.0,6,2125190754,-0.0023562898066200135,False,False,0.1523777097087651,0.0
torsional_friction,0.001,50.0,9,884031974,0.0015085168645246226,False,True,0.3423471032496156,0.05410127734988682
torsional_friction,0.001,50.0,7,1645245236,-0.0020817902781762763,False,False,0.1509725391777576,0.0
torsional_friction,0.001,50.0,8,1264638605,0.0024525207845715567,False,False,0.15234992711345657,0.0
torsional_friction,0.001,50.0,4,838259255,-0.0013797364115481713,False,False,0.06599071281333062,0.0
torsional_friction,0.03162277660168379,10.0,5,1950006329,0.0012100687931722717,False,False,0.10206810996041475,0.0
torsional_friction,0.03162277660168379,10.0,1,1424288092,-0.0015147252160981786,False,False,0.07107803575434524,0.0
torsional_friction,0.03162277660168379,10.0,2,1043681461,-0.0026370854748370663,False,False,0.06829597962328209,0.0
torsional_friction,0.03162277660168379,10.0,3,663074830,-0.0009629388561318724,False,False,0.06903286597477819,0.0
torsional_friction,0.03162277660168379,10.0,0,1904233610,-0.0015334515428691924,False,False,0.05513762053266991,0.0
torsional_friction,0.03162277660168379,10.0,4,183129312,-0.00012593160904542924,False,False,0.07015559133683877,0.0
torsional_friction,0.03162277660168379,10.0,6,1470060811,-0.0010710856812299815,False,False,0.07079027324925077,0.0
torsional_friction,0.03162277660168379,30.0,0,1465178007,0.0012743724110349615,False,False,0.033309509127639254,0.0
torsional_friction,0.03162277660168379,10.0,7,1089454180,-0.0012787104754220496,False,False,0.05859388788776732,0.0
torsional_friction,0.03162277660168379,30.0,2,604625858,-3.309103318692745e-05,False,False,0.045496564326986996,0.0
torsional_friction,0.03162277660168379,10.0,9,228902031,-3.9525898553483246e-05,False,False,0.0895581100421783,0.0
torsional_friction,0.03162277660168379,30.0,1,1084571376,-4.863332595893624e-05,False,False,0.04205991124822678,0.0
torsional_friction,0.03162277660168379,10.0,8,609508662,-0.0027239152201497313,False,False,0.04977450549472095,0.0
torsional_friction,0.03162277660168379,30.0,5,1510950726,0.0016904084767059577,False,False,0.04482980563948556,0.0
torsional_friction,0.03162277660168379,30.0,7,650398577,-0.0014897057854428319,False,False,0.0449854389573781,0.0
torsional_friction,0.03162277660168379,30.0,6,1130344095,-0.0009213406922903805,False,False,0.04472552745722973,0.0
torsional_friction,0.03162277660168379,30.0,9,1937330076,0.0020327883225022434,False,False,0.05010767874588887,0.0
torsional_friction,0.03162277660168379,50.0,1,593794899,-0.001672665480694202,False,False,0.03143057894269146,0.0
torsional_friction,0.03162277660168379,30.0,3,224019227,-0.001965080696434446,False,False,0.03843938283012646,0.0
torsional_friction,0.03162277660168379,50.0,2,213188268,-0.0017255138132920287,False,False,0.041998074661694265,0.0
torsional_friction,0.03162277660168379,30.0,8,269791946,-0.002152865170423981,False,False,0.037938670352096915,0.0
torsional_friction,0.03162277660168379,50.0,0,1073740417,0.0017955948564506025,False,False,0.030257296026764188,0.0
torsional_friction,0.03162277660168379,30.0,4,1891557357,-0.0025265707416572657,False,False,0.03848707439117565,0.0
torsional_friction,0.03162277660168379,50.0,3,1980065285,0.0026094002173941326,False,False,0.03219984860592813,0.0
torsional_friction,0.03162277660168379,50.0,4,1500119767,-0.002144093384247946,False,False,0.030835382771324506,0.0
torsional_friction,0.03162277660168379,50.0,5,1119513136,0.0022517688288066244,False,False,0.030000000000000002,0.0
torsional_friction,0.03162277660168379,50.0,6,639567618,0.0023008704315984133,False,False,0.03017627358808511,0.0
torsional_friction,0.03162277660168379,50.0,9,1545892486,-0.0028182570754472407,False,False,0.0375849729130009,0.0
torsional_friction,0.03162277660168379,50.0,8,1926499117,0.002008944021435575,False,False,0.030584873675164492,0.0
torsional_friction,0.03162277660168379,50.0,7,258960987,0.00025320782477185506,False,False,0.030392867425308515,0.0
torsional_friction,1.0,10.0,0,1923740916,-0.001367152403382077,False,False,0.03152379660066354,0.0
torsional_friction,1.0,10.0,4,202636618,0.0018832390538139282,False,False,0.030000000000000002,0.0
torsional_friction,1.0,10.0,3,682582136,-0.001613220254893953,False,False,0.035924201313342834,0.0
torsional_friction,1.0,10.0,1,1543134285,0.0013427961988983555,False,False,0.030000000000000002,0.0
torsional_friction,1.0,10.0,2,1063188767,-0.0008441369162744882,False,False,0.030000000000000002,0.0
torsional_friction,1.0,10.0,5,1969513635,-0.001246333160154692,False,False,0.030417506779539045,0.0
torsional_friction,1.0,10.0,7,1108961486,0.002073706978063349,False,False,0.030000000000000002,0.0
torsional_friction,1.0,10.0,9,248409337,0.0025061572838070206,False,False,0.030000000000000002,0.0
torsional_friction,1.0,10.0,6,1588907004,0.0008545736675326858,False,False,0.030000000000000002,0.0
torsional_friction,1.0,10.0,8,728354855,0.0008632875956746848,False,False,0.030000000000000002,0.0
torsional_friction,1.0,30.0,0,1532303326,0.00024316432113919827,False,False,0.030000000000000002,0.0
torsional_friction,1.0,30.0,3,291144546,0.0017989903513651135,False,False,0.030000000000000002,0.0
torsional_friction,1.0,30.0,1,1052357808,0.000568285111213541,False,False,0.030000000000000002,0.0
torsional_friction,1.0,30.0,2,671751177,-0.0009662735052114739,False,False,0.030000000000000002,0.0
torsional_friction,1.0,50.0,2,232695574,-0.0016722765959075318,False,False,0.031178736655755063,0.0
torsional_friction,1.0,30.0,6,1098130527,0.002865080519409512,False,False,0.030000000000000002,0.0
torsional_friction,1.0,50.0,4,1519627073,-0.0013615844343385496,False,False,0.0313713977700028,0.0
torsional_friction,1.0,50.0,1,712641092,-0.001794016741663755,False,False,0.030053453865152725,0.0
torsional_friction,1.0,30.0,8,237578378,0.0024771711553235997,False,False,0.030000000000000002,0.0
torsional_friction,1.0,30.0,4,1958682676,0.0004047815295526924,False,False,0.030000000000000002,0.0
torsional_friction,1.0,30.0,5,1578076045,0.0007107169342128045,False,False,0.030000000000000002,0.0
torsional_friction,1.0,30.0,7,717523896,0.001110999336675785,False,False,0.030000000000000002,0.0
torsional_friction,1.0,50.0,5,1139020442,-0.0027069082866491433,False,False,0.030066178884926586,0.0
torsional_friction,1.0,30.0,9,2004455395,0.000251203949316367,False,False,0.030000000000000002,0.0
torsional_friction,1.0,50.0,0,1093247723,0.0005549323917206071,False,False,0.030000000000000002,0.0
torsional_friction,1.0,50.0,3,1999572591,-0.00013807132007830373,False,False,0.030000000000000002,0.0
torsional_friction,1.0,50.0,7,278468293,0.0016625146417908474,False,False,0.030000000000000002,0.0
rolling_friction,1e-06,10.0,0,1863976100,-0.0010487734744975565,False,True,0.25551542482241424,0.06631410139850107
rolling_friction,1e-06,10.0,3,622817320,-0.002183356682769914,False,True,0.3103332907320328,0.06627819668588501
rolling_friction,1e-06,10.0,1,1483369469,0.001399764916509924,False,True,0.29110613037094635,0.061345356227602656
rolling_friction,1e-06,10.0,2,1003423951,0.0027083431452750743,False,True,0.3000186224049082,0.06469226575165252
rolling_friction,1e-06,10.0,4,142871802,-0.0004267574867092513,False,True,0.29013905564549997,0.06300922065749694
torsional_friction,1.0,50.0,6,758413811,0.0006864592121612963,False,False,0.030000000000000002,0.0
rolling_friction,1e-06,10.0,7,1049196670,-0.0026554868239093187,False,True,0.2535875870422138,0.06456279768357694
rolling_friction,1e-06,10.0,5,1909748819,0.0028655420740364094,False,True,0.2974324817311831,0.06313243091100738
rolling_friction,1e-06,10.0,6,1529142188,0.0003127120721429814,False,True,0.2720357716796546,0.0591697351656224
rolling_friction,1e-06,30.0,0,1472538510,0.0004434547965327276,False,True,0.4968483863155432,0.1015466873062945
rolling_friction,1e-06,30.0,1,992592992,-0.0006863144976434719,False,True,0.4771262798627688,0.0939074367125429
rolling_friction,1e-06,30.0,2,611986361,0.00024939058196826,False,True,0.49006617118112056,0.10222043257232769
torsional_friction,1.0,50.0,8,2045345310,-0.0002920389828791783,False,False,0.030000000000000002,0.0
rolling_friction,1e-06,30.0,3,231379730,0.0006421081564821915,False,True,0.4628500859663976,0.09320877496719633
rolling_friction,1e-06,10.0,9,188644521,0.001222080475315527,False,True,0.28769056698881196,0.06299024612546164
torsional_friction,1.0,50.0,9,1565399792,-0.0010175254345118658,False,False,0.030031060664600505,0.0
rolling_friction,1e-06,10.0,8,668590039,0.0003128689079310433,False,True,0.2754703630772256,0.05972309018929948
rolling_friction,1e-06,30.0,4,1898917860,0.0005928234997145555,False,True,0.5099953397813247,0.11116470629076071
rolling_friction,1e-06,30.0,6,1038365711,0.0021094121729412062,False,True,0.497485110960259,0.10335712750319688
rolling_friction,1e-06,30.0,7,657759080,-0.0013322167124491505,False,True,0.522309120076411,0.1082383252116306
rolling_friction,1e-06,30.0,8,277152449,0.002493226376796189,False,True,0.4996555192831818,0.11022607748044466
rolling_friction,1e-06,30.0,9,1944690579,-0.0004421058769204702,False,True,0.49597616593914806,0.09944167048555688
rolling_friction,1e-06,50.0,1,652876276,0.0022127723212078928,False,True,0.7195398113585838,0.11059535369922918
rolling_friction,1e-06,50.0,0,1033482907,0.0023529191754803717,False,True,0.6507610053669728,0.09845341390767996
rolling_friction,1e-06,50.0,2,172930758,0.0027553360713303623,False,True,0.5960129701235245,0.08485898350547372
rolling_friction,1e-06,50.0,4,1459862257,0.0016257432108832221,False,True,0.6825718995542488,0.09294700623537955
rolling_friction,1e-06,50.0,3,1939807775,-0.0003166097428898159,False,True,0.6475614708640691,0.09013980566244362
rolling_friction,1e-06,50.0,8,1985580494,-0.0008555917692950653,False,True,0.7388837509882694,0.11130149223890144
rolling_friction,1e-06,50.0,7,218703477,0.0024370221309550494,False,True,0.6508493049435613,0.09947074176295052
rolling_friction,5.623413251903491e-06,10.0,0,613127337,0.0011219790332566487,False,True,0.3165367405917058,0.06820791479366864
rolling_friction,5.623413251903491e-06,10.0,4,1039506687,-0.002033373023401577,False,True,0.3011511567660402,0.06313735173923546
rolling_friction,5.623413251903491e-06,10.0,3,1519452205,-0.0024425969704475565,False,True,0.22050842396456702,0.05655214217554924
rolling_friction,5.623413251903491e-06,10.0,1,232520706,0.001617708774861992,False,True,0.26174121501864694,0.061046959361018074
rolling_friction,1e-06,30.0,5,1518311229,-0.0009913612528100542,False,False,0.15147761406219779,0.0
rolling_friction,5.623413251903491e-06,10.0,5,658900056,-0.002875179540653771,False,True,0.28664169850826704,0.06265073827233403
rolling_friction,5.623413251903491e-06,10.0,7,1945831555,-0.0027983276657105294,False,True,0.261830121516222,0.06464886133943377
rolling_friction,5.623413251903491e-06,30.0,1,1889227877,0.0011995003167603697,False,True,0.4884936340651478,0.09886490287139559
rolling_friction,5.623413251903491e-06,10.0,2,1900058836,-0.0006401212329224717,False,True,0.27809224757193685,0.05882372136073574
rolling_friction,5.623413251903491e-06,10.0,6,178954538,-0.0021521389071231874,False,True,0.26759329330963105,0.058648531902311375
rolling_friction,1e-06,50.0,6,698648995,0.00021697107281149798,False,False,0.15330896807043556,0.0
rolling_friction,5.623413251903491e-06,10.0,8,1565224924,-0.002035257768032204,False,True,0.28042209443311167,0.06012800618975304
rolling_friction,1e-06,50.0,5,1079255626,0.0008913111955937644,False,False,0.11657168268163821,0.0
rolling_friction,5.623413251903491e-06,10.0,9,1085279406,-0.001529111192872854,False,True,0.2355386573441001,0.061601740879454456
rolling_friction,1e-06,50.0,9,1505634976,0.0013391011450533908,False,False,0.1520636217932483,0.0
rolling_friction,5.623413251903491e-06,30.0,2,1508621246,0.0025893888018324917,False,True,0.4746967055498605,0.089120199848134
rolling_friction,5.623413251903491e-06,30.0,8,1074448447,0.0027652310726643658,False,True,0.4638654609552535,0.09235103866230512
rolling_friction,5.623413251903491e-06,30.0,9,693841816,0.0012160114227545323,False,True,0.537656863749202,0.12079374425111572
rolling_friction,5.623413251903491e-06,30.0,5,267462466,0.0009853318874190036,False,True,0.4828102236513939,0.09551934244684815
rolling_friction,5.623413251903491e-06,50.0,4,209013494,0.0027686132002148964,False,True,0.6850575829255369,0.10888594992284113
rolling_friction,5.623413251903491e-06,50.0,1,1549511161,0.0011930121876313577,False,True,0.5324706582534334,0.08799138962301685
rolling_friction,5.623413251903491e-06,30.0,3,1128014615,-0.0006160189117444632,False,True,0.29725094835681704,0.055267653637415565
rolling_friction,5.623413251903491e-06,30.0,0,221689747,-0.002090868157055158,False,False,0.15249330566547725,0.0
rolling_friction,5.623413251903491e-06,50.0,3,688959012,0.001661533015225894,False,True,0.6492234952766882,0.0975088753250156
rolling_friction,5.623413251903491e-06,30.0,4,648069097,-0.002080322012831236,False,True,0.33747080870116913,0.06082355779368453
rolling_friction,5.623413251903491e-06,50.0,0,1930117792,-0.0023328389938391553,False,True,0.5060191284330767,0.06979621235903335
rolling_friction,5.623413251903491e-06,50.0,5,1975890511,0.001180927070886577,False,True,0.5711231414527955,0.0823458945019638
rolling_friction,5.623413251903491e-06,50.0,6,1595283880,0.0010539844159537515,False,True,0.627796185849815,0.0876060347812451
rolling_friction,5.623413251903491e-06,50.0,7,1115338362,0.0017375386743007839,False,True,0.6834458829190939,0.1141236074527876
rolling_friction,5.623413251903491e-06,50.0,8,734731731,0.00045674062779879144,False,True,0.6690582867779047,0.10692422061075196
rolling_friction,5.623413251903491e-06,30.0,6,1935000596,-0.002277812312483374,False,True,0.2773378725501873,0.05222687073507372
rolling_friction,3.1622776601683795e-05,10.0,0,1974156168,0.0018611563106427304,False,True,0.28958705651043454,0.06438440822192142
rolling_friction,5.623413251903491e-06,30.0,7,1554393965,-0.0007157591104781065,False,False,0.15253801204578538,0.0
rolling_friction,3.1622776601683795e-05,10.0,1,1494210650,0.0009119380439282128,False,True,0.31116163188947293,0.06661892575173343
rolling_friction,3.1622776601683795e-05,10.0,3,732997388,0.002014556598549209,False,True,0.29198578768705236,0.0681558075315384
rolling_friction,3.1622776601683795e-05,10.0,2,1113604019,-0.000956790198178389,False,True,0.2798865573802162,0.06099819920963493
rolling_friction,3.1622776601683795e-05,30.0,1,1102773060,0.0018261140635524456,False,True,0.4946879441450979,0.1021093126626408
rolling_friction,3.1622776601683795e-05,10.0,5,2019928887,-0.0014985404929363296,False,True,0.26760687917369125,0.061510214730419045
rolling_friction,3.1622776601683795e-05,10.0,6,1539983369,0.0005161947992391802,False,True,0.2964059411626579,0.0648004356611908
rolling_friction,3.1622776601683795e-05,10.0,4,253051870,0.002221707393305807,False,True,0.26168351882598956,0.06029766738925137
rolling_friction,3.1622776601683795e-05,10.0,7,1159376738,-0.0016437433378569248,False,True,0.3188391713617818,0.06824130827082484
rolling_friction,3.1622776601683795e-05,10.0,8,679431220,-0.001092672628081513,False,True,0.29489647638018224,0.06854638963665886
rolling_friction,5.623413251903491e-06,50.0,2,1069565643,-0.002210105683441453,False,False,0.07020476653751752,0.0
rolling_friction,3.1622776601683795e-05,10.0,9,298824589,0.0029801830402478528,False,True,0.2805699303386284,0.061340841304137736
rolling_friction,3.1622776601683795e-05,30.0,0,1582718578,-0.002707265128299601,False,True,0.29688739644068146,0.054505934783524036
rolling_friction,3.1622776601683795e-05,30.0,7,767939148,-0.0008453154779385521,False,True,0.4942765502311573,0.09829256122720102
rolling_friction,3.1622776601683795e-05,30.0,8,287993630,-0.0012835474094343203,False,True,0.5028922018038899,0.10676035634790594
rolling_friction,3.1622776601683795e-05,30.0,6,1148545779,0.00031385686255284376,False,True,0.484712480557014,0.09460215328778389
rolling_friction,3.1622776601683795e-05,50.0,1,2005880255,0.0006912444246862832,False,True,0.6946984480902082,0.10992091729278719
rolling_friction,5.623413251903491e-06,50.0,9,254786213,-0.0015651690815863596,False,False,0.07000320784068335,0.0
rolling_friction,3.1622776601683795e-05,30.0,9,2054870647,0.0013571635617033026,False,True,0.4874363276888452,0.09617421426385721
rolling_friction,3.1622776601683795e-05,50.0,0,338342125,-0.0005242895290348774,False,True,0.679817829110807,0.10482592694531505
rolling_friction,3.1622776601683795e-05,50.0,2,1625273624,-0.002394415023370576,False,True,0.6779225174520084,0.10904971712713457
rolling_friction,3.1622776601683795e-05,50.0,4,764721475,0.002626320219174939,False,True,0.6876505343794831,0.10679891564801626
rolling_friction,3.1622776601683795e-05,30.0,3,242220911,-0.0025306232352333264,False,True,0.22101019005567094,0.04654079232064496
rolling_friction,3.1622776601683795e-05,30.0,2,722166429,-0.0029586589470934886,False,False,0.14939263923299995,0.0
rolling_friction,3.1622776601683795e-05,50.0,3,1145328106,-0.0002192529325241682,False,True,0.6435785187695325,0.09381951293604208
rolling_friction,3.1622776601683795e-05,50.0,8,1191100825,-0.0015933993784027528,False,True,0.6504392120008906,0.10263817063922333
rolling_friction,3.1622776601683795e-05,50.0,5,284775957,0.0015129791384239184,False,True,0.5300616626345304,0.0743092103932775
rolling_friction,3.1622776601683795e-05,30.0,4,2009097928,-0.0026134198390354133,False,False,0.1498323143722125,0.0
rolling_friction,3.1622776601683795e-05,30.0,5,1529152410,-0.002115453290425932,False,False,0.1504823135032997,0.0
rolling_friction,3.1622776601683795e-05,50.0,6,2051652974,0.0009067548456440982,False,True,0.35924896424431113,0.052919984844509334
rolling_friction,3.1622776601683795e-05,50.0,9,810494194,0.0007447771948069764,False,True,0.5863287343746857,0.08334295269732282
rolling_friction,0.00017782794100389227,10.0,0,1652567054,-0.0026797679056221714,False,True,0.2627223302947923,0.05860484022260209
rolling_friction,0.00017782794100389227,10.0,1,1271960423,7.212540639189814e-05,False,True,0.25636000129291864,0.06719205808730319
rolling_friction,0.00017782794100389227,10.0,3,411408274,0.0010139282160647545,False,True,0.2812472589171557,0.06642065228331086
rolling_friction,0.00017782794100389227,30.0,1,1685843683,0.001914954190329268,False,True,0.45829540092193155,0.10437583226461701
rolling_friction,0.00017782794100389227,10.0,2,891353792,0.0022206304824578223,False,True,0.2761342192648653,0.06287948170147621
rolling_friction,0.00017782794100389227,30.0,0,2066450314,-0.001575022759604359,False,True,0.45508534181345317,0.09712768974594338
rolling_friction,0.00017782794100389227,10.0,6,1317733142,0.0012323973483524464,False,True,0.27158489631367116,0.06114099746941349
rolling_friction,0.00017782794100389227,10.0,7,937126511,-0.0008659667691086385,False,True,0.2589149796807463,0.05873019524530714
rolling_friction,0.00017782794100389227,30.0,2,1305237052,0.00046317393731075797,False,True,0.45351292670608817,0.09613444547350655
rolling_friction,0.00017782794100389227,10.0,4,30801643,0.0003336712187808665,False,True,0.25101692835407197,0.05730078563424247
rolling_friction,0.00017782794100389227,10.0,8,457180993,0.0006922696984299494,False,True,0.2660066267366125,0.062444026350907095
rolling_friction,0.00017782794100389227,10.0,9,76574362,-0.0003186333491239121,False,True,0.28655717664543096,0.06602287873538404
rolling_friction,3.1622776601683795e-05,50.0,7,1671046343,0.0001237656947518681,False,False,0.12027781189208032,0.0
rolling_friction,0.00017782794100389227,30.0,7,1351009771,0.00045680091218657914,False,True,0.4586914487413602,0.0996658323380803
rolling_friction,0.00017782794100389227,50.0,0,822073861,-0.000511969092753578,False,True,0.6572236651831432,0.1051794719754767
rolling_friction,0.00017782794100389227,50.0,1,441467230,-0.0024579879436963064,False,True,0.6201029746013753,0.0968373197970848
rolling_friction,0.00017782794100389227,30.0,9,490457622,0.0013049266307019747,False,True,0.44993651426354286,0.09465104938033055
rolling_friction,0.00017782794100389227,30.0,8,871064253,-0.000552253728723901,False,True,0.4299245907396357,0.08651978806541695
rolling_friction,0.00017782794100389227,10.0,5,1698339773,-0.002900367740509141,False,False,0.11524062434181484,0.0
rolling_friction,0.00017782794100389227,50.0,3,1728398729,0.0029100539332003504,False,True,0.6001204532232823,0.09550952821782506
rolling_friction,0.00017782794100389227,30.0,4,444684903,-0.0023156092116930304,False,True,0.23603508073875348,0.04851711341444278
rolling_friction,0.00017782794100389227,50.0,5,867846580,-0.0007363813632676355,False,True,0.7202134013127303,0.1319887072994598
rolling_friction,0.00017782794100389227,30.0,3,825291534,-0.0023927498362922694,False,True,0.23183017979608758,0.047047950914728236
rolling_friction,0.00017782794100389227,50.0,6,487239949,-0.0005314361521389088,False,True,0.6114451942724098,0.09865629384767327
rolling_friction,0.00017782794100389227,50.0,7,106633318,0.00041033511240890636,False,True,0.5740897366805375,0.09228760929891672
rolling_friction,0.00017782794100389227,50.0,4,1347792098,0.0017876959614849782,False,True,0.4759037706276078,0.0658226455352886
rolling_friction,0.00017782794100389227,30.0,6,1731616402,-0.0018407847379373528,False,True,0.20842777131007706,0.04572163946284637
rolling_friction,0.00017782794100389227,50.0,9,1393564817,0.0011941928503928188,False,True,0.4504051808244905,0.06595054126853664
rolling_friction,0.00017782794100389227,30.0,5,2112223033,-0.002502333160014687,False,False,0.11861937203151979,0.0
rolling_friction,0.00017782794100389227,50.0,2,60860599,-0.0005866296028257641,False,False,0.12004186892651303,0.0
rolling_friction,0.001,10.0,1,68972559,0.0004624264304357857,False,False,0.13117556840745206,0.0
rolling_friction,0.001,10.0,3,1355904058,0.0020461685613706506,False,False,0.12578822541308812,0.0
rolling_friction,0.00017782794100389227,50.0,8,1774171448,0.0007557667539480877,False,False,0.15319100146430034,0.0
rolling_friction,0.001,10.0,0,449579190,0.0017602283743282853,False,False,0.13611744333026765,0.0
rolling_friction,0.001,30.0,0,58141600,-0.001982819921983721,False,False,0.1521992022191752,0.0
rolling_friction,0.001,10.0,7,1782283408,0.0020201132187998936,False,False,0.13278756333805714,0.0
rolling_friction,0.001,10.0,2,1835849576,0.0027897433682562717,False,False,0.13107931599335315,0.0
rolling_friction,0.001,10.0,4,975297427,0.0021612671644853435,False,False,0.13881097185877708,0.0
rolling_friction,0.001,10.0,6,114745278,0.002891741039850469,False,False,0.13343161468051562,0.0
rolling_friction,0.001,30.0,1,1825018617,-0.0008530058216563836,False,False,0.15097897329844104,0.0
rolling_friction,0.001,10.0,9,1021070146,0.0022146128477055433,False,False,0.1379348309805108,0.0
rolling_friction,0.001,30.0,2,1345073099,-0.0008646830161585929,False,False,0.12656058980878457,0.0
rolling_friction,0.001,10.0,5,495351909,0.00039532968394731614,False,False,0.1013468455867285,0.0
rolling_friction,0.001,10.0,8,1401676777,-0.0020146590797727893,False,False,0.09628830927478205,0.0
rolling_friction,0.001,30.0,9,530293669,0.002045326677995384,False,True,0.176584846506031,0.045739245922372176
rolling_friction,0.001,30.0,7,1390845818,-0.001398521307138309,False,True,0.16303789578037875,0.041706849847779295
rolling_friction,0.001,30.0,6,1870791336,-0.0014847373078572985,False,False,0.12622921903041362,0.0
rolling_friction,0.001,30.0,5,103914319,0.0012980431267643096,False,False,0.15080018182139251,0.0
rolling_friction,0.001,30.0,4,484520950,-0.0025468480921402533,False,False,0.1372407189791142,0.0
rolling_friction,0.001,30.0,8,1010239187,0.0016859544426449501,False,False,0.15026785809073726,0.0
rolling_friction,0.001,50.0,3,1867573663,-0.00017830181184746953,False,False,0.14053839130493756,0.0
rolling_friction,0.001,50.0,0,961248795,-0.0027013432324076454,False,False,0.1177334574535041,0.0
rolling_friction,0.001,30.0,3,964466468,-0.0022183736448247093,False,False,0.10348003252880554,0.0
rolling_friction,0.001,50.0,6,626414883,-1.2890437983486495e-05,False,False,0.12724101059678505,0.0
rolling_friction,0.001,50.0,1,580642164,-0.0017119971298239678,False,False,0.10800037517515947,0.0
rolling_friction,0.001,50.0,2,100696646,-0.00017303289104866112,False,False,0.11884000097337218,0.0
rolling_friction,0.001,50.0,5,1007021514,8.329703285615223e-05,False,False,0.10651183174115299,0.0
rolling_friction,0.001,50.0,8,1913346382,-0.0014574361221630042,False,False,0.11821041412499432,0.0
rolling_friction,0.001,50.0,4,1387628145,0.0004082567600389047,False,False,0.11649494018007645,0.0
rolling_friction,0.001,50.0,7,146469365,-0.0007475776209135243,False,False,0.10458106492927975,0.0
rolling_friction,0.001,50.0,9,1433400864,0.001426137116869848,False,False,0.11714599138705357,0.0
