scene,freq,trial,seed,velocity_mps,target_mps,cot_signed,cot_abs,energy_ext_signed_J,energy_ext_abs_J,distance_m,robot_mass_kg,total_time_s,avg_power_ext_W
scene1,10.0,4,77781,0.056276651708567035,0.0512,11.664164740889648,15.591697766273944,0.0020454299246153974,0.0027341627879188656,0.17355004413236083,0.00010300000000000002,2.900000000000169,0.0007053206636604407
scene1,10.0,7,77784,0.05719599115706259,0.0512,11.673814774365763,16.395994547020365,0.00207998932226058,0.0029213666864521494,0.17633644264511436,0.00010300000000000002,2.900000000000169,0.0007172376973311927
scene1,10.0,1,77778,0.05736047703707524,0.0512,11.619895890361885,15.683016696630782,0.0020759226384900156,0.0028018090443785214,0.1768083193436913,0.00010300000000000002,2.900000000000169,0.0007158353925827223
scene1,20.0,1,77878,0.10402730056224094,0.1264,6.732277272050219,8.723322965733885,0.0020806523245890593,0.0026959974275194924,0.30586606059035426,0.00010300000000000002,2.900000000000169,0.0007174663188237717
scene1,20.0,5,77882,0.10045143821055746,0.1264,6.635448949777477,8.466035082144003,0.001980396348049305,0.002526747637731059,0.2953762499533311,0.00010300000000000002,2.900000000000169,0.0006828952924307549
scene1,20.0,8,77885,0.1001355347919119,0.1264,6.577698749384966,8.665191628553877,0.0019668046187014477,0.0025909880592458615,0.2959245582356166,0.00010300000000000002,2.900000000000169,0.0006782084892073562
scene1,30.0,5,77982,0.11906235960340364,0.1187,7.01033840663354,9.062509728717343,0.002493510348899244,0.0032234480683805368,0.35201888255495606,0.00010300000000000002,2.900000000000169,0.0008598311547927927
scene1,30.0,0,77977,0.12254135469880958,0.1187,6.972250583692014,8.91718941943321,0.0025428023174354814,0.003252127795547334,0.360938641289947,0.00010300000000000002,2.900000000000169,0.0008768283853225286
scene1,30.0,8,77985,0.12300630735252287,0.1187,6.12090701735706,7.754413265907251,0.0022613339061675506,0.002864823398053035,0.3656307221916858,0.00010300000000000002,2.900000000000169,0.0007797703124715237
scene1,50.0,4,78081,0.1476820599046323,0.1483,7.287338952447285,8.832057040926474,0.0032769846364783736,0.003971616446068702,0.4450401600028706,0.00010300000000000002,2.900000000000169,0.001129994702233856
scene1,50.0,9,78086,0.14742440795267156,0.1483,7.0613320019913,8.621076973826042,0.0031971359431293062,0.0039033365169249875,0.44809308277159354,0.00010300000000000002,2.900000000000169,0.001102460670044524
scene1,50.0,1,78078,0.14326570770987923,0.1483,6.919062830982192,8.260202842110763,0.0030959369247291505,0.0036960304609653582,0.442831593261533,0.00010300000000000002,2.900000000000169,0.0010675644568030932
scene2,10.0,8,78185,0.08307762352759161,0.0832,2.516064218907008,3.6037611370662517,0.0006302907049048447,0.000902765966910371,0.2431984901579117,0.00010500000000000002,2.900000000000169,0.00021734162238096826
scene2,10.0,3,78180,0.08307039061533755,0.0832,2.5212698127072204,3.759834759084592,0.0006324617502711672,0.0009431563652870937,0.24353233628674645,0.00010500000000000002,2.900000000000169,0.00021809025871418286
scene2,10.0,9,78186,0.08347693970352607,0.0832,2.7066171479572856,3.9900595287920275,0.0006809119856681504,0.0010037915257923948,0.24423384317582975,0.00010500000000000002,2.900000000000169,0.00023479723643727953
scene2,20.0,6,78283,0.13890468902085998,0.1131,2.3439970837706716,3.0486043898727977,0.0009783529976676248,0.0012724466528502474,0.40521004847949627,0.00010500000000000002,2.900000000000169,0.0003373631026439889
scene2,20.0,9,78286,0.14152047251075564,0.1131,2.1877092879943567,2.9102235995888863,0.0009307703501771011,0.001238167179591916,0.413042388321203,0.00010500000000000002,2.900000000000169,0.0003209552931644989
scene2,20.0,3,78280,0.143200123668547,0.1131,2.098982308720793,2.7785772559161774,0.000902018318430344,0.0011940679888520693,0.41720381668298356,0.00010500000000000002,2.900000000000169,0.0003110407994587212
scene2,30.0,1,78378,0.17932381127089336,0.1796,2.4551305645390102,3.248988623800889,0.0013273946698525085,0.001756603190044401,0.5248886356545434,0.00010500000000000002,2.900000000000169,0.0004577222999491142
scene2,30.0,8,78385,0.18008271562938444,0.1796,2.1845825717282756,2.8606799105082876,0.0011823535241186748,0.0015482751795868823,0.525436912439861,0.00010500000000000002,2.900000000000169,0.0004077081117650365
scene2,30.0,4,78381,0.17810349886908047,0.1796,2.488951340586093,3.2958692027568355,0.0013325712461223728,0.0017645907571418463,0.5197754048155183,0.00010500000000000002,2.900000000000169,0.00045950732624906726
scene2,50.0,7,78484,0.26473160636744913,0.2633,3.106391670691669,3.7811573041242,0.0025043286147698276,0.0030483150347733667,0.7826665918542859,0.00010500000000000002,2.900000000000169,0.0008635615912998902
scene2,50.0,2,78479,0.27293486455454363,0.2633,2.930847926899922,3.6625133679160933,0.002436090295803184,0.0030442429960080603,0.8069410155835097,0.00010500000000000002,2.900000000000169,0.0008400311364838076
scene2,50.0,1,78478,0.27430572840271616,0.2633,2.974756562657029,3.6822534564059106,0.0024780521514159845,0.0030674160750671304,0.808724693959651,0.00010500000000000002,2.900000000000169,0.0008545007418675311
scene4,10.0,7,78584,0.11214387678115735,0.1121,0.9644097569924458,1.5722365347038647,0.0003369817138650968,0.0005493670695722535,0.3267753089395016,0.000109,2.900000000000169,0.00011620059098795763
scene4,10.0,4,78581,0.11015285644404946,0.1121,0.9756654726377535,1.5991893179932353,0.0003348198122783368,0.0005487949325504271,0.3209332447638737,0.000109,2.900000000000169,0.00011545510768217837
scene4,10.0,9,78586,0.11002926549253626,0.1121,0.9989203567048973,1.6532403435283807,0.0003429847377595581,0.0005676490641847217,0.3211060041310414,0.000109,2.900000000000169,0.00011827059922742693
scene4,20.0,6,78683,0.18792101356921628,0.1841,1.165941395365096,1.81949645672224,0.0006828107491601925,0.0010655524742903563,0.5476815644804676,0.000109,2.900000000000169,0.00023545198246901816
scene4,20.0,1,78678,0.19241860638612795,0.1841,1.1254904115327078,1.7513834726609614,0.0006729244310207279,0.0010471423965616204,0.5591508522929293,0.000109,2.900000000000169,0.00023204290724851333
scene4,20.0,5,78682,0.19404447923330095,0.1841,1.1394512586661445,1.7902305116585633,0.0006872887095689902,0.0010798225977907772,0.5640894168648461,0.000109,2.900000000000169,0.00023699610674791385
scene4,30.0,3,78780,0.2906588426236435,0.2747,1.1793524260777442,1.7301069693021116,0.0010744056205378668,0.0015761502760731055,0.8519795322170334,0.000109,2.900000000000169,0.00037048469673717384
scene4,30.0,1,78778,0.29347037304071605,0.2747,1.184781593775985,1.7323295813545503,0.0010865012209583576,0.001588628836851998,0.8576229906417747,0.000109,2.900000000000169,0.0003746555934338946
scene4,30.0,8,78785,0.29544390967461626,0.2747,1.1553043540840366,1.7032555612871911,0.0010681451547689756,0.001574757481602885,0.8646460451891012,0.000109,2.900000000000169,0.0003683259154375563
scene4,50.0,7,78884,0.3341426258859144,0.3274,1.7324114035232214,2.2928726861093445,0.0018719241868261744,0.0024775199642026883,1.0105125618283224,0.000109,2.900000000000169,0.0006454910989055398
scene4,50.0,3,78880,0.33564384693399557,0.3274,1.7548663991155418,2.304543921320911,0.0018607787741277383,0.0024436312730133445,0.9916426096708699,0.000109,2.900000000000169,0.0006416478531474586
scene4,50.0,8,78885,0.3170742532079489,0.3274,1.8708867484534866,2.535952407170376,0.0019020477093033721,0.002578190513641722,0.9507764192464039,0.000109,2.900000000000169,0.0006558785204494004
scene_wheel,10.0,2,78979,0.16343717799570526,0.1432,0.5436561855254055,0.887343308377251,0.00023241092308924128,0.00037933584292380125,0.4788746000517895,9.1e-05,2.900000000000169,8.014169761697508e-05
scene_wheel,10.0,1,78978,0.1637413782721571,0.1432,0.4392158596063789,0.770471373519591,0.00019219835254067634,0.0003371538741859831,0.4901863882804707,9.1e-05,2.900000000000169,6.62752939795397e-05
scene_wheel,10.0,7,78984,0.1638664924184783,0.1432,0.6275582830367986,0.9741235743009182,0.00026744075132081787,0.0004151332993800702,0.47737878832562863,9.1e-05,2.900000000000169,9.222094873131113e-05
scene_wheel,20.0,4,79081,0.2936866387584858,0.3058,0.8012743078082213,1.1062281448731577,0.0006415755300190249,0.0008857502374066222,0.896925092420521,9.1e-05,2.900000000000169,0.00022123294138585775
scene_wheel,20.0,5,79082,0.32754778005706586,0.3058,0.6612109445100561,0.9369101343195745,0.0005635785596434008,0.0007985688506810558,0.954781575024369,9.1e-05,2.900000000000169,0.00019433743435978202
scene_wheel,20.0,7,79084,0.3289369161368239,0.3058,0.7109237681615858,1.0035832701113068,0.0006063215524107179,0.0008559204144782621,0.9553655398375891,9.1e-05,2.900000000000169,0.00020907639738299399
scene_wheel,30.0,2,79179,0.4485699289264098,0.4493,1.0402796910842658,1.3749385996749193,0.001216685629374936,0.0016080944863527717,1.3101404598810449,9.1e-05,2.900000000000169,0.0004195467687499535
scene_wheel,30.0,7,79184,0.46055297650423044,0.4493,0.9258539604576695,1.2162759527806937,0.0011143028517794915,0.0014638375171656568,1.3481876783675104,9.1e-05,2.900000000000169,0.0003842423626825609
scene_wheel,30.0,1,79178,0.435749538713402,0.4493,1.4037064857552015,1.7818605259636093,0.0016169852605192928,0.002052595920887398,1.2903851453477606,9.1e-05,2.900000000000169,0.000557581124316965
