scene,freq,trial_idx,y_off_mm,fail,vel_mm_s,lat_cm,yaw_deg,yaw_pen,tumble,rank_cost
scene1,10.0,0,6.273562895556129,FALSE,-0.05,0.000,0.0,0.0000,0.0000,0.0002
scene1,10.0,1,-7.374405806437239,FALSE,0.01,0.023,3.4,0.0000,0.0000,-0.0001
scene1,10.0,2,4.8053878526134115,FALSE,6.69,0.254,24.9,0.0000,0.0000,-0.0334
scene1,10.0,3,5.63253925002816,FALSE,1.54,0.034,0.1,0.0000,0.0000,-0.0077
scene1,10.0,4,-7.400045770695172,FALSE,-0.00,0.008,0.1,0.0000,0.0000,0.0000
scene1,10.0,5,9.043302618387132,FALSE,0.45,0.006,0.2,0.0000,0.0000,-0.0023
scene1,10.0,6,-8.059915310002218,FALSE,2.41,0.124,2.8,0.0000,0.0000,-0.0121
scene1,10.0,7,2.5026458548610737,FALSE,2.75,0.214,5.5,0.0000,0.0000,-0.0137
scene1,10.0,8,9.24622019304413,FALSE,1.74,0.034,17.6,0.0000,0.0000,-0.0087
scene1,10.0,9,-6.957601367404411,FALSE,5.37,0.188,17.6,0.0000,0.0000,-0.0268
scene1,10.0,10,1.291497795796551,FALSE,6.39,0.148,1.3,0.0000,0.0000,-0.0319
scene1,10.0,11,2.5214328278370495,FALSE,4.69,0.290,10.4,0.0000,0.0000,-0.0234
scene1,10.0,12,0.2909104530832169,FALSE,8.86,0.050,0.3,0.0000,0.0000,-0.0443
scene1,10.0,13,3.111481717712503,FALSE,-0.05,0.011,1.1,0.0000,0.0000,0.0002
scene1,10.0,14,-0.39445250922953007,FALSE,3.72,0.039,3.5,0.0000,0.0000,-0.0186
scene1,10.0,15,-4.751865829379654,FALSE,5.15,0.283,4.7,0.0000,0.0000,-0.0257
scene1,10.0,16,-10.320965253717358,FALSE,5.77,0.124,2.3,0.0000,0.0000,-0.0288
scene1,10.0,17,-7.042077652912982,FALSE,1.16,0.012,0.7,0.0000,0.0000,-0.0058
scene1,10.0,18,-4.658962577207199,FALSE,3.26,0.164,15.2,0.0000,0.0000,-0.0163
scene1,10.0,19,5.144828646541189,FALSE,0.82,0.019,4.2,0.0000,0.0000,-0.0041
scene1,30.0,0,-0.12120043566864365,FALSE,-0.14,0.026,0.0,0.0000,0.0000,0.0007
scene1,30.0,1,-7.679773269787918,FALSE,0.02,0.019,0.4,0.0000,0.0000,-0.0001
scene1,30.0,2,-1.5118549636825696,FALSE,-0.02,0.002,0.1,0.0000,0.0000,0.0001
scene1,30.0,3,-2.1267674713117657,FALSE,-0.01,0.003,0.3,0.0000,0.0000,0.0001
scene1,30.0,4,-1.2640539891710239,FALSE,-0.05,0.036,2.8,0.0000,0.0000,0.0002
scene1,30.0,5,3.8594481170599932,TRUE,,,,,,
scene1,30.0,6,-4.534689758429595,FALSE,-0.39,0.109,0.3,0.0000,0.0000,0.0020
scene1,30.0,7,-2.9372924390082407,FALSE,0.30,0.030,4.7,0.0000,0.0000,-0.0015
scene1,30.0,8,1.473731796034437,FALSE,-0.28,0.017,5.1,0.0000,0.0000,0.0014
scene1,30.0,9,-10.100099907874979,FALSE,-0.03,0.033,0.0,0.0000,0.0000,0.0002
scene1,30.0,10,-2.1153435160038163,FALSE,-0.09,0.003,0.3,0.0000,0.0000,0.0004
scene1,30.0,11,5.673989229249197,TRUE,,,,,,
scene1,30.0,12,9.990032451380324,FALSE,-0.29,0.001,0.1,0.0000,0.0000,0.0014
scene1,30.0,13,-8.168103737780799,FALSE,0.08,0.001,0.1,0.0000,0.0000,-0.0004
scene1,30.0,14,1.64532615109309,FALSE,-0.27,0.002,0.1,0.0000,0.0000,0.0013
scene1,30.0,15,2.8636985795416727,FALSE,0.10,0.073,0.4,0.0000,0.0000,-0.0005
scene1,30.0,16,4.743616593769335,FALSE,-0.11,0.004,0.4,0.0000,0.0000,0.0006
scene1,30.0,17,10.290127828625835,FALSE,-0.01,0.006,0.5,0.0000,0.0000,0.0000
scene1,30.0,18,-4.250723750494118,FALSE,-0.03,0.002,0.0,0.0000,0.0000,0.0002
scene1,30.0,19,-7.40272678079734,FALSE,0.32,0.045,1.5,0.0000,0.0000,-0.0016
scene1,50.0,0,2.7804691065193357,TRUE,,,,,,
scene1,50.0,1,7.827337458089018,FALSE,0.00,0.013,0.1,0.0000,0.0000,-0.0000
scene1,50.0,2,10.515408893568653,FALSE,-0.27,0.046,1.9,0.0000,0.0000,0.0013
scene1,50.0,3,0.5321727907838543,FALSE,-0.27,0.001,0.1,0.0000,0.0000,0.0013
scene1,50.0,4,-9.069221425564516,FALSE,-0.41,0.008,0.6,0.0000,0.0000,0.0020
scene1,50.0,5,10.221329833723601,FALSE,-0.18,0.001,0.5,0.0000,0.0000,0.0009
scene1,50.0,6,7.1193007252096026,FALSE,0.11,0.007,0.2,0.0000,0.0000,-0.0006
scene1,50.0,7,1.3514501261525733,FALSE,-1.06,0.076,0.2,0.0000,0.0000,0.0053
scene1,50.0,8,-10.528574756931317,FALSE,0.04,0.028,0.2,0.0000,0.0000,-0.0002
scene1,50.0,9,5.848917653102071,FALSE,-0.13,0.059,0.6,0.0000,0.0000,0.0006
scene1,50.0,10,-6.7882386144351,FALSE,-0.18,0.000,0.4,0.0000,0.0000,0.0009
scene1,50.0,11,4.920930451850939,FALSE,-0.09,0.001,0.0,0.0000,0.0000,0.0004
scene1,50.0,12,2.970952576384545,FALSE,-0.10,0.002,0.5,0.0000,0.0000,0.0005
scene1,50.0,13,8.126784913936559,FALSE,0.08,0.002,0.3,0.0000,0.0000,-0.0004
scene1,50.0,14,-2.010445452565528,FALSE,-0.09,0.003,0.1,0.0000,0.0000,0.0005
scene1,50.0,15,-0.26112570829151494,FALSE,0.10,0.002,0.0,0.0000,0.0000,-0.0005
scene1,50.0,16,2.4509824171046173,FALSE,-0.23,0.052,0.9,0.0000,0.0000,0.0011
scene1,50.0,17,8.801409522497975,FALSE,0.03,0.001,0.4,0.0000,0.0000,-0.0001
scene1,50.0,18,7.883586854081911,FALSE,-0.09,0.016,2.6,0.0000,0.0000,0.0005
scene1,50.0,19,-7.277041314980351,FALSE,0.14,0.034,0.5,0.0000,0.0000,-0.0007
scene2,10.0,0,4.900663387426188,FALSE,-0.30,0.045,2.2,0.0000,0.0000,0.0015
scene2,10.0,1,-5.615446850970839,FALSE,0.10,0.062,0.3,0.0000,0.0000,-0.0005
scene2,10.0,2,8.12279141571046,FALSE,3.24,0.061,11.9,0.0000,0.0000,-0.0162
scene2,10.0,3,9.299121357387852,FALSE,1.56,0.016,9.4,0.0000,0.0000,-0.0078
scene2,10.0,4,-10.341948381751232,FALSE,0.35,0.029,1.1,0.0000,0.0000,-0.0017
scene2,10.0,5,-9.793735623519638,FALSE,-0.48,0.002,0.2,0.0000,0.0000,0.0024
scene2,10.0,6,-1.9070726552272173,FALSE,-0.04,0.041,0.1,0.0000,0.0000,0.0002
scene2,10.0,7,9.962383069250524,FALSE,-0.23,0.009,0.2,0.0000,0.0000,0.0012
scene2,10.0,8,-2.759358359004033,FALSE,-0.57,0.048,3.2,0.0000,0.0000,0.0028
scene2,10.0,9,-1.839847372401055,FALSE,-0.14,0.002,0.1,0.0000,0.0000,0.0007
scene2,10.0,10,3.3092473285595108,FALSE,-0.10,0.016,0.2,0.0000,0.0000,0.0005
scene2,10.0,11,-2.132586193512793,FALSE,-0.20,0.002,0.0,0.0000,0.0000,0.0010
scene2,10.0,12,-8.53881133890992,FALSE,0.39,0.068,2.0,0.0000,0.0000,-0.0019
scene2,10.0,13,-9.527539790161308,FALSE,0.34,0.067,0.0,0.0000,0.0000,-0.0017
scene2,10.0,14,-7.997527030766463,FALSE,2.75,0.023,1.8,0.0000,0.0000,-0.0137
scene2,10.0,15,0.43036884155951,FALSE,-0.01,0.001,0.1,0.0000,0.0000,0.0000
scene2,10.0,16,-3.1369079058062543,FALSE,-0.16,0.000,0.1,0.0000,0.0000,0.0008
scene2,10.0,17,9.442545398086175,FALSE,2.82,0.091,21.8,0.0000,0.0000,-0.0141
scene2,10.0,18,-10.399865574775403,FALSE,-0.33,0.002,0.2,0.0000,0.0000,0.0017
scene2,10.0,19,-9.056430722761714,FALSE,0.00,0.019,0.5,0.0000,0.0000,-0.0000
scene2,30.0,0,-1.2621757127247395,FALSE,-0.15,0.033,0.3,0.0000,0.0000,0.0008
scene2,30.0,1,8.90681591190776,FALSE,-0.24,0.131,1.3,0.0000,0.0000,0.0012
scene2,30.0,2,-3.931416972163044,FALSE,-0.10,0.028,2.3,0.0000,0.0000,0.0005
scene2,30.0,3,3.874387387819844,FALSE,-0.11,0.006,0.1,0.0000,0.0000,0.0006
scene2,30.0,4,-6.105198884067705,FALSE,0.01,0.013,2.0,0.0000,0.0000,-0.0001
scene2,30.0,5,2.345603593205691,FALSE,-0.20,0.002,0.1,0.0000,0.0000,0.0010
scene2,30.0,6,0.35304796878380884,FALSE,0.17,0.030,1.5,0.0000,0.0000,-0.0009
scene2,30.0,7,6.391202349757787,FALSE,-0.09,0.002,0.6,0.0000,0.0000,0.0005
scene2,30.0,8,-6.810941159659761,FALSE,-0.23,0.001,0.1,0.0000,0.0000,0.0012
scene2,30.0,9,-8.318176517366087,FALSE,0.08,0.020,7.7,0.0000,0.0000,-0.0004
scene2,30.0,10,4.640223806342169,FALSE,-0.44,0.003,0.0,0.0000,0.0000,0.0022
scene2,30.0,11,-8.267261203989486,FALSE,-0.21,0.048,2.7,0.0000,0.0000,0.0010
scene2,30.0,12,6.244010120522968,FALSE,-0.17,0.013,0.7,0.0000,0.0000,0.0008
scene2,30.0,13,-0.32211782209966117,FALSE,0.16,0.066,0.9,0.0000,0.0000,-0.0008
scene2,30.0,14,10.058000848423276,FALSE,-0.19,0.000,0.0,0.0000,0.0000,0.0010
scene2,30.0,15,-5.471984411278021,FALSE,-0.08,0.060,0.0,0.0000,0.0000,0.0004
scene2,30.0,16,-10.118404061464163,FALSE,-0.01,0.079,1.6,0.0000,0.0000,0.0001
scene2,30.0,17,5.581427733653891,FALSE,-0.04,0.032,0.6,0.0000,0.0000,0.0002
scene2,30.0,18,-3.468212835980188,FALSE,-0.21,0.065,6.1,0.0000,0.0000,0.0010
scene2,30.0,19,-0.8169731710414487,FALSE,-0.06,0.000,0.0,0.0000,0.0000,0.0003
scene2,50.0,0,-7.130485432405649,FALSE,0.02,0.008,0.0,0.0000,0.0000,-0.0001
scene2,50.0,1,4.426746318060174,FALSE,-0.06,0.093,4.0,0.0000,0.0000,0.0003
scene2,50.0,2,-6.493100377820527,FALSE,-0.23,0.084,1.4,0.0000,0.0000,0.0011
scene2,50.0,3,5.375181104670015,FALSE,-0.79,0.005,1.9,0.0000,0.0000,0.0039
scene2,50.0,4,-9.704218773293675,FALSE,-0.24,0.001,0.2,0.0000,0.0000,0.0012
scene2,50.0,5,-7.129851742056815,FALSE,-0.06,0.003,0.0,0.0000,0.0000,0.0003
scene2,50.0,6,0.6167241998598811,FALSE,-0.01,0.001,0.1,0.0000,0.0000,0.0000
scene2,50.0,7,-7.031863311718734,FALSE,0.02,0.010,0.0,0.0000,0.0000,-0.0001
scene2,50.0,8,7.047003803279797,FALSE,-0.07,0.005,0.9,0.0000,0.0000,0.0003
scene2,50.0,9,5.924353981362363,FALSE,-0.12,0.000,0.2,0.0000,0.0000,0.0006
scene2,50.0,10,2.783619311141669,FALSE,-0.66,0.045,5.2,0.0000,0.0000,0.0033
scene2,50.0,11,5.0847768037643455,FALSE,-0.82,0.030,1.4,0.0000,0.0000,0.0041
scene2,50.0,12,3.478832745335867,FALSE,-0.43,0.028,0.7,0.0000,0.0000,0.0022
scene2,50.0,13,1.802965265320226,FALSE,-0.60,0.077,3.0,0.0000,0.0000,0.0030
scene2,50.0,14,2.9675131166825954,FALSE,-0.80,0.045,2.3,0.0000,0.0000,0.0040
scene2,50.0,15,-8.62642962375691,FALSE,-0.05,0.034,0.1,0.0000,0.0000,0.0002
scene2,50.0,16,-1.061617632682782,FALSE,-0.07,0.005,0.2,0.0000,0.0000,0.0003
scene2,50.0,17,9.706730947825235,FALSE,-0.98,0.005,0.1,0.0000,0.0000,0.0049
scene2,50.0,18,-3.924370576246122,FALSE,-0.10,0.170,3.7,0.0000,0.0000,0.0005
scene2,50.0,19,-1.9911933957719852,FALSE,-0.36,0.025,3.0,0.0000,0.0000,0.0018
scene4,10.0,0,3.0438104246400983,FALSE,1.73,0.014,2.8,0.0000,0.0000,-0.0086
scene4,10.0,1,9.565043367816738,FALSE,-0.03,0.000,0.0,0.0000,0.0000,0.0002
scene4,10.0,2,-9.855761486977475,FALSE,5.98,0.025,4.3,0.0000,0.0000,-0.0299
scene4,10.0,3,-5.213547856147008,FALSE,-0.00,0.002,0.3,0.0000,0.0000,0.0000
scene4,10.0,4,4.870153262853123,FALSE,1.11,0.023,0.8,0.0000,0.0000,-0.0055
scene4,10.0,5,-0.7039529868720779,FALSE,-0.15,0.062,0.2,0.0000,0.0000,0.0007
scene4,10.0,6,-10.985254856601877,FALSE,1.22,0.033,1.4,0.0000,0.0000,-0.0061
scene4,10.0,7,-4.590846921869062,FALSE,0.02,0.000,0.0,0.0000,0.0000,-0.0001
scene4,10.0,8,-0.49334358912721255,FALSE,2.57,0.026,1.9,0.0000,0.0000,-0.0129
scene4,10.0,9,-6.252802723281179,FALSE,3.19,0.209,14.5,0.0000,0.0000,-0.0160
scene4,10.0,10,-5.614545853720571,FALSE,-0.07,0.001,0.1,0.0000,0.0000,0.0003
scene4,10.0,11,9.28362371300007,FALSE,-0.06,0.000,0.1,0.0000,0.0000,0.0003
scene4,10.0,12,7.65656672027204,FALSE,-0.01,0.002,0.4,0.0000,0.0000,0.0000
scene4,10.0,13,5.101609642634324,FALSE,2.21,0.015,1.1,0.0000,0.0000,-0.0111
scene4,10.0,14,-10.591270409204421,FALSE,-0.01,0.000,0.0,0.0000,0.0000,0.0001
scene4,10.0,15,-5.333592699251928,FALSE,0.02,0.001,0.1,0.0000,0.0000,-0.0001
scene4,10.0,16,-10.2731397888555,FALSE,0.63,0.014,3.3,0.0000,0.0000,-0.0032
scene4,10.0,17,-2.8906026822499586,FALSE,0.73,0.037,2.5,0.0000,0.0000,-0.0037
scene4,10.0,18,-1.7221941054277237,FALSE,0.22,0.034,0.3,0.0000,0.0000,-0.0011
scene4,10.0,19,-8.317724337139962,FALSE,0.87,0.009,5.5,0.0000,0.0000,-0.0044
scene4,30.0,0,-8.421737582470467,FALSE,0.07,0.002,0.1,0.0000,0.0000,-0.0003
scene4,30.0,1,-1.3907035605860048,FALSE,0.04,0.000,0.1,0.0000,0.0000,-0.0002
scene4,30.0,2,3.366592045709953,FALSE,2.24,0.102,5.6,0.0000,0.0000,-0.0112
scene4,30.0,3,1.1538669156419719,FALSE,-0.14,0.007,0.7,0.0000,0.0000,0.0007
scene4,30.0,4,-6.709326538133178,FALSE,0.01,0.002,0.1,0.0000,0.0000,-0.0001
scene4,30.0,5,-1.6982289587122117,FALSE,0.24,0.033,2.0,0.0000,0.0000,-0.0012
scene4,30.0,6,-5.815920427742899,FALSE,0.59,0.053,4.5,0.0000,0.0000,-0.0030
scene4,30.0,7,8.632377472277117,FALSE,2.48,0.049,10.7,0.0000,0.0000,-0.0124
scene4,30.0,8,6.17267077275346,FALSE,0.67,0.039,3.2,0.0000,0.0000,-0.0034
scene4,30.0,9,-7.899092743446771,FALSE,0.08,0.002,0.0,0.0000,0.0000,-0.0004
scene4,30.0,10,-7.909969801641478,FALSE,0.47,0.032,5.0,0.0000,0.0000,-0.0024
scene4,30.0,11,-9.627664496455235,FALSE,1.92,0.142,2.3,0.0000,0.0000,-0.0096
scene4,30.0,12,2.660127751293496,FALSE,0.01,0.034,1.5,0.0000,0.0000,-0.0001
scene4,30.0,13,11.192188668002016,FALSE,1.91,0.129,2.1,0.0000,0.0000,-0.0095
scene4,30.0,14,-4.734800430960773,FALSE,1.05,0.087,4.9,0.0000,0.0000,-0.0053
scene4,30.0,15,-3.000504172556999,FALSE,-0.06,0.001,0.1,0.0000,0.0000,0.0003
scene4,30.0,16,-4.2652453015333816,FALSE,-0.15,0.001,0.1,0.0000,0.0000,0.0007
scene4,30.0,17,5.318371210608137,FALSE,-0.02,0.001,0.0,0.0000,0.0000,0.0001
scene4,30.0,18,-0.40719864343334405,FALSE,2.99,0.045,7.1,0.0000,0.0000,-0.0149
scene4,30.0,19,1.4256829066046361,FALSE,-0.05,0.001,0.3,0.0000,0.0000,0.0003
scene4,50.0,0,8.51287002884967,FALSE,1.91,0.200,1.3,0.0000,0.0000,-0.0096
scene4,50.0,1,-6.117478077665798,FALSE,-0.05,0.019,0.9,0.0000,0.0000,0.0002
scene4,50.0,2,-5.663710314470297,FALSE,0.27,0.000,4.5,0.0000,0.0000,-0.0013
scene4,50.0,3,-2.6169490167678564,FALSE,0.11,0.061,2.6,0.0000,0.0000,-0.0005
scene4,50.0,4,-9.940915836272172,FALSE,0.23,0.031,2.6,0.0000,0.0000,-0.0012
scene4,50.0,5,8.601777893332034,FALSE,1.66,0.186,3.5,0.0000,0.0000,-0.0083
scene4,50.0,6,10.199385322982971,FALSE,1.34,0.013,2.3,0.0000,0.0000,-0.0067
scene4,50.0,7,-4.523435133326715,FALSE,0.21,0.070,4.8,0.0000,0.0000,-0.0011
scene4,50.0,8,5.575600108778455,FALSE,1.46,0.040,3.9,0.0000,0.0000,-0.0073
scene4,50.0,9,-1.8865249639391704,FALSE,0.32,0.079,2.3,0.0000,0.0000,-0.0016
scene4,50.0,10,-1.5953548398731747,FALSE,0.16,0.055,5.5,0.0000,0.0000,-0.0008
scene4,50.0,11,-8.037586699820128,FALSE,1.86,0.060,11.4,0.0000,0.0000,-0.0093
scene4,50.0,12,4.286115547677766,FALSE,0.13,0.020,2.9,0.0000,0.0000,-0.0007
scene4,50.0,13,-7.630605749781513,FALSE,0.18,0.067,5.8,0.0000,0.0000,-0.0009
scene4,50.0,14,-1.0943226117484401,FALSE,0.01,0.044,3.3,0.0000,0.0000,-0.0000
scene4,50.0,15,3.8112530234100332,FALSE,0.20,0.205,8.3,0.0000,0.0000,-0.0010
scene4,50.0,16,6.458871319608199,FALSE,1.52,0.176,4.5,0.0000,0.0000,-0.0076
scene4,50.0,17,3.939518725474499,FALSE,-0.05,0.032,1.5,0.0000,0.0000,0.0002
scene4,50.0,18,7.359101521805349,FALSE,1.55,0.335,2.5,0.0000,0.0000,-0.0077
scene4,50.0,19,5.894034152638769,FALSE,-0.13,0.001,0.2,0.0000,0.0000,0.0007
scene_wheel,10.0,0,3.770002553242835,FALSE,9.82,0.027,32.4,0.0000,0.0000,-0.0491
scene_wheel,10.0,1,0.9730704389867197,FALSE,10.76,0.153,16.9,0.0000,0.0000,-0.0538
scene_wheel,10.0,2,0.41504541149681856,FALSE,10.70,0.237,14.1,0.0000,0.0000,-0.0535
scene_wheel,10.0,3,-5.470351237766176,FALSE,8.24,0.067,25.0,0.0000,0.0000,-0.0412
scene_wheel,10.0,4,8.760999046046189,FALSE,8.76,0.347,13.2,0.0000,0.0000,-0.0438
scene_wheel,10.0,5,0.7564787264893944,FALSE,10.94,0.153,11.7,0.0000,0.0000,-0.0547
scene_wheel,10.0,6,6.147071135917549,FALSE,7.00,0.036,2.0,0.0000,0.0000,-0.0350
scene_wheel,10.0,7,-6.461589185787197,FALSE,16.38,0.132,7.5,0.0000,0.0000,-0.0819
scene_wheel,10.0,8,-2.215316015709696,FALSE,9.65,0.593,31.0,0.0000,0.0000,-0.0483
scene_wheel,10.0,9,6.540718852083838,FALSE,6.79,0.179,0.6,0.0000,0.0000,-0.0339
scene_wheel,10.0,10,4.882121988217438,FALSE,9.17,0.035,11.8,0.0000,0.0000,-0.0458
scene_wheel,10.0,11,3.2925722456988056,FALSE,9.43,0.211,14.4,0.0000,0.0000,-0.0472
scene_wheel,10.0,12,-8.773149887958256,FALSE,5.08,0.120,1.4,0.0000,0.0000,-0.0254
scene_wheel,10.0,13,-8.007907963374247,FALSE,9.27,0.177,25.0,0.0000,0.0000,-0.0464
scene_wheel,10.0,14,9.275603510474923,FALSE,6.91,0.422,2.1,0.0000,0.0000,-0.0345
scene_wheel,10.0,15,10.70943186638397,FALSE,10.43,0.429,9.7,0.0000,0.0000,-0.0522
scene_wheel,10.0,16,5.932869177597035,FALSE,7.09,0.057,1.4,0.0000,0.0000,-0.0355
scene_wheel,10.0,17,3.4220120238399145,FALSE,9.34,0.205,13.2,0.0000,0.0000,-0.0467
scene_wheel,10.0,18,-0.969323796096655,FALSE,0.12,0.098,7.7,0.0000,0.0000,-0.0006
scene_wheel,10.0,19,-0.06089661767172405,FALSE,-0.03,0.002,0.3,0.0000,0.0000,0.0002
scene_wheel,30.0,0,4.709892854278603,FALSE,2.51,0.010,0.2,0.0000,0.0000,-0.0126
scene_wheel,30.0,1,9.890995761369055,FALSE,10.30,0.490,7.9,0.0000,0.0000,-0.0515
scene_wheel,30.0,2,3.030853845210067,FALSE,11.80,0.193,36.1,0.0000,0.0000,-0.0590
scene_wheel,30.0,3,-4.634399964819504,FALSE,9.21,0.067,24.8,0.0000,0.0000,-0.0460
scene_wheel,30.0,4,7.345352283351935,FALSE,10.30,0.233,5.8,0.0000,0.0000,-0.0515
scene_wheel,30.0,5,9.748830145037603,FALSE,7.14,0.423,13.3,0.0000,0.0000,-0.0357
scene_wheel,30.0,6,-1.1773576564518324,FALSE,9.45,0.214,23.4,0.0000,0.0000,-0.0472
scene_wheel,30.0,7,-1.7495459955731238,FALSE,2.97,0.113,39.2,0.0000,0.0000,-0.0149
scene_wheel,30.0,8,-9.942867795674475,FALSE,5.31,0.069,8.0,0.0000,0.0000,-0.0265
scene_wheel,30.0,9,-8.199592299012352,FALSE,8.35,0.131,2.2,0.0000,0.0000,-0.0418
scene_wheel,30.0,10,-2.1835078857593384,FALSE,14.03,0.221,3.3,0.0000,0.0000,-0.0702
scene_wheel,30.0,11,-8.768323375423096,FALSE,5.10,0.010,6.1,0.0000,0.0000,-0.0255
scene_wheel,30.0,12,8.818961580551909,FALSE,24.09,0.346,2.4,0.0000,0.0000,-0.1205
scene_wheel,30.0,13,4.7516781378384305,FALSE,7.13,0.052,3.8,0.0000,0.0000,-0.0357
scene_wheel,30.0,14,-9.33791199092726,FALSE,9.43,0.321,28.9,0.0000,0.0000,-0.0471
scene_wheel,30.0,15,8.903126193815172,FALSE,10.04,0.329,8.6,0.0000,0.0000,-0.0502
scene_wheel,30.0,16,0.9454344639566441,FALSE,10.59,0.195,12.0,0.0000,0.0000,-0.0530
scene_wheel,30.0,17,-2.1220535336235087,FALSE,9.19,0.183,24.0,0.0000,0.0000,-0.0459
scene_wheel,30.0,18,10.208183665121954,FALSE,14.15,0.367,9.8,0.0000,0.0000,-0.0708
scene_wheel,30.0,19,1.0069120858781002,FALSE,9.50,0.069,24.8,0.0000,0.0000,-0.0475
scene_wheel,50.0,0,-3.2401957082633834,FALSE,0.01,0.003,0.3,0.0000,0.0000,-0.0000
scene_wheel,50.0,1,3.5148038088980686,FALSE,9.98,0.021,38.3,0.0000,0.0000,-0.0499
scene_wheel,50.0,2,-8.366263138559187,FALSE,9.78,0.377,38.4,0.0000,0.0000,-0.0489
scene_wheel,50.0,3,-4.3312183461274065,FALSE,2.98,0.245,38.9,0.0000,0.0000,-0.0149
scene_wheel,50.0,4,-4.805432335988545,FALSE,3.00,0.195,40.0,0.0000,0.0000,-0.0150
scene_wheel,50.0,5,-4.3284874816647605,FALSE,3.00,0.121,38.8,0.0000,0.0000,-0.0150
scene_wheel,50.0,6,-3.5434396333754283,FALSE,9.21,0.045,25.2,0.0000,0.0000,-0.0460
scene_wheel,50.0,7,-2.250454262657185,FALSE,9.14,0.179,22.8,0.0000,0.0000,-0.0457
scene_wheel,50.0,8,2.088632630796953,FALSE,10.88,0.047,19.8,0.0000,0.0000,-0.0544
scene_wheel,50.0,9,-5.552979699266121,FALSE,5.36,0.076,7.9,0.0000,0.0000,-0.0268
scene_wheel,50.0,10,11.156149909879026,FALSE,10.24,0.348,7.8,0.0000,0.0000,-0.0512
scene_wheel,50.0,11,-3.094628262575576,FALSE,7.94,0.061,5.4,0.0000,0.0000,-0.0397
scene_wheel,50.0,12,-10.477387124482526,FALSE,5.27,0.131,8.3,0.0000,0.0000,-0.0263
scene_wheel,50.0,13,-11.09022181542544,FALSE,5.27,0.067,6.1,0.0000,0.0000,-0.0263
scene_wheel,50.0,14,-6.072895933711872,FALSE,10.85,0.839,16.9,0.0000,0.0000,-0.0542
scene_wheel,50.0,15,4.770896759671503,FALSE,11.71,0.025,33.3,0.0000,0.0000,-0.0586
scene_wheel,50.0,16,9.672617727044038,FALSE,18.78,0.418,4.4,0.0000,0.0000,-0.0939
scene_wheel,50.0,17,-5.4238953827639955,FALSE,5.36,0.075,8.5,0.0000,0.0000,-0.0268
scene_wheel,50.0,18,8.232623546675248,FALSE,26.21,0.275,12.5,0.0000,0.0000,-0.1310
scene_wheel,50.0,19,-1.3841631437609292,FALSE,10.69,0.404,16.5,0.0000,0.0000,-0.0535
